GEOID,NAME,total,hisp,white,black,amind_aknat,asian,nathw_pacis,other_race,multi_race,pop_over18,pop_under18,total_housing,occupied_housing,jobs_rac,jobs_rac_low,jobs_rac_mid,jobs_rac_hi,jobs_wac,jobs_wac_low,jobs_wac_mid,jobs_wac_hi
511319302004044,"Block 4044, Block Group 4, Census Tract 9302, Northampton County, Virginia",0,0,0,0,0,0,0,0,0,0,0,0,0,0,0,0,0,0,0,0,0
511319302004045,"Block 4045, Block Group 4, Census Tract 9302, Northampton County, Virginia",0,0,0,0,0,0,0,0,0,0,0,0,0,0,0,0,0,0,0,0,0
511319302004046,"Block 4046, Block Group 4, Census Tract 9302, Northampton County, Virginia",2,1,0,0,0,0,0,0,1,1,1,1,0,0,0,0,0,0,0,0,0
511319302004048,"Block 4048, Block Group 4, Census Tract 9302, Northampton County, Virginia",0,0,0,0,0,0,0,0,0,0,0,0,0,0,0,0,0,0,0,0,0
511319302004049,"Block 4049, Block Group 4, Census Tract 9302, Northampton County, Virginia",0,0,0,0,0,0,0,0,0,0,0,0,0,0,0,0,0,0,0,0,0
511319302004050,"Block 4050, Block Group 4, Census Tract 9302, Northampton County, Virginia",0,0,0,0,0,0,0,0,0,0,0,0,0,0,0,0,0,0,0,0,0
511319302004052,"Block 4052, Block Group 4, Census Tract 9302, Northampton County, Virginia",0,0,0,0,0,0,0,0,0,0,0,0,0,0,0,0,0,0,0,0,0
511319302004053,"Block 4053, Block Group 4, Census Tract 9302, Northampton County, Virginia",12,3,8,0,0,0,0,0,1,12,0,7,7,4,0,3,1,0,0,0,0
511319302004055,"Block 4055, Block Group 4, Census Tract 9302, Northampton County, Virginia",0,0,0,0,0,0,0,0,0,0,0,0,0,0,0,0,0,0,0,0,0
511319302004056,"Block 4056, Block Group 4, Census Tract 9302, Northampton County, Virginia",0,0,0,0,0,0,0,0,0,0,0,0,0,0,0,0,0,0,0,0,0
511319302004058,"Block 4058, Block Group 4, Census Tract 9302, Northampton County, Virginia",13,2,5,2,2,2,0,0,0,12,1,2,2,6,1,3,2,0,0,0,0
511319302004059,"Block 4059, Block Group 4, Census Tract 9302, Northampton County, Virginia",7,0,6,0,0,0,0,0,1,1,6,5,5,5,2,2,1,1,0,0,1
511319302004060,"Block 4060, Block Group 4, Census Tract 9302, Northampton County, Virginia",0,0,0,0,0,0,0,0,0,0,0,0,0,0,0,0,0,0,0,0,0
511319302004062,"Block 4062, Block Group 4, Census Tract 9302, Northampton County, Virginia",0,0,0,0,0,0,0,0,0,0,0,0,0,0,0,0,0,0,0,0,0
511319302004063,"Block 4063, Block Group 4, Census Tract 9302, Northampton County, Virginia",0,0,0,0,0,0,0,0,0,0,0,0,0,0,0,0,0,0,0,0,0
511319302004065,"Block 4065, Block Group 4, Census Tract 9302, Northampton County, Virginia",0,0,0,0,0,0,0,0,0,0,0,0,0,0,0,0,0,0,0,0,0
511319302004066,"Block 4066, Block Group 4, Census Tract 9302, Northampton County, Virginia",18,2,15,1,0,0,0,0,0,15,3,6,2,5,1,1,3,0,0,0,0
511319302004068,"Block 4068, Block Group 4, Census Tract 9302, Northampton County, Virginia",0,0,0,0,0,0,0,0,0,0,0,0,0,0,0,0,0,0,0,0,0
511319302004069,"Block 4069, Block Group 4, Census Tract 9302, Northampton County, Virginia",6,3,0,3,0,0,0,0,0,6,0,4,4,3,0,0,3,0,0,0,0
511319302004070,"Block 4070, Block Group 4, Census Tract 9302, Northampton County, Virginia",20,1,0,19,0,0,0,0,0,18,2,13,13,11,2,7,2,0,0,0,0
511319302004072,"Block 4072, Block Group 4, Census Tract 9302, Northampton County, Virginia",11,0,1,10,0,0,0,0,0,7,4,6,0,2,1,0,1,1,0,0,1
511319302004075,"Block 4075, Block Group 4, Census Tract 9302, Northampton County, Virginia",11,2,4,2,1,1,0,0,1,8,3,5,5,2,0,1,1,0,0,0,0
511319302004076,"Block 4076, Block Group 4, Census Tract 9302, Northampton County, Virginia",0,0,0,0,0,0,0,0,0,0,0,0,0,0,0,0,0,0,0,0,0
511319302004078,"Block 4078, Block Group 4, Census Tract 9302, Northampton County, Virginia",6,0,6,0,0,0,0,0,0,1,5,2,2,2,0,1,1,0,0,0,0
511319302004080,"Block 4080, Block Group 4, Census Tract 9302, Northampton County, Virginia",0,0,0,0,0,0,0,0,0,0,0,0,0,0,0,0,0,0,0,0,0
511319302004081,"Block 4081, Block Group 4, Census Tract 9302, Northampton County, Virginia",0,0,0,0,0,0,0,0,0,0,0,0,0,0,0,0,0,0,0,0,0
511319302004082,"Block 4082, Block Group 4, Census Tract 9302, Northampton County, Virginia",6,0,4,2,0,0,0,0,0,4,2,3,3,2,0,0,2,0,0,0,0
511319302004084,"Block 4084, Block Group 4, Census Tract 9302, Northampton County, Virginia",0,0,0,0,0,0,0,0,0,0,0,0,0,0,0,0,0,0,0,0,0
511319302004085,"Block 4085, Block Group 4, Census Tract 9302, Northampton County, Virginia",0,0,0,0,0,0,0,0,0,0,0,0,0,0,0,0,0,0,0,0,0
511319302004087,"Block 4087, Block Group 4, Census Tract 9302, Northampton County, Virginia",0,0,0,0,0,0,0,0,0,0,0,0,0,0,0,0,0,0,0,0,0
511319302004088,"Block 4088, Block Group 4, Census Tract 9302, Northampton County, Virginia",0,0,0,0,0,0,0,0,0,0,0,0,0,0,0,0,0,0,0,0,0
511319302004090,"Block 4090, Block Group 4, Census Tract 9302, Northampton County, Virginia",22,0,18,4,0,0,0,0,0,22,0,13,13,5,2,1,2,33,6,8,19
511319302004091,"Block 4091, Block Group 4, Census Tract 9302, Northampton County, Virginia",3,0,3,0,0,0,0,0,0,2,1,0,0,2,1,1,0,24,0,1,23
511319302004092,"Block 4092, Block Group 4, Census Tract 9302, Northampton County, Virginia",0,0,0,0,0,0,0,0,0,0,0,0,0,0,0,0,0,0,0,0,0
511319302004094,"Block 4094, Block Group 4, Census Tract 9302, Northampton County, Virginia",0,0,0,0,0,0,0,0,0,0,0,0,0,0,0,0,0,0,0,0,0
511319302004095,"Block 4095, Block Group 4, Census Tract 9302, Northampton County, Virginia",0,0,0,0,0,0,0,0,0,0,0,0,0,0,0,0,0,0,0,0,0
511319302004097,"Block 4097, Block Group 4, Census Tract 9302, Northampton County, Virginia",0,0,0,0,0,0,0,0,0,0,0,0,0,0,0,0,0,0,0,0,0
511319302004098,"Block 4098, Block Group 4, Census Tract 9302, Northampton County, Virginia",16,2,6,8,0,0,0,0,0,16,0,5,5,7,1,5,1,0,0,0,0
511319302004099,"Block 4099, Block Group 4, Census Tract 9302, Northampton County, Virginia",21,1,17,0,0,0,0,3,0,14,7,12,6,10,1,4,5,0,0,0,0
511319302004100,"Block 4100, Block Group 4, Census Tract 9302, Northampton County, Virginia",17,5,6,5,0,0,0,0,1,8,9,11,11,6,1,4,1,0,0,0,0
511319302004101,"Block 4101, Block Group 4, Census Tract 9302, Northampton County, Virginia",10,0,1,9,0,0,0,0,0,9,1,10,4,2,0,1,1,0,0,0,0
511319302004102,"Block 4102, Block Group 4, Census Tract 9302, Northampton County, Virginia",0,0,0,0,0,0,0,0,0,0,0,0,0,0,0,0,0,0,0,0,0
511319302004103,"Block 4103, Block Group 4, Census Tract 9302, Northampton County, Virginia",11,1,9,0,0,0,0,0,1,9,2,6,6,3,2,1,0,0,0,0,0
511319302004104,"Block 4104, Block Group 4, Census Tract 9302, Northampton County, Virginia",11,0,4,7,0,0,0,0,0,10,1,5,0,3,0,2,1,0,0,0,0
511319303011000,"Block 1000, Block Group 1, Census Tract 9303.01, Northampton County, Virginia",31,5,24,2,0,0,0,0,0,29,2,16,14,20,2,3,15,0,0,0,0
511319303011001,"Block 1001, Block Group 1, Census Tract 9303.01, Northampton County, Virginia",32,2,3,27,0,0,0,0,0,23,9,17,17,15,3,7,5,1,0,1,0
511319303011002,"Block 1002, Block Group 1, Census Tract 9303.01, Northampton County, Virginia",102,3,20,70,0,1,0,0,8,91,11,56,31,51,9,20,22,0,0,0,0
511319303011003,"Block 1003, Block Group 1, Census Tract 9303.01, Northampton County, Virginia",5,1,1,3,0,0,0,0,0,2,3,5,2,0,0,0,0,0,0,0,0
511319303011005,"Block 1005, Block Group 1, Census Tract 9303.01, Northampton County, Virginia",36,10,9,7,0,9,0,0,1,31,5,12,2,19,4,9,6,0,0,0,0
511319303011006,"Block 1006, Block Group 1, Census Tract 9303.01, Northampton County, Virginia",37,0,5,32,0,0,0,0,0,32,5,24,24,19,6,9,4,0,0,0,0
511319303011008,"Block 1008, Block Group 1, Census Tract 9303.01, Northampton County, Virginia",0,0,0,0,0,0,0,0,0,0,0,0,0,0,0,0,0,0,0,0,0
511319303011009,"Block 1009, Block Group 1, Census Tract 9303.01, Northampton County, Virginia",0,0,0,0,0,0,0,0,0,0,0,0,0,0,0,0,0,0,0,0,0
511319303011010,"Block 1010, Block Group 1, Census Tract 9303.01, Northampton County, Virginia",19,2,16,0,0,0,0,0,1,11,8,12,12,5,0,1,4,112,12,61,39
511319303011012,"Block 1012, Block Group 1, Census Tract 9303.01, Northampton County, Virginia",0,0,0,0,0,0,0,0,0,0,0,0,0,0,0,0,0,0,0,0,0
511319303011013,"Block 1013, Block Group 1, Census Tract 9303.01, Northampton County, Virginia",0,0,0,0,0,0,0,0,0,0,0,0,0,0,0,0,0,0,0,0,0
511319303011015,"Block 1015, Block Group 1, Census Tract 9303.01, Northampton County, Virginia",0,0,0,0,0,0,0,0,0,0,0,0,0,0,0,0,0,0,0,0,0
511319303011016,"Block 1016, Block Group 1, Census Tract 9303.01, Northampton County, Virginia",0,0,0,0,0,0,0,0,0,0,0,0,0,0,0,0,0,0,0,0,0
511319303011018,"Block 1018, Block Group 1, Census Tract 9303.01, Northampton County, Virginia",89,4,63,20,0,0,0,0,2,75,14,50,44,45,10,15,20,2,0,2,0
511319303011019,"Block 1019, Block Group 1, Census Tract 9303.01, Northampton County, Virginia",8,3,0,5,0,0,0,0,0,6,2,5,5,4,1,3,0,1,0,0,1
511319303011020,"Block 1020, Block Group 1, Census Tract 9303.01, Northampton County, Virginia",22,2,16,4,0,0,0,0,0,18,4,9,8,9,2,2,5,0,0,0,0
511319303011022,"Block 1022, Block Group 1, Census Tract 9303.01, Northampton County, Virginia",0,0,0,0,0,0,0,0,0,0,0,0,0,0,0,0,0,0,0,0,0
511319303011023,"Block 1023, Block Group 1, Census Tract 9303.01, Northampton County, Virginia",0,0,0,0,0,0,0,0,0,0,0,0,0,0,0,0,0,0,0,0,0
511319303011025,"Block 1025, Block Group 1, Census Tract 9303.01, Northampton County, Virginia",6,0,6,0,0,0,0,0,0,0,6,1,1,3,0,0,3,0,0,0,0
511319303011026,"Block 1026, Block Group 1, Census Tract 9303.01, Northampton County, Virginia",12,5,2,5,0,0,0,0,0,9,3,2,2,8,1,3,4,13,1,7,5
511319303011027,"Block 1027, Block Group 1, Census Tract 9303.01, Northampton County, Virginia",16,1,13,0,0,0,0,0,2,14,2,7,7,6,1,3,2,0,0,0,0
511319303011029,"Block 1029, Block Group 1, Census Tract 9303.01, Northampton County, Virginia",91,2,87,0,0,0,0,1,1,69,22,52,41,39,7,11,21,0,0,0,0
511319303011030,"Block 1030, Block Group 1, Census Tract 9303.01, Northampton County, Virginia",55,2,45,8,0,0,0,0,0,44,11,31,23,22,4,10,8,11,2,6,3
511319303011032,"Block 1032, Block Group 1, Census Tract 9303.01, Northampton County, Virginia",0,0,0,0,0,0,0,0,0,0,0,0,0,0,0,0,0,0,0,0,0
511319303011033,"Block 1033, Block Group 1, Census Tract 9303.01, Northampton County, Virginia",0,0,0,0,0,0,0,0,0,0,0,0,0,0,0,0,0,0,0,0,0
511319303011035,"Block 1035, Block Group 1, Census Tract 9303.01, Northampton County, Virginia",0,0,0,0,0,0,0,0,0,0,0,0,0,0,0,0,0,0,0,0,0
511319303011036,"Block 1036, Block Group 1, Census Tract 9303.01, Northampton County, Virginia",1,0,1,0,0,0,0,0,0,1,0,2,0,0,0,0,0,0,0,0,0
511319303011037,"Block 1037, Block Group 1, Census Tract 9303.01, Northampton County, Virginia",0,0,0,0,0,0,0,0,0,0,0,0,0,0,0,0,0,0,0,0,0
511319303011039,"Block 1039, Block Group 1, Census Tract 9303.01, Northampton County, Virginia",0,0,0,0,0,0,0,0,0,0,0,0,0,0,0,0,0,0,0,0,0
511319303011040,"Block 1040, Block Group 1, Census Tract 9303.01, Northampton County, Virginia",0,0,0,0,0,0,0,0,0,0,0,0,0,0,0,0,0,0,0,0,0
511319303011041,"Block 1041, Block Group 1, Census Tract 9303.01, Northampton County, Virginia",0,0,0,0,0,0,0,0,0,0,0,0,0,0,0,0,0,0,0,0,0
511319303011042,"Block 1042, Block Group 1, Census Tract 9303.01, Northampton County, Virginia",0,0,0,0,0,0,0,0,0,0,0,0,0,0,0,0,0,0,0,0,0
511319303011043,"Block 1043, Block Group 1, Census Tract 9303.01, Northampton County, Virginia",19,0,18,0,0,0,0,0,1,18,1,8,0,12,1,5,6,0,0,0,0
511319303011044,"Block 1044, Block Group 1, Census Tract 9303.01, Northampton County, Virginia",75,1,29,45,0,0,0,0,0,57,18,39,39,30,3,9,18,3,2,1,0
511319303011045,"Block 1045, Block Group 1, Census Tract 9303.01, Northampton County, Virginia",14,6,3,5,0,0,0,0,0,10,4,2,2,7,0,3,4,0,0,0,0
511319303011046,"Block 1046, Block Group 1, Census Tract 9303.01, Northampton County, Virginia",9,1,3,5,0,0,0,0,0,9,0,4,4,6,1,3,2,0,0,0,0
511319303011047,"Block 1047, Block Group 1, Census Tract 9303.01, Northampton County, Virginia",9,1,8,0,0,0,0,0,0,9,0,3,0,1,0,0,1,0,0,0,0
511319303011048,"Block 1048, Block Group 1, Census Tract 9303.01, Northampton County, Virginia",0,0,0,0,0,0,0,0,0,0,0,0,0,0,0,0,0,0,0,0,0
511319303011049,"Block 1049, Block Group 1, Census Tract 9303.01, Northampton County, Virginia",39,0,9,30,0,0,0,0,0,29,10,18,18,19,4,9,6,0,0,0,0
511319303011050,"Block 1050, Block Group 1, Census Tract 9303.01, Northampton County, Virginia",0,0,0,0,0,0,0,0,0,0,0,0,0,0,0,0,0,0,0,0,0
511319303011051,"Block 1051, Block Group 1, Census Tract 9303.01, Northampton County, Virginia",0,0,0,0,0,0,0,0,0,0,0,0,0,0,0,0,0,0,0,0,0
511319303011052,"Block 1052, Block Group 1, Census Tract 9303.01, Northampton County, Virginia",50,4,46,0,0,0,0,0,0,45,5,31,31,20,2,9,9,2,0,1,1
511319303011053,"Block 1053, Block Group 1, Census Tract 9303.01, Northampton County, Virginia",4,0,4,0,0,0,0,0,0,4,0,3,3,0,0,0,0,0,0,0,0
511319303011054,"Block 1054, Block Group 1, Census Tract 9303.01, Northampton County, Virginia",51,1,48,2,0,0,0,0,0,42,9,22,22,17,1,3,13,11,4,4,3
511319303011056,"Block 1056, Block Group 1, Census Tract 9303.01, Northampton County, Virginia",49,0,45,3,0,0,0,0,1,41,8,23,9,14,1,6,7,6,1,2,3
511319303011057,"Block 1057, Block Group 1, Census Tract 9303.01, Northampton County, Virginia",11,1,0,8,0,0,0,0,2,11,0,5,5,4,0,2,2,0,0,0,0
511319303011058,"Block 1058, Block Group 1, Census Tract 9303.01, Northampton County, Virginia",1,1,0,0,0,0,0,0,0,1,0,10,10,0,0,0,0,0,0,0,0
511319303011060,"Block 1060, Block Group 1, Census Tract 9303.01, Northampton County, Virginia",19,1,4,14,0,0,0,0,0,12,7,5,5,7,3,2,2,2,1,1,0
511319303011061,"Block 1061, Block Group 1, Census Tract 9303.01, Northampton County, Virginia",21,2,2,17,0,0,0,0,0,20,1,11,11,9,2,2,5,0,0,0,0
511319303011063,"Block 1063, Block Group 1, Census Tract 9303.01, Northampton County, Virginia",0,0,0,0,0,0,0,0,0,0,0,0,0,0,0,0,0,1,1,0,0
511319303011064,"Block 1064, Block Group 1, Census Tract 9303.01, Northampton County, Virginia",27,0,25,1,0,1,0,0,0,22,5,14,13,16,3,6,7,7,3,3,1
511319303011065,"Block 1065, Block Group 1, Census Tract 9303.01, Northampton County, Virginia",0,0,0,0,0,0,0,0,0,0,0,0,0,0,0,0,0,0,0,0,0
511319303011067,"Block 1067, Block Group 1, Census Tract 9303.01, Northampton County, Virginia",0,0,0,0,0,0,0,0,0,0,0,0,0,0,0,0,0,0,0,0,0
511319303011068,"Block 1068, Block Group 1, Census Tract 9303.01, Northampton County, Virginia",8,0,1,7,0,0,0,0,0,1,7,10,10,7,1,6,0,0,0,0,0
511319303012001,"Block 2001, Block Group 2, Census Tract 9303.01, Northampton County, Virginia",0,0,0,0,0,0,0,0,0,0,0,0,0,0,0,0,0,0,0,0,0
511319303012002,"Block 2002, Block Group 2, Census Tract 9303.01, Northampton County, Virginia",0,0,0,0,0,0,0,0,0,0,0,0,0,0,0,0,0,0,0,0,0
511319303012004,"Block 2004, Block Group 2, Census Tract 9303.01, Northampton County, Virginia",7,1,6,0,0,0,0,0,0,7,0,3,0,1,0,0,1,0,0,0,0
511319303012005,"Block 2005, Block Group 2, Census Tract 9303.01, Northampton County, Virginia",4,0,4,0,0,0,0,0,0,4,0,7,6,2,0,0,2,2,1,1,0
511319303012006,"Block 2006, Block Group 2, Census Tract 9303.01, Northampton County, Virginia",27,1,8,18,0,0,0,0,0,24,3,27,23,10,1,7,2,1,0,1,0
511319303012008,"Block 2008, Block Group 2, Census Tract 9303.01, Northampton County, Virginia",0,0,0,0,0,0,0,0,0,0,0,0,0,0,0,0,0,0,0,0,0
511319303012009,"Block 2009, Block Group 2, Census Tract 9303.01, Northampton County, Virginia",4,0,4,0,0,0,0,0,0,4,0,7,0,3,2,0,1,0,0,0,0
511319303012010,"Block 2010, Block Group 2, Census Tract 9303.01, Northampton County, Virginia",11,0,10,0,0,0,0,1,0,11,0,9,1,3,1,0,2,7,2,1,4
511319303012011,"Block 2011, Block Group 2, Census Tract 9303.01, Northampton County, Virginia",11,0,9,2,0,0,0,0,0,11,0,16,11,3,0,1,2,4,0,3,1
511319303012013,"Block 2013, Block Group 2, Census Tract 9303.01, Northampton County, Virginia",32,0,28,0,0,3,0,0,1,31,1,28,22,21,1,9,11,47,28,14,5
511319303012014,"Block 2014, Block Group 2, Census Tract 9303.01, Northampton County, Virginia",14,0,9,5,0,0,0,0,0,11,3,17,12,7,1,4,2,0,0,0,0
511319303012016,"Block 2016, Block Group 2, Census Tract 9303.01, Northampton County, Virginia",18,0,16,0,0,0,0,0,2,14,4,20,13,10,2,3,5,54,30,17,7
511319303012017,"Block 2017, Block Group 2, Census Tract 9303.01, Northampton County, Virginia",13,0,5,8,0,0,0,0,0,13,0,7,7,7,1,3,3,0,0,0,0
511319303012018,"Block 2018, Block Group 2, Census Tract 9303.01, Northampton County, Virginia",5,3,0,2,0,0,0,0,0,5,0,7,7,8,0,3,5,0,0,0,0
511319303012019,"Block 2019, Block Group 2, Census Tract 9303.01, Northampton County, Virginia",13,0,8,5,0,0,0,0,0,13,0,20,3,5,1,2,2,0,0,0,0
511319303012021,"Block 2021, Block Group 2, Census Tract 9303.01, Northampton County, Virginia",6,2,0,4,0,0,0,0,0,4,2,10,4,4,0,3,1,1,0,0,1
511319303012022,"Block 2022, Block Group 2, Census Tract 9303.01, Northampton County, Virginia",19,0,9,9,0,0,0,0,1,14,5,10,6,4,0,1,3,3,2,0,1
511319303012023,"Block 2023, Block Group 2, Census Tract 9303.01, Northampton County, Virginia",14,6,0,4,0,0,0,0,4,14,0,7,3,6,0,2,4,0,0,0,0
511319303012024,"Block 2024, Block Group 2, Census Tract 9303.01, Northampton County, Virginia",14,0,14,0,0,0,0,0,0,14,0,17,0,6,0,2,4,0,0,0,0
511319303012025,"Block 2025, Block Group 2, Census Tract 9303.01, Northampton County, Virginia",10,0,6,0,0,0,0,0,4,6,4,4,4,5,0,3,2,0,0,0,0
511319303012026,"Block 2026, Block Group 2, Census Tract 9303.01, Northampton County, Virginia",10,0,8,1,0,0,0,0,1,8,2,5,3,11,3,3,5,2,0,0,2
511319303012027,"Block 2027, Block Group 2, Census Tract 9303.01, Northampton County, Virginia",3,2,1,0,0,0,0,0,0,1,2,7,7,1,0,1,0,0,0,0,0
511319303012028,"Block 2028, Block Group 2, Census Tract 9303.01, Northampton County, Virginia",8,0,7,1,0,0,0,0,0,8,0,7,2,4,1,2,1,0,0,0,0
511319303012029,"Block 2029, Block Group 2, Census Tract 9303.01, Northampton County, Virginia",9,0,9,0,0,0,0,0,0,6,3,14,8,4,1,1,2,0,0,0,0
511319303012030,"Block 2030, Block Group 2, Census Tract 9303.01, Northampton County, Virginia",27,0,25,2,0,0,0,0,0,27,0,27,14,14,4,3,7,0,0,0,0
511319303012032,"Block 2032, Block Group 2, Census Tract 9303.01, Northampton County, Virginia",14,2,12,0,0,0,0,0,0,12,2,13,7,7,5,0,2,0,0,0,0
511319303012033,"Block 2033, Block Group 2, Census Tract 9303.01, Northampton County, Virginia",11,0,10,1,0,0,0,0,0,11,0,13,13,2,0,2,0,40,3,10,27
511319303012035,"Block 2035, Block Group 2, Census Tract 9303.01, Northampton County, Virginia",2,0,1,1,0,0,0,0,0,1,1,6,0,1,0,0,1,0,0,0,0
511319303012036,"Block 2036, Block Group 2, Census Tract 9303.01, Northampton County, Virginia",0,0,0,0,0,0,0,0,0,0,0,9,5,0,0,0,0,0,0,0,0
511319303012037,"Block 2037, Block Group 2, Census Tract 9303.01, Northampton County, Virginia",26,2,24,0,0,0,0,0,0,19,7,11,0,10,1,4,5,0,0,0,0
511319303012039,"Block 2039, Block Group 2, Census Tract 9303.01, Northampton County, Virginia",8,0,8,0,0,0,0,0,0,8,0,13,7,7,2,0,5,0,0,0,0
511319303012040,"Block 2040, Block Group 2, Census Tract 9303.01, Northampton County, Virginia",6,0,1,5,0,0,0,0,0,6,0,7,0,3,0,2,1,16,2,4,10
511319303012042,"Block 2042, Block Group 2, Census Tract 9303.01, Northampton County, Virginia",5,0,5,0,0,0,0,0,0,5,0,11,11,2,1,0,1,12,3,2,7
511319303012043,"Block 2043, Block Group 2, Census Tract 9303.01, Northampton County, Virginia",6,0,3,1,0,0,0,0,2,3,3,6,0,0,0,0,0,0,0,0,0
511319303012045,"Block 2045, Block Group 2, Census Tract 9303.01, Northampton County, Virginia",13,0,13,0,0,0,0,0,0,13,0,27,12,3,0,2,1,0,0,0,0
511319303012046,"Block 2046, Block Group 2, Census Tract 9303.01, Northampton County, Virginia",10,1,9,0,0,0,0,0,0,9,1,15,13,4,1,1,2,1,0,0,1
511319303012047,"Block 2047, Block Group 2, Census Tract 9303.01, Northampton County, Virginia",0,0,0,0,0,0,0,0,0,0,0,0,0,0,0,0,0,0,0,0,0
511319303012049,"Block 2049, Block Group 2, Census Tract 9303.01, Northampton County, Virginia",14,4,8,2,0,0,0,0,0,14,0,11,5,5,0,1,4,0,0,0,0
511319303012050,"Block 2050, Block Group 2, Census Tract 9303.01, Northampton County, Virginia",14,0,14,0,0,0,0,0,0,9,5,12,11,7,1,3,3,0,0,0,0
511319303012052,"Block 2052, Block Group 2, Census Tract 9303.01, Northampton County, Virginia",28,5,21,0,2,0,0,0,0,28,0,25,10,15,4,2,9,0,0,0,0
511319303012053,"Block 2053, Block Group 2, Census Tract 9303.01, Northampton County, Virginia",13,0,12,0,0,1,0,0,0,9,4,14,2,3,2,1,0,16,5,6,5
511319303012055,"Block 2055, Block Group 2, Census Tract 9303.01, Northampton County, Virginia",13,0,10,3,0,0,0,0,0,13,0,20,11,5,1,2,2,39,3,19,17
511319303012057,"Block 2057, Block Group 2, Census Tract 9303.01, Northampton County, Virginia",10,1,7,0,0,2,0,0,0,7,3,4,1,6,2,4,0,10,3,2,5
511319303012058,"Block 2058, Block Group 2, Census Tract 9303.01, Northampton County, Virginia",14,0,14,0,0,0,0,0,0,11,3,6,0,4,1,1,2,0,0,0,0
511319303012060,"Block 2060, Block Group 2, Census Tract 9303.01, Northampton County, Virginia",25,1,17,0,1,2,0,0,4,16,9,13,0,11,0,1,10,13,2,7,4
511319303012061,"Block 2061, Block Group 2, Census Tract 9303.01, Northampton County, Virginia",8,0,4,1,0,0,0,0,3,8,0,7,4,3,1,0,2,9,2,4,3
511319303013001,"Block 3001, Block Group 3, Census Tract 9303.01, Northampton County, Virginia",28,4,22,2,0,0,0,0,0,28,0,16,9,17,4,1,12,0,0,0,0
511319303013002,"Block 3002, Block Group 3, Census Tract 9303.01, Northampton County, Virginia",0,0,0,0,0,0,0,0,0,0,0,0,0,0,0,0,0,0,0,0,0
511319303013003,"Block 3003, Block Group 3, Census Tract 9303.01, Northampton County, Virginia",0,0,0,0,0,0,0,0,0,0,0,0,0,0,0,0,0,0,0,0,0
511319303013004,"Block 3004, Block Group 3, Census Tract 9303.01, Northampton County, Virginia",0,0,0,0,0,0,0,0,0,0,0,0,0,0,0,0,0,0,0,0,0
511319303013005,"Block 3005, Block Group 3, Census Tract 9303.01, Northampton County, Virginia",87,0,43,42,0,1,0,0,1,87,0,98,84,34,8,10,16,8,3,5,0
511319303013006,"Block 3006, Block Group 3, Census Tract 9303.01, Northampton County, Virginia",0,0,0,0,0,0,0,0,0,0,0,0,0,0,0,0,0,0,0,0,0
511319303013007,"Block 3007, Block Group 3, Census Tract 9303.01, Northampton County, Virginia",0,0,0,0,0,0,0,0,0,0,0,0,0,0,0,0,0,0,0,0,0
511319303013009,"Block 3009, Block Group 3, Census Tract 9303.01, Northampton County, Virginia",21,0,18,3,0,0,0,0,0,18,3,11,11,7,2,1,4,0,0,0,0
511319303013010,"Block 3010, Block Group 3, Census Tract 9303.01, Northampton County, Virginia",0,0,0,0,0,0,0,0,0,0,0,0,0,0,0,0,0,0,0,0,0
511319303013011,"Block 3011, Block Group 3, Census Tract 9303.01, Northampton County, Virginia",0,0,0,0,0,0,0,0,0,0,0,0,0,0,0,0,0,24,3,14,7
511319303013012,"Block 3012, Block Group 3, Census Tract 9303.01, Northampton County, Virginia",9,0,5,1,1,0,0,0,2,6,3,5,0,5,1,2,2,0,0,0,0
511319303013014,"Block 3014, Block Group 3, Census Tract 9303.01, Northampton County, Virginia",9,0,9,0,0,0,0,0,0,9,0,4,1,2,1,0,1,6,1,3,2
511319303013015,"Block 3015, Block Group 3, Census Tract 9303.01, Northampton County, Virginia",2,0,0,1,0,1,0,0,0,1,1,6,0,4,0,2,2,1,0,0,1
511319303013016,"Block 3016, Block Group 3, Census Tract 9303.01, Northampton County, Virginia",27,0,24,0,0,1,0,1,1,27,0,11,11,7,0,3,4,1,0,1,0
511319303013017,"Block 3017, Block Group 3, Census Tract 9303.01, Northampton County, Virginia",16,3,12,1,0,0,0,0,0,13,3,11,11,8,1,2,5,3,1,1,1
511319303013018,"Block 3018, Block Group 3, Census Tract 9303.01, Northampton County, Virginia",0,0,0,0,0,0,0,0,0,0,0,0,0,0,0,0,0,0,0,0,0
511319303013019,"Block 3019, Block Group 3, Census Tract 9303.01, Northampton County, Virginia",13,0,6,7,0,0,0,0,0,9,4,4,4,8,4,3,1,28,3,20,5
511319303013021,"Block 3021, Block Group 3, Census Tract 9303.01, Northampton County, Virginia",2,1,1,0,0,0,0,0,0,2,0,4,0,3,0,0,3,0,0,0,0
511319303013022,"Block 3022, Block Group 3, Census Tract 9303.01, Northampton County, Virginia",0,0,0,0,0,0,0,0,0,0,0,0,0,0,0,0,0,0,0,0,0
511319303013024,"Block 3024, Block Group 3, Census Tract 9303.01, Northampton County, Virginia",147,1,142,0,0,0,0,0,4,135,12,134,93,53,12,13,28,135,25,37,73
511319301003013,"Block 3013, Block Group 3, Census Tract 9301, Northampton County, Virginia",40,3,33,4,0,0,0,0,0,33,7,20,17,16,2,4,10,0,0,0,0
511319301004038,"Block 4038, Block Group 4, Census Tract 9301, Northampton County, Virginia",62,7,51,1,0,0,0,0,3,53,9,38,28,14,1,5,8,3,2,1,0
511319301004039,"Block 4039, Block Group 4, Census Tract 9301, Northampton County, Virginia",17,2,12,3,0,0,0,0,0,14,3,6,6,5,1,3,1,8,1,3,4
511319301004040,"Block 4040, Block Group 4, Census Tract 9301, Northampton County, Virginia",7,0,0,7,0,0,0,0,0,7,0,5,4,2,0,2,0,0,0,0,0
511319301004041,"Block 4041, Block Group 4, Census Tract 9301, Northampton County, Virginia",1,0,0,1,0,0,0,0,0,1,0,4,4,0,0,0,0,0,0,0,0
511319301004043,"Block 4043, Block Group 4, Census Tract 9301, Northampton County, Virginia",3,0,2,1,0,0,0,0,0,0,3,2,2,0,0,0,0,0,0,0,0
511319303013025,"Block 3025, Block Group 3, Census Tract 9303.01, Northampton County, Virginia",24,0,23,1,0,0,0,0,0,24,0,46,24,10,3,3,4,2,0,0,2
511319303013026,"Block 3026, Block Group 3, Census Tract 9303.01, Northampton County, Virginia",0,0,0,0,0,0,0,0,0,0,0,0,0,0,0,0,0,0,0,0,0
511319303013028,"Block 3028, Block Group 3, Census Tract 9303.01, Northampton County, Virginia",0,0,0,0,0,0,0,0,0,0,0,0,0,0,0,0,0,0,0,0,0
511319303013029,"Block 3029, Block Group 3, Census Tract 9303.01, Northampton County, Virginia",23,2,19,1,0,0,0,0,1,22,1,16,11,10,3,4,3,0,0,0,0
511319303013031,"Block 3031, Block Group 3, Census Tract 9303.01, Northampton County, Virginia",13,0,11,0,0,0,0,0,2,10,3,7,0,6,1,2,3,0,0,0,0
511319303013032,"Block 3032, Block Group 3, Census Tract 9303.01, Northampton County, Virginia",0,0,0,0,0,0,0,0,0,0,0,0,0,0,0,0,0,0,0,0,0
511319303013034,"Block 3034, Block Group 3, Census Tract 9303.01, Northampton County, Virginia",15,0,11,4,0,0,0,0,0,15,0,17,8,5,1,1,3,0,0,0,0
511319303013035,"Block 3035, Block Group 3, Census Tract 9303.01, Northampton County, Virginia",0,0,0,0,0,0,0,0,0,0,0,0,0,0,0,0,0,0,0,0,0
511319303013036,"Block 3036, Block Group 3, Census Tract 9303.01, Northampton County, Virginia",0,0,0,0,0,0,0,0,0,0,0,0,0,0,0,0,0,0,0,0,0
511319303013038,"Block 3038, Block Group 3, Census Tract 9303.01, Northampton County, Virginia",25,0,21,3,0,0,0,0,1,21,4,11,7,13,3,4,6,0,0,0,0
511319303013039,"Block 3039, Block Group 3, Census Tract 9303.01, Northampton County, Virginia",0,0,0,0,0,0,0,0,0,0,0,0,0,0,0,0,0,0,0,0,0
511319303013041,"Block 3041, Block Group 3, Census Tract 9303.01, Northampton County, Virginia",0,0,0,0,0,0,0,0,0,0,0,0,0,0,0,0,0,0,0,0,0
511319303013042,"Block 3042, Block Group 3, Census Tract 9303.01, Northampton County, Virginia",8,0,8,0,0,0,0,0,0,8,0,11,4,3,0,0,3,0,0,0,0
511319303013043,"Block 3043, Block Group 3, Census Tract 9303.01, Northampton County, Virginia",12,0,12,0,0,0,0,0,0,12,0,24,0,4,2,0,2,0,0,0,0
511319303013045,"Block 3045, Block Group 3, Census Tract 9303.01, Northampton County, Virginia",0,0,0,0,0,0,0,0,0,0,0,0,0,0,0,0,0,0,0,0,0
511319303021000,"Block 1000, Block Group 1, Census Tract 9303.02, Northampton County, Virginia",0,0,0,0,0,0,0,0,0,0,0,0,0,0,0,0,0,0,0,0,0
511319303021002,"Block 1002, Block Group 1, Census Tract 9303.02, Northampton County, Virginia",0,0,0,0,0,0,0,0,0,0,0,0,0,0,0,0,0,0,0,0,0
511319303021003,"Block 1003, Block Group 1, Census Tract 9303.02, Northampton County, Virginia",0,0,0,0,0,0,0,0,0,0,0,0,0,0,0,0,0,0,0,0,0
511319303021005,"Block 1005, Block Group 1, Census Tract 9303.02, Northampton County, Virginia",0,0,0,0,0,0,0,0,0,0,0,0,0,0,0,0,0,0,0,0,0
511319303021006,"Block 1006, Block Group 1, Census Tract 9303.02, Northampton County, Virginia",0,0,0,0,0,0,0,0,0,0,0,0,0,0,0,0,0,0,0,0,0
511319303021007,"Block 1007, Block Group 1, Census Tract 9303.02, Northampton County, Virginia",0,0,0,0,0,0,0,0,0,0,0,0,0,0,0,0,0,0,0,0,0
511319303021008,"Block 1008, Block Group 1, Census Tract 9303.02, Northampton County, Virginia",0,0,0,0,0,0,0,0,0,0,0,0,0,0,0,0,0,0,0,0,0
511319301002039,"Block 2039, Block Group 2, Census Tract 9301, Northampton County, Virginia",15,0,2,10,0,0,0,0,3,11,4,7,1,6,1,4,1,0,0,0,0
511319301002041,"Block 2041, Block Group 2, Census Tract 9301, Northampton County, Virginia",0,0,0,0,0,0,0,0,0,0,0,0,0,0,0,0,0,0,0,0,0
511319301002042,"Block 2042, Block Group 2, Census Tract 9301, Northampton County, Virginia",14,0,14,0,0,0,0,0,0,9,5,7,7,4,0,1,3,39,0,21,18
511319301002044,"Block 2044, Block Group 2, Census Tract 9301, Northampton County, Virginia",2,0,1,0,0,0,0,0,1,1,1,3,3,0,0,0,0,2,1,1,0
511319301002045,"Block 2045, Block Group 2, Census Tract 9301, Northampton County, Virginia",12,0,12,0,0,0,0,0,0,12,0,7,7,1,0,1,0,89,8,43,38
511319301002046,"Block 2046, Block Group 2, Census Tract 9301, Northampton County, Virginia",8,0,0,7,0,0,0,1,0,6,2,8,7,5,0,3,2,0,0,0,0
511319301002048,"Block 2048, Block Group 2, Census Tract 9301, Northampton County, Virginia",0,0,0,0,0,0,0,0,0,0,0,0,0,0,0,0,0,0,0,0,0
511319301003000,"Block 3000, Block Group 3, Census Tract 9301, Northampton County, Virginia",0,0,0,0,0,0,0,0,0,0,0,0,0,0,0,0,0,0,0,0,0
511319301003002,"Block 3002, Block Group 3, Census Tract 9301, Northampton County, Virginia",11,0,11,0,0,0,0,0,0,10,1,2,2,7,0,4,3,0,0,0,0
511319301003003,"Block 3003, Block Group 3, Census Tract 9301, Northampton County, Virginia",0,0,0,0,0,0,0,0,0,0,0,0,0,0,0,0,0,0,0,0,0
511319301003005,"Block 3005, Block Group 3, Census Tract 9301, Northampton County, Virginia",0,0,0,0,0,0,0,0,0,0,0,0,0,0,0,0,0,0,0,0,0
511319301003006,"Block 3006, Block Group 3, Census Tract 9301, Northampton County, Virginia",14,3,11,0,0,0,0,0,0,8,6,5,5,6,0,3,3,0,0,0,0
511319301003007,"Block 3007, Block Group 3, Census Tract 9301, Northampton County, Virginia",24,2,5,17,0,0,0,0,0,24,0,14,14,13,1,6,6,3,2,1,0
511319301003009,"Block 3009, Block Group 3, Census Tract 9301, Northampton County, Virginia",6,0,2,4,0,0,0,0,0,6,0,1,1,2,1,1,0,0,0,0,0
511319301003010,"Block 3010, Block Group 3, Census Tract 9301, Northampton County, Virginia",7,0,2,5,0,0,0,0,0,7,0,1,1,2,2,0,0,0,0,0,0
511319301003012,"Block 3012, Block Group 3, Census Tract 9301, Northampton County, Virginia",13,2,9,2,0,0,0,0,0,7,6,7,7,3,1,2,0,0,0,0,0
511319301003014,"Block 3014, Block Group 3, Census Tract 9301, Northampton County, Virginia",11,0,6,1,3,0,0,0,1,8,3,3,1,4,1,2,1,0,0,0,0
511319301003015,"Block 3015, Block Group 3, Census Tract 9301, Northampton County, Virginia",20,4,11,5,0,0,0,0,0,16,4,6,6,8,2,1,5,14,4,8,2
511319301003016,"Block 3016, Block Group 3, Census Tract 9301, Northampton County, Virginia",5,1,0,3,0,0,0,0,1,2,3,3,3,1,1,0,0,0,0,0,0
511319301003017,"Block 3017, Block Group 3, Census Tract 9301, Northampton County, Virginia",23,2,0,21,0,0,0,0,0,12,11,9,2,14,2,9,3,0,0,0,0
511319301003018,"Block 3018, Block Group 3, Census Tract 9301, Northampton County, Virginia",14,2,1,10,0,0,0,0,1,10,4,4,4,2,0,1,1,9,1,1,7
511319301003019,"Block 3019, Block Group 3, Census Tract 9301, Northampton County, Virginia",82,0,10,69,0,0,0,0,3,48,34,43,43,26,5,12,9,54,13,26,15
511319301004044,"Block 4044, Block Group 4, Census Tract 9301, Northampton County, Virginia",0,0,0,0,0,0,0,0,0,0,0,0,0,0,0,0,0,0,0,0,0
511319301004045,"Block 4045, Block Group 4, Census Tract 9301, Northampton County, Virginia",0,0,0,0,0,0,0,0,0,0,0,0,0,0,0,0,0,0,0,0,0
511319301004047,"Block 4047, Block Group 4, Census Tract 9301, Northampton County, Virginia",0,0,0,0,0,0,0,0,0,0,0,0,0,0,0,0,0,0,0,0,0
511319301004048,"Block 4048, Block Group 4, Census Tract 9301, Northampton County, Virginia",0,0,0,0,0,0,0,0,0,0,0,0,0,0,0,0,0,0,0,0,0
511319301004050,"Block 4050, Block Group 4, Census Tract 9301, Northampton County, Virginia",0,0,0,0,0,0,0,0,0,0,0,0,0,0,0,0,0,0,0,0,0
511319301004051,"Block 4051, Block Group 4, Census Tract 9301, Northampton County, Virginia",0,0,0,0,0,0,0,0,0,0,0,0,0,0,0,0,0,0,0,0,0
511319301004053,"Block 4053, Block Group 4, Census Tract 9301, Northampton County, Virginia",14,0,10,4,0,0,0,0,0,9,5,5,5,4,0,1,3,0,0,0,0
511319301004054,"Block 4054, Block Group 4, Census Tract 9301, Northampton County, Virginia",28,0,25,3,0,0,0,0,0,23,5,12,6,11,1,5,5,0,0,0,0
511319301004055,"Block 4055, Block Group 4, Census Tract 9301, Northampton County, Virginia",9,0,5,4,0,0,0,0,0,9,0,2,2,3,0,2,1,0,0,0,0
511319301004057,"Block 4057, Block Group 4, Census Tract 9301, Northampton County, Virginia",28,2,25,1,0,0,0,0,0,27,1,19,12,10,1,2,7,0,0,0,0
511319301004058,"Block 4058, Block Group 4, Census Tract 9301, Northampton County, Virginia",17,2,13,2,0,0,0,0,0,12,5,6,6,2,0,1,1,0,0,0,0
511319301004060,"Block 4060, Block Group 4, Census Tract 9301, Northampton County, Virginia",0,0,0,0,0,0,0,0,0,0,0,0,0,0,0,0,0,0,0,0,0
511319301004061,"Block 4061, Block Group 4, Census Tract 9301, Northampton County, Virginia",0,0,0,0,0,0,0,0,0,0,0,0,0,0,0,0,0,0,0,0,0
511319301004063,"Block 4063, Block Group 4, Census Tract 9301, Northampton County, Virginia",0,0,0,0,0,0,0,0,0,0,0,0,0,0,0,0,0,0,0,0,0
511319301004064,"Block 4064, Block Group 4, Census Tract 9301, Northampton County, Virginia",2,1,1,0,0,0,0,0,0,2,0,1,1,0,0,0,0,40,2,8,30
511319301004065,"Block 4065, Block Group 4, Census Tract 9301, Northampton County, Virginia",2,1,0,0,0,1,0,0,0,2,0,1,1,1,0,1,0,0,0,0,0
511319301004067,"Block 4067, Block Group 4, Census Tract 9301, Northampton County, Virginia",10,6,4,0,0,0,0,0,0,9,1,1,1,0,0,0,0,0,0,0,0
511319301004068,"Block 4068, Block Group 4, Census Tract 9301, Northampton County, Virginia",1,0,1,0,0,0,0,0,0,1,0,2,2,0,0,0,0,0,0,0,0
511319301004070,"Block 4070, Block Group 4, Census Tract 9301, Northampton County, Virginia",7,0,7,0,0,0,0,0,0,5,2,4,2,6,0,1,5,0,0,0,0
511319301004071,"Block 4071, Block Group 4, Census Tract 9301, Northampton County, Virginia",9,1,7,1,0,0,0,0,0,9,0,9,9,4,0,2,2,0,0,0,0
511319301004073,"Block 4073, Block Group 4, Census Tract 9301, Northampton County, Virginia",9,2,5,0,0,0,0,0,2,4,5,2,2,2,1,0,1,0,0,0,0
511319301004074,"Block 4074, Block Group 4, Census Tract 9301, Northampton County, Virginia",0,0,0,0,0,0,0,0,0,0,0,0,0,0,0,0,0,0,0,0,0
511319301004075,"Block 4075, Block Group 4, Census Tract 9301, Northampton County, Virginia",4,4,0,0,0,0,0,0,0,4,0,2,2,1,0,1,0,0,0,0,0
511319301004077,"Block 4077, Block Group 4, Census Tract 9301, Northampton County, Virginia",6,0,5,0,0,0,0,0,1,5,1,5,1,1,0,0,1,0,0,0,0
511319301004078,"Block 4078, Block Group 4, Census Tract 9301, Northampton County, Virginia",0,0,0,0,0,0,0,0,0,0,0,0,0,0,0,0,0,0,0,0,0
511319301004079,"Block 4079, Block Group 4, Census Tract 9301, Northampton County, Virginia",0,0,0,0,0,0,0,0,0,0,0,0,0,0,0,0,0,0,0,0,0
511319301004080,"Block 4080, Block Group 4, Census Tract 9301, Northampton County, Virginia",0,0,0,0,0,0,0,0,0,0,0,0,0,0,0,0,0,0,0,0,0
511319301004081,"Block 4081, Block Group 4, Census Tract 9301, Northampton County, Virginia",1,0,0,1,0,0,0,0,0,1,0,1,1,2,2,0,0,0,0,0,0
511319301004082,"Block 4082, Block Group 4, Census Tract 9301, Northampton County, Virginia",7,0,7,0,0,0,0,0,0,7,0,1,1,4,0,2,2,0,0,0,0
511319301004083,"Block 4083, Block Group 4, Census Tract 9301, Northampton County, Virginia",0,0,0,0,0,0,0,0,0,0,0,0,0,0,0,0,0,0,0,0,0
511319301004084,"Block 4084, Block Group 4, Census Tract 9301, Northampton County, Virginia",28,2,20,6,0,0,0,0,0,25,3,13,6,9,0,5,4,0,0,0,0
511319301004085,"Block 4085, Block Group 4, Census Tract 9301, Northampton County, Virginia",18,0,14,4,0,0,0,0,0,15,3,9,9,6,1,3,2,0,0,0,0
511319301004086,"Block 4086, Block Group 4, Census Tract 9301, Northampton County, Virginia",0,0,0,0,0,0,0,0,0,0,0,0,0,0,0,0,0,0,0,0,0
511319301004087,"Block 4087, Block Group 4, Census Tract 9301, Northampton County, Virginia",19,0,19,0,0,0,0,0,0,13,6,7,7,8,2,3,3,1,0,1,0
511319301004088,"Block 4088, Block Group 4, Census Tract 9301, Northampton County, Virginia",16,2,11,3,0,0,0,0,0,12,4,6,6,4,0,4,0,2,0,2,0
511319301004089,"Block 4089, Block Group 4, Census Tract 9301, Northampton County, Virginia",0,0,0,0,0,0,0,0,0,0,0,0,0,0,0,0,0,5,2,1,2
511319301004090,"Block 4090, Block Group 4, Census Tract 9301, Northampton County, Virginia",0,0,0,0,0,0,0,0,0,0,0,0,0,0,0,0,0,54,9,20,25
511319301003020,"Block 3020, Block Group 3, Census Tract 9301, Northampton County, Virginia",17,5,2,9,1,0,0,0,0,16,1,7,2,8,1,3,4,1,0,1,0
511319301003021,"Block 3021, Block Group 3, Census Tract 9301, Northampton County, Virginia",28,0,5,23,0,0,0,0,0,22,6,16,16,10,2,3,5,2,2,0,0
511319301003022,"Block 3022, Block Group 3, Census Tract 9301, Northampton County, Virginia",14,0,7,4,2,0,0,0,1,10,4,4,1,4,0,2,2,0,0,0,0
511319301003023,"Block 3023, Block Group 3, Census Tract 9301, Northampton County, Virginia",23,1,12,7,0,0,0,0,3,17,6,12,0,8,1,3,4,0,0,0,0
511319301003024,"Block 3024, Block Group 3, Census Tract 9301, Northampton County, Virginia",0,0,0,0,0,0,0,0,0,0,0,0,0,0,0,0,0,0,0,0,0
511319301003025,"Block 3025, Block Group 3, Census Tract 9301, Northampton County, Virginia",0,0,0,0,0,0,0,0,0,0,0,0,0,0,0,0,0,0,0,0,0
511319301003026,"Block 3026, Block Group 3, Census Tract 9301, Northampton County, Virginia",0,0,0,0,0,0,0,0,0,0,0,0,0,0,0,0,0,0,0,0,0
511319301003027,"Block 3027, Block Group 3, Census Tract 9301, Northampton County, Virginia",62,11,35,15,0,0,0,0,1,55,7,43,43,22,3,10,9,3,0,2,1
511319301003029,"Block 3029, Block Group 3, Census Tract 9301, Northampton County, Virginia",28,3,15,10,0,0,0,0,0,12,16,14,14,11,1,3,7,0,0,0,0
511319301003030,"Block 3030, Block Group 3, Census Tract 9301, Northampton County, Virginia",0,0,0,0,0,0,0,0,0,0,0,0,0,0,0,0,0,0,0,0,0
511319301003032,"Block 3032, Block Group 3, Census Tract 9301, Northampton County, Virginia",26,0,4,16,0,0,0,0,6,19,7,7,7,20,6,7,7,0,0,0,0
511319301003033,"Block 3033, Block Group 3, Census Tract 9301, Northampton County, Virginia",26,4,12,7,3,0,0,0,0,15,11,10,10,6,1,3,2,0,0,0,0
511319301003034,"Block 3034, Block Group 3, Census Tract 9301, Northampton County, Virginia",13,0,11,0,0,1,0,0,1,9,4,8,3,6,1,3,2,0,0,0,0
511319301003036,"Block 3036, Block Group 3, Census Tract 9301, Northampton County, Virginia",40,5,20,15,0,0,0,0,0,32,8,16,16,8,1,5,2,0,0,0,0
511319301003037,"Block 3037, Block Group 3, Census Tract 9301, Northampton County, Virginia",21,1,11,9,0,0,0,0,0,19,2,15,11,9,0,5,4,2,0,2,0
511319301003039,"Block 3039, Block Group 3, Census Tract 9301, Northampton County, Virginia",41,1,34,5,0,0,0,0,1,31,10,19,19,7,1,2,4,0,0,0,0
511319301003040,"Block 3040, Block Group 3, Census Tract 9301, Northampton County, Virginia",17,1,14,2,0,0,0,0,0,16,1,9,6,4,1,1,2,0,0,0,0
511319301003042,"Block 3042, Block Group 3, Census Tract 9301, Northampton County, Virginia",17,2,12,3,0,0,0,0,0,9,8,11,9,8,1,2,5,1,0,1,0
511319301003043,"Block 3043, Block Group 3, Census Tract 9301, Northampton County, Virginia",11,0,9,1,0,0,0,0,1,7,4,8,7,2,1,0,1,105,4,47,54
511319301003044,"Block 3044, Block Group 3, Census Tract 9301, Northampton County, Virginia",8,0,0,7,0,0,0,0,1,4,4,7,7,2,0,2,0,0,0,0,0
511319301003046,"Block 3046, Block Group 3, Census Tract 9301, Northampton County, Virginia",19,4,2,10,2,0,0,0,1,16,3,11,11,4,2,1,1,0,0,0,0
511319301003047,"Block 3047, Block Group 3, Census Tract 9301, Northampton County, Virginia",6,0,6,0,0,0,0,0,0,6,0,3,3,2,0,1,1,49,4,15,30
511319301003049,"Block 3049, Block Group 3, Census Tract 9301, Northampton County, Virginia",18,0,9,9,0,0,0,0,0,16,2,0,0,4,1,2,1,55,21,26,8
511319301003050,"Block 3050, Block Group 3, Census Tract 9301, Northampton County, Virginia",50,3,30,17,0,0,0,0,0,29,21,25,15,14,6,5,3,0,0,0,0
511319301003052,"Block 3052, Block Group 3, Census Tract 9301, Northampton County, Virginia",32,6,5,13,5,0,0,0,3,18,14,10,10,16,4,10,2,19,1,4,14
511319301003053,"Block 3053, Block Group 3, Census Tract 9301, Northampton County, Virginia",0,0,0,0,0,0,0,0,0,0,0,0,0,0,0,0,0,0,0,0,0
511319301003054,"Block 3054, Block Group 3, Census Tract 9301, Northampton County, Virginia",0,0,0,0,0,0,0,0,0,0,0,0,0,0,0,0,0,0,0,0,0
511319301003056,"Block 3056, Block Group 3, Census Tract 9301, Northampton County, Virginia",0,0,0,0,0,0,0,0,0,0,0,0,0,0,0,0,0,0,0,0,0
511319301003057,"Block 3057, Block Group 3, Census Tract 9301, Northampton County, Virginia",10,0,5,4,0,0,0,0,1,2,8,4,4,2,1,0,1,1,0,1,0
511319301004000,"Block 4000, Block Group 4, Census Tract 9301, Northampton County, Virginia",0,0,0,0,0,0,0,0,0,0,0,0,0,0,0,0,0,0,0,0,0
511319301004001,"Block 4001, Block Group 4, Census Tract 9301, Northampton County, Virginia",0,0,0,0,0,0,0,0,0,0,0,0,0,0,0,0,0,0,0,0,0
511319301004003,"Block 4003, Block Group 4, Census Tract 9301, Northampton County, Virginia",18,1,16,0,0,1,0,0,0,12,6,8,5,8,2,4,2,0,0,0,0
511319301004004,"Block 4004, Block Group 4, Census Tract 9301, Northampton County, Virginia",0,0,0,0,0,0,0,0,0,0,0,0,0,0,0,0,0,0,0,0,0
511319301004005,"Block 4005, Block Group 4, Census Tract 9301, Northampton County, Virginia",20,0,1,19,0,0,0,0,0,20,0,9,9,11,2,5,4,0,0,0,0
511319301004006,"Block 4006, Block Group 4, Census Tract 9301, Northampton County, Virginia",0,0,0,0,0,0,0,0,0,0,0,0,0,0,0,0,0,30,2,8,20
511319301004007,"Block 4007, Block Group 4, Census Tract 9301, Northampton County, Virginia",0,0,0,0,0,0,0,0,0,0,0,0,0,0,0,0,0,0,0,0,0
511319301004008,"Block 4008, Block Group 4, Census Tract 9301, Northampton County, Virginia",6,0,6,0,0,0,0,0,0,3,3,3,0,3,0,2,1,0,0,0,0
511319301004091,"Block 4091, Block Group 4, Census Tract 9301, Northampton County, Virginia",0,0,0,0,0,0,0,0,0,0,0,0,0,0,0,0,0,0,0,0,0
511319301004093,"Block 4093, Block Group 4, Census Tract 9301, Northampton County, Virginia",4,1,1,2,0,0,0,0,0,4,0,8,0,0,0,0,0,17,2,6,9
511319301004094,"Block 4094, Block Group 4, Census Tract 9301, Northampton County, Virginia",0,0,0,0,0,0,0,0,0,0,0,0,0,0,0,0,0,0,0,0,0
511319301004096,"Block 4096, Block Group 4, Census Tract 9301, Northampton County, Virginia",0,0,0,0,0,0,0,0,0,0,0,0,0,0,0,0,0,0,0,0,0
511319301004097,"Block 4097, Block Group 4, Census Tract 9301, Northampton County, Virginia",0,0,0,0,0,0,0,0,0,0,0,0,0,0,0,0,0,0,0,0,0
511319301004098,"Block 4098, Block Group 4, Census Tract 9301, Northampton County, Virginia",0,0,0,0,0,0,0,0,0,0,0,0,0,0,0,0,0,0,0,0,0
511319301004100,"Block 4100, Block Group 4, Census Tract 9301, Northampton County, Virginia",0,0,0,0,0,0,0,0,0,0,0,0,0,0,0,0,0,0,0,0,0
511319301004101,"Block 4101, Block Group 4, Census Tract 9301, Northampton County, Virginia",0,0,0,0,0,0,0,0,0,0,0,0,0,0,0,0,0,0,0,0,0
511319301004103,"Block 4103, Block Group 4, Census Tract 9301, Northampton County, Virginia",0,0,0,0,0,0,0,0,0,0,0,0,0,0,0,0,0,0,0,0,0
511319301004104,"Block 4104, Block Group 4, Census Tract 9301, Northampton County, Virginia",0,0,0,0,0,0,0,0,0,0,0,0,0,0,0,0,0,0,0,0,0
511319301004106,"Block 4106, Block Group 4, Census Tract 9301, Northampton County, Virginia",0,0,0,0,0,0,0,0,0,0,0,0,0,0,0,0,0,0,0,0,0
511319301004107,"Block 4107, Block Group 4, Census Tract 9301, Northampton County, Virginia",0,0,0,0,0,0,0,0,0,0,0,0,0,0,0,0,0,0,0,0,0
511319301004108,"Block 4108, Block Group 4, Census Tract 9301, Northampton County, Virginia",0,0,0,0,0,0,0,0,0,0,0,0,0,0,0,0,0,0,0,0,0
511319301004110,"Block 4110, Block Group 4, Census Tract 9301, Northampton County, Virginia",0,0,0,0,0,0,0,0,0,0,0,0,0,0,0,0,0,0,0,0,0
511319301004111,"Block 4111, Block Group 4, Census Tract 9301, Northampton County, Virginia",0,0,0,0,0,0,0,0,0,0,0,0,0,0,0,0,0,0,0,0,0
511319301004113,"Block 4113, Block Group 4, Census Tract 9301, Northampton County, Virginia",0,0,0,0,0,0,0,0,0,0,0,0,0,0,0,0,0,0,0,0,0
511319301004114,"Block 4114, Block Group 4, Census Tract 9301, Northampton County, Virginia",0,0,0,0,0,0,0,0,0,0,0,0,0,0,0,0,0,0,0,0,0
511319301004116,"Block 4116, Block Group 4, Census Tract 9301, Northampton County, Virginia",0,0,0,0,0,0,0,0,0,0,0,0,0,0,0,0,0,0,0,0,0
511319301004117,"Block 4117, Block Group 4, Census Tract 9301, Northampton County, Virginia",0,0,0,0,0,0,0,0,0,0,0,0,0,0,0,0,0,0,0,0,0
511319301004118,"Block 4118, Block Group 4, Census Tract 9301, Northampton County, Virginia",0,0,0,0,0,0,0,0,0,0,0,0,0,0,0,0,0,0,0,0,0
511319301004120,"Block 4120, Block Group 4, Census Tract 9301, Northampton County, Virginia",0,0,0,0,0,0,0,0,0,0,0,0,0,0,0,0,0,0,0,0,0
511319301004121,"Block 4121, Block Group 4, Census Tract 9301, Northampton County, Virginia",0,0,0,0,0,0,0,0,0,0,0,0,0,0,0,0,0,0,0,0,0
511319301004123,"Block 4123, Block Group 4, Census Tract 9301, Northampton County, Virginia",7,1,3,2,0,0,0,0,1,6,1,4,4,0,0,0,0,11,0,0,11
511319301004124,"Block 4124, Block Group 4, Census Tract 9301, Northampton County, Virginia",0,0,0,0,0,0,0,0,0,0,0,0,0,0,0,0,0,0,0,0,0
511319301004126,"Block 4126, Block Group 4, Census Tract 9301, Northampton County, Virginia",15,0,15,0,0,0,0,0,0,15,0,15,8,9,3,4,2,2,0,1,1
511319301004127,"Block 4127, Block Group 4, Census Tract 9301, Northampton County, Virginia",16,9,4,3,0,0,0,0,0,15,1,6,6,4,2,0,2,0,0,0,0
511319301004128,"Block 4128, Block Group 4, Census Tract 9301, Northampton County, Virginia",0,0,0,0,0,0,0,0,0,0,0,0,0,0,0,0,0,0,0,0,0
511319301004129,"Block 4129, Block Group 4, Census Tract 9301, Northampton County, Virginia",0,0,0,0,0,0,0,0,0,0,0,0,0,0,0,0,0,0,0,0,0
511319301004130,"Block 4130, Block Group 4, Census Tract 9301, Northampton County, Virginia",0,0,0,0,0,0,0,0,0,0,0,0,0,0,0,0,0,0,0,0,0
511319301004131,"Block 4131, Block Group 4, Census Tract 9301, Northampton County, Virginia",0,0,0,0,0,0,0,0,0,0,0,0,0,0,0,0,0,0,0,0,0
511319301004132,"Block 4132, Block Group 4, Census Tract 9301, Northampton County, Virginia",0,0,0,0,0,0,0,0,0,0,0,0,0,0,0,0,0,0,0,0,0
511319301004133,"Block 4133, Block Group 4, Census Tract 9301, Northampton County, Virginia",0,0,0,0,0,0,0,0,0,0,0,0,0,0,0,0,0,0,0,0,0
511319301004134,"Block 4134, Block Group 4, Census Tract 9301, Northampton County, Virginia",0,0,0,0,0,0,0,0,0,0,0,0,0,0,0,0,0,0,0,0,0
511319302001000,"Block 1000, Block Group 1, Census Tract 9302, Northampton County, Virginia",80,9,29,41,0,0,0,0,1,76,4,45,33,40,9,14,17,20,5,7,8
511319302001001,"Block 1001, Block Group 1, Census Tract 9302, Northampton County, Virginia",3,0,2,1,0,0,0,0,0,3,0,2,2,1,0,0,1,0,0,0,0
511319302001002,"Block 1002, Block Group 1, Census Tract 9302, Northampton County, Virginia",6,0,5,0,1,0,0,0,0,6,0,5,5,3,0,0,3,0,0,0,0
511319302001003,"Block 1003, Block Group 1, Census Tract 9302, Northampton County, Virginia",0,0,0,0,0,0,0,0,0,0,0,0,0,0,0,0,0,0,0,0,0
511319303012054,"Block 2054, Block Group 2, Census Tract 9303.01, Northampton County, Virginia",12,0,10,0,0,0,0,0,2,6,6,10,10,6,0,2,4,15,9,5,1
511319303013013,"Block 3013, Block Group 3, Census Tract 9303.01, Northampton County, Virginia",16,3,11,0,0,1,0,0,1,12,4,8,0,11,1,1,9,2,0,2,0
511319303021010,"Block 1010, Block Group 1, Census Tract 9303.02, Northampton County, Virginia",0,0,0,0,0,0,0,0,0,0,0,0,0,0,0,0,0,0,0,0,0
511319303021011,"Block 1011, Block Group 1, Census Tract 9303.02, Northampton County, Virginia",0,0,0,0,0,0,0,0,0,0,0,0,0,0,0,0,0,0,0,0,0
511319303021012,"Block 1012, Block Group 1, Census Tract 9303.02, Northampton County, Virginia",0,0,0,0,0,0,0,0,0,0,0,0,0,0,0,0,0,0,0,0,0
511319303021013,"Block 1013, Block Group 1, Census Tract 9303.02, Northampton County, Virginia",0,0,0,0,0,0,0,0,0,0,0,0,0,0,0,0,0,0,0,0,0
511319303021014,"Block 1014, Block Group 1, Census Tract 9303.02, Northampton County, Virginia",0,0,0,0,0,0,0,0,0,0,0,0,0,0,0,0,0,0,0,0,0
511319303021015,"Block 1015, Block Group 1, Census Tract 9303.02, Northampton County, Virginia",0,0,0,0,0,0,0,0,0,0,0,0,0,0,0,0,0,0,0,0,0
511319303021017,"Block 1017, Block Group 1, Census Tract 9303.02, Northampton County, Virginia",0,0,0,0,0,0,0,0,0,0,0,0,0,0,0,0,0,0,0,0,0
511319303021018,"Block 1018, Block Group 1, Census Tract 9303.02, Northampton County, Virginia",0,0,0,0,0,0,0,0,0,0,0,0,0,0,0,0,0,0,0,0,0
511319303021019,"Block 1019, Block Group 1, Census Tract 9303.02, Northampton County, Virginia",0,0,0,0,0,0,0,0,0,0,0,0,0,0,0,0,0,0,0,0,0
511319303021020,"Block 1020, Block Group 1, Census Tract 9303.02, Northampton County, Virginia",0,0,0,0,0,0,0,0,0,0,0,0,0,0,0,0,0,0,0,0,0
511319303021021,"Block 1021, Block Group 1, Census Tract 9303.02, Northampton County, Virginia",0,0,0,0,0,0,0,0,0,0,0,0,0,0,0,0,0,0,0,0,0
511319303021022,"Block 1022, Block Group 1, Census Tract 9303.02, Northampton County, Virginia",0,0,0,0,0,0,0,0,0,0,0,0,0,0,0,0,0,0,0,0,0
511319303021023,"Block 1023, Block Group 1, Census Tract 9303.02, Northampton County, Virginia",0,0,0,0,0,0,0,0,0,0,0,0,0,0,0,0,0,0,0,0,0
511319303021024,"Block 1024, Block Group 1, Census Tract 9303.02, Northampton County, Virginia",0,0,0,0,0,0,0,0,0,0,0,0,0,0,0,0,0,0,0,0,0
511319303021025,"Block 1025, Block Group 1, Census Tract 9303.02, Northampton County, Virginia",0,0,0,0,0,0,0,0,0,0,0,0,0,0,0,0,0,0,0,0,0
511319303021026,"Block 1026, Block Group 1, Census Tract 9303.02, Northampton County, Virginia",0,0,0,0,0,0,0,0,0,0,0,0,0,0,0,0,0,0,0,0,0
511319303021028,"Block 1028, Block Group 1, Census Tract 9303.02, Northampton County, Virginia",0,0,0,0,0,0,0,0,0,0,0,0,0,0,0,0,0,0,0,0,0
511319303021029,"Block 1029, Block Group 1, Census Tract 9303.02, Northampton County, Virginia",25,3,10,12,0,0,0,0,0,25,0,13,9,12,2,4,6,0,0,0,0
511319303021031,"Block 1031, Block Group 1, Census Tract 9303.02, Northampton County, Virginia",14,0,11,1,0,0,0,0,2,12,2,17,15,2,0,1,1,0,0,0,0
511319303021032,"Block 1032, Block Group 1, Census Tract 9303.02, Northampton County, Virginia",28,0,24,4,0,0,0,0,0,19,9,18,14,14,5,3,6,1,0,1,0
511319303021033,"Block 1033, Block Group 1, Census Tract 9303.02, Northampton County, Virginia",0,0,0,0,0,0,0,0,0,0,0,0,0,0,0,0,0,0,0,0,0
511319301004009,"Block 4009, Block Group 4, Census Tract 9301, Northampton County, Virginia",11,3,2,6,0,0,0,0,0,4,7,5,0,2,0,1,1,2,2,0,0
511319301004010,"Block 4010, Block Group 4, Census Tract 9301, Northampton County, Virginia",13,6,3,0,0,0,0,0,4,13,0,3,0,9,1,2,6,0,0,0,0
511319301004011,"Block 4011, Block Group 4, Census Tract 9301, Northampton County, Virginia",0,0,0,0,0,0,0,0,0,0,0,0,0,0,0,0,0,0,0,0,0
511319301004012,"Block 4012, Block Group 4, Census Tract 9301, Northampton County, Virginia",2,0,1,0,0,0,0,0,1,1,1,1,1,0,0,0,0,0,0,0,0
511319301004013,"Block 4013, Block Group 4, Census Tract 9301, Northampton County, Virginia",60,3,20,37,0,0,0,0,0,60,0,49,49,21,3,8,10,4,1,1,2
511319301004014,"Block 4014, Block Group 4, Census Tract 9301, Northampton County, Virginia",191,0,40,149,0,0,0,0,2,182,9,156,148,61,15,29,17,13,3,10,0
511319301004015,"Block 4015, Block Group 4, Census Tract 9301, Northampton County, Virginia",9,0,0,6,0,0,0,0,3,9,0,3,3,4,0,2,2,0,0,0,0
511319301004016,"Block 4016, Block Group 4, Census Tract 9301, Northampton County, Virginia",19,5,5,6,0,0,0,0,3,13,6,10,8,13,5,4,4,0,0,0,0
511319301004017,"Block 4017, Block Group 4, Census Tract 9301, Northampton County, Virginia",17,1,5,7,0,0,0,0,4,16,1,11,11,6,2,2,2,0,0,0,0
511319301004019,"Block 4019, Block Group 4, Census Tract 9301, Northampton County, Virginia",28,0,27,0,0,0,0,0,1,11,17,7,7,8,1,4,3,0,0,0,0
511319301004020,"Block 4020, Block Group 4, Census Tract 9301, Northampton County, Virginia",8,0,8,0,0,0,0,0,0,6,2,4,4,1,0,1,0,0,0,0,0
511319301004021,"Block 4021, Block Group 4, Census Tract 9301, Northampton County, Virginia",12,1,10,1,0,0,0,0,0,12,0,10,10,2,0,0,2,0,0,0,0
511319301004023,"Block 4023, Block Group 4, Census Tract 9301, Northampton County, Virginia",3,1,2,0,0,0,0,0,0,3,0,3,2,0,0,0,0,0,0,0,0
511319301004024,"Block 4024, Block Group 4, Census Tract 9301, Northampton County, Virginia",46,5,25,8,0,0,0,1,7,39,7,21,13,15,5,7,3,0,0,0,0
511319301004026,"Block 4026, Block Group 4, Census Tract 9301, Northampton County, Virginia",18,0,16,2,0,0,0,0,0,18,0,11,11,3,0,1,2,5,0,1,4
511319301004027,"Block 4027, Block Group 4, Census Tract 9301, Northampton County, Virginia",28,0,20,8,0,0,0,0,0,18,10,8,6,8,0,4,4,0,0,0,0
511319301004029,"Block 4029, Block Group 4, Census Tract 9301, Northampton County, Virginia",0,0,0,0,0,0,0,0,0,0,0,0,0,0,0,0,0,10,3,5,2
511319301004030,"Block 4030, Block Group 4, Census Tract 9301, Northampton County, Virginia",0,0,0,0,0,0,0,0,0,0,0,0,0,0,0,0,0,30,4,13,13
511319301004031,"Block 4031, Block Group 4, Census Tract 9301, Northampton County, Virginia",6,2,2,2,0,0,0,0,0,6,0,1,1,4,2,1,1,29,15,9,5
511319301004033,"Block 4033, Block Group 4, Census Tract 9301, Northampton County, Virginia",10,3,1,0,0,2,0,0,4,7,3,3,3,3,1,0,2,0,0,0,0
511319301004034,"Block 4034, Block Group 4, Census Tract 9301, Northampton County, Virginia",76,1,69,6,0,0,0,0,0,69,7,55,52,28,4,8,16,0,0,0,0
511319301004036,"Block 4036, Block Group 4, Census Tract 9301, Northampton County, Virginia",9,2,4,3,0,0,0,0,0,4,5,3,1,3,1,1,1,0,0,0,0
511319301004037,"Block 4037, Block Group 4, Census Tract 9301, Northampton County, Virginia",6,1,2,3,0,0,0,0,0,4,2,5,0,0,0,0,0,0,0,0,0
511319302001004,"Block 1004, Block Group 1, Census Tract 9302, Northampton County, Virginia",0,0,0,0,0,0,0,0,0,0,0,0,0,0,0,0,0,0,0,0,0
511319302001005,"Block 1005, Block Group 1, Census Tract 9302, Northampton County, Virginia",0,0,0,0,0,0,0,0,0,0,0,0,0,0,0,0,0,0,0,0,0
511319302001007,"Block 1007, Block Group 1, Census Tract 9302, Northampton County, Virginia",94,0,85,8,1,0,0,0,0,85,9,62,56,31,2,12,17,38,2,19,17
511319302001008,"Block 1008, Block Group 1, Census Tract 9302, Northampton County, Virginia",30,0,24,6,0,0,0,0,0,17,13,10,10,10,3,5,2,0,0,0,0
511319303021035,"Block 1035, Block Group 1, Census Tract 9303.02, Northampton County, Virginia",0,0,0,0,0,0,0,0,0,0,0,0,0,0,0,0,0,0,0,0,0
511319303021036,"Block 1036, Block Group 1, Census Tract 9303.02, Northampton County, Virginia",0,0,0,0,0,0,0,0,0,0,0,0,0,0,0,0,0,0,0,0,0
511319303021038,"Block 1038, Block Group 1, Census Tract 9303.02, Northampton County, Virginia",0,0,0,0,0,0,0,0,0,0,0,0,0,0,0,0,0,0,0,0,0
511319303021039,"Block 1039, Block Group 1, Census Tract 9303.02, Northampton County, Virginia",0,0,0,0,0,0,0,0,0,0,0,0,0,0,0,0,0,0,0,0,0
511319303021041,"Block 1041, Block Group 1, Census Tract 9303.02, Northampton County, Virginia",0,0,0,0,0,0,0,0,0,0,0,0,0,0,0,0,0,0,0,0,0
511319303021042,"Block 1042, Block Group 1, Census Tract 9303.02, Northampton County, Virginia",127,14,41,67,0,0,0,0,5,102,25,78,65,65,8,30,27,3,1,1,1
511319303021043,"Block 1043, Block Group 1, Census Tract 9303.02, Northampton County, Virginia",85,1,9,73,0,0,0,0,2,66,19,49,49,30,5,18,7,2,0,2,0
511319303021045,"Block 1045, Block Group 1, Census Tract 9303.02, Northampton County, Virginia",0,0,0,0,0,0,0,0,0,0,0,0,0,0,0,0,0,0,0,0,0
511319303021046,"Block 1046, Block Group 1, Census Tract 9303.02, Northampton County, Virginia",5,3,1,0,0,0,0,0,1,1,4,3,3,3,1,2,0,0,0,0,0
511319303021048,"Block 1048, Block Group 1, Census Tract 9303.02, Northampton County, Virginia",0,0,0,0,0,0,0,0,0,0,0,0,0,0,0,0,0,0,0,0,0
511319303021049,"Block 1049, Block Group 1, Census Tract 9303.02, Northampton County, Virginia",16,3,6,7,0,0,0,0,0,15,1,3,2,10,2,3,5,0,0,0,0
511319303021050,"Block 1050, Block Group 1, Census Tract 9303.02, Northampton County, Virginia",12,3,3,4,0,0,0,0,2,6,6,12,12,4,1,0,3,9,0,5,4
511319303021052,"Block 1052, Block Group 1, Census Tract 9303.02, Northampton County, Virginia",0,0,0,0,0,0,0,0,0,0,0,0,0,0,0,0,0,0,0,0,0
511319303021053,"Block 1053, Block Group 1, Census Tract 9303.02, Northampton County, Virginia",0,0,0,0,0,0,0,0,0,0,0,0,0,0,0,0,0,0,0,0,0
511319303021055,"Block 1055, Block Group 1, Census Tract 9303.02, Northampton County, Virginia",16,1,2,10,1,0,0,0,2,16,0,5,5,4,0,2,2,63,15,37,11
511319303021056,"Block 1056, Block Group 1, Census Tract 9303.02, Northampton County, Virginia",0,0,0,0,0,0,0,0,0,0,0,0,0,0,0,0,0,0,0,0,0
511319303021058,"Block 1058, Block Group 1, Census Tract 9303.02, Northampton County, Virginia",0,0,0,0,0,0,0,0,0,0,0,0,0,0,0,0,0,0,0,0,0
511319303021059,"Block 1059, Block Group 1, Census Tract 9303.02, Northampton County, Virginia",0,0,0,0,0,0,0,0,0,0,0,0,0,0,0,0,0,0,0,0,0
511319303021060,"Block 1060, Block Group 1, Census Tract 9303.02, Northampton County, Virginia",0,0,0,0,0,0,0,0,0,0,0,0,0,0,0,0,0,0,0,0,0
511319303021061,"Block 1061, Block Group 1, Census Tract 9303.02, Northampton County, Virginia",0,0,0,0,0,0,0,0,0,0,0,0,0,0,0,0,0,0,0,0,0
511319303021062,"Block 1062, Block Group 1, Census Tract 9303.02, Northampton County, Virginia",0,0,0,0,0,0,0,0,0,0,0,0,0,0,0,0,0,0,0,0,0
511319303021063,"Block 1063, Block Group 1, Census Tract 9303.02, Northampton County, Virginia",0,0,0,0,0,0,0,0,0,0,0,0,0,0,0,0,0,0,0,0,0
511319303021064,"Block 1064, Block Group 1, Census Tract 9303.02, Northampton County, Virginia",0,0,0,0,0,0,0,0,0,0,0,0,0,0,0,0,0,0,0,0,0
511319303021066,"Block 1066, Block Group 1, Census Tract 9303.02, Northampton County, Virginia",0,0,0,0,0,0,0,0,0,0,0,0,0,0,0,0,0,0,0,0,0
511319303021067,"Block 1067, Block Group 1, Census Tract 9303.02, Northampton County, Virginia",0,0,0,0,0,0,0,0,0,0,0,0,0,0,0,0,0,0,0,0,0
511319303021068,"Block 1068, Block Group 1, Census Tract 9303.02, Northampton County, Virginia",0,0,0,0,0,0,0,0,0,0,0,0,0,0,0,0,0,0,0,0,0
511319303021069,"Block 1069, Block Group 1, Census Tract 9303.02, Northampton County, Virginia",0,0,0,0,0,0,0,0,0,0,0,0,0,0,0,0,0,0,0,0,0
511319303021070,"Block 1070, Block Group 1, Census Tract 9303.02, Northampton County, Virginia",0,0,0,0,0,0,0,0,0,0,0,0,0,0,0,0,0,0,0,0,0
511319303021071,"Block 1071, Block Group 1, Census Tract 9303.02, Northampton County, Virginia",0,0,0,0,0,0,0,0,0,0,0,0,0,0,0,0,0,0,0,0,0
511319303021072,"Block 1072, Block Group 1, Census Tract 9303.02, Northampton County, Virginia",0,0,0,0,0,0,0,0,0,0,0,0,0,0,0,0,0,0,0,0,0
511319303021073,"Block 1073, Block Group 1, Census Tract 9303.02, Northampton County, Virginia",0,0,0,0,0,0,0,0,0,0,0,0,0,0,0,0,0,0,0,0,0
511319303021074,"Block 1074, Block Group 1, Census Tract 9303.02, Northampton County, Virginia",0,0,0,0,0,0,0,0,0,0,0,0,0,0,0,0,0,0,0,0,0
511319303021075,"Block 1075, Block Group 1, Census Tract 9303.02, Northampton County, Virginia",43,12,31,0,0,0,0,0,0,34,9,20,16,21,8,7,6,26,15,8,3
511319303021077,"Block 1077, Block Group 1, Census Tract 9303.02, Northampton County, Virginia",26,0,18,6,0,0,0,0,2,19,7,8,6,14,3,4,7,0,0,0,0
511319303021078,"Block 1078, Block Group 1, Census Tract 9303.02, Northampton County, Virginia",10,2,1,6,1,0,0,0,0,7,3,1,0,6,2,2,2,0,0,0,0
511319303021080,"Block 1080, Block Group 1, Census Tract 9303.02, Northampton County, Virginia",38,4,12,19,3,0,0,0,0,35,3,17,9,23,4,9,10,4,1,3,0
511319303022107,"Block 2107, Block Group 2, Census Tract 9303.02, Northampton County, Virginia",0,0,0,0,0,0,0,0,0,0,0,0,0,0,0,0,0,0,0,0,0
511319303022108,"Block 2108, Block Group 2, Census Tract 9303.02, Northampton County, Virginia",0,0,0,0,0,0,0,0,0,0,0,0,0,0,0,0,0,0,0,0,0
511319303022110,"Block 2110, Block Group 2, Census Tract 9303.02, Northampton County, Virginia",0,0,0,0,0,0,0,0,0,0,0,0,0,0,0,0,0,0,0,0,0
511319303022111,"Block 2111, Block Group 2, Census Tract 9303.02, Northampton County, Virginia",0,0,0,0,0,0,0,0,0,0,0,0,0,0,0,0,0,0,0,0,0
511319303022113,"Block 2113, Block Group 2, Census Tract 9303.02, Northampton County, Virginia",0,0,0,0,0,0,0,0,0,0,0,0,0,0,0,0,0,0,0,0,0
511319303022114,"Block 2114, Block Group 2, Census Tract 9303.02, Northampton County, Virginia",0,0,0,0,0,0,0,0,0,0,0,0,0,0,0,0,0,0,0,0,0
511319303022115,"Block 2115, Block Group 2, Census Tract 9303.02, Northampton County, Virginia",0,0,0,0,0,0,0,0,0,0,0,0,0,0,0,0,0,0,0,0,0
511319303022117,"Block 2117, Block Group 2, Census Tract 9303.02, Northampton County, Virginia",0,0,0,0,0,0,0,0,0,0,0,0,0,0,0,0,0,0,0,0,0
511319303022118,"Block 2118, Block Group 2, Census Tract 9303.02, Northampton County, Virginia",0,0,0,0,0,0,0,0,0,0,0,0,0,0,0,0,0,0,0,0,0
511319303022120,"Block 2120, Block Group 2, Census Tract 9303.02, Northampton County, Virginia",0,0,0,0,0,0,0,0,0,0,0,0,0,0,0,0,0,0,0,0,0
511319303021081,"Block 1081, Block Group 1, Census Tract 9303.02, Northampton County, Virginia",126,4,9,107,0,0,0,0,6,89,37,67,41,55,11,32,12,4,0,4,0
511319303021082,"Block 1082, Block Group 1, Census Tract 9303.02, Northampton County, Virginia",42,0,6,36,0,0,0,0,0,36,6,22,20,21,6,9,6,0,0,0,0
511319303021084,"Block 1084, Block Group 1, Census Tract 9303.02, Northampton County, Virginia",11,1,9,0,0,0,0,0,1,9,2,8,8,3,1,2,0,2,0,2,0
511319303021085,"Block 1085, Block Group 1, Census Tract 9303.02, Northampton County, Virginia",0,0,0,0,0,0,0,0,0,0,0,0,0,0,0,0,0,0,0,0,0
511319303021087,"Block 1087, Block Group 1, Census Tract 9303.02, Northampton County, Virginia",0,0,0,0,0,0,0,0,0,0,0,0,0,0,0,0,0,0,0,0,0
511319303021088,"Block 1088, Block Group 1, Census Tract 9303.02, Northampton County, Virginia",4,1,3,0,0,0,0,0,0,3,1,7,5,2,0,0,2,0,0,0,0
511319303021090,"Block 1090, Block Group 1, Census Tract 9303.02, Northampton County, Virginia",10,0,9,0,0,0,0,0,1,9,1,4,4,4,0,3,1,0,0,0,0
511319303021091,"Block 1091, Block Group 1, Census Tract 9303.02, Northampton County, Virginia",17,1,11,1,0,3,0,0,1,13,4,6,6,20,5,7,8,0,0,0,0
511319303021092,"Block 1092, Block Group 1, Census Tract 9303.02, Northampton County, Virginia",10,0,6,2,0,0,0,0,2,6,4,6,3,3,0,0,3,0,0,0,0
511319303021094,"Block 1094, Block Group 1, Census Tract 9303.02, Northampton County, Virginia",9,1,7,0,0,0,0,0,1,7,2,3,0,6,1,1,4,0,0,0,0
511319303021095,"Block 1095, Block Group 1, Census Tract 9303.02, Northampton County, Virginia",3,0,0,1,0,0,0,0,2,2,1,2,0,0,0,0,0,0,0,0,0
511319303021097,"Block 1097, Block Group 1, Census Tract 9303.02, Northampton County, Virginia",15,0,0,15,0,0,0,0,0,10,5,3,3,8,1,5,2,1,1,0,0
511319303021098,"Block 1098, Block Group 1, Census Tract 9303.02, Northampton County, Virginia",29,0,21,7,0,0,0,0,1,27,2,21,15,14,2,6,6,17,2,13,2
511319303021099,"Block 1099, Block Group 1, Census Tract 9303.02, Northampton County, Virginia",3,0,1,2,0,0,0,0,0,3,0,1,1,0,0,0,0,0,0,0,0
511319303021101,"Block 1101, Block Group 1, Census Tract 9303.02, Northampton County, Virginia",8,0,5,2,0,0,0,0,1,6,2,5,3,4,1,2,1,0,0,0,0
511319303021102,"Block 1102, Block Group 1, Census Tract 9303.02, Northampton County, Virginia",13,1,12,0,0,0,0,0,0,12,1,10,7,5,0,1,4,0,0,0,0
511319303021104,"Block 1104, Block Group 1, Census Tract 9303.02, Northampton County, Virginia",17,0,0,11,0,0,0,0,6,13,4,5,5,11,3,5,3,0,0,0,0
511319303021105,"Block 1105, Block Group 1, Census Tract 9303.02, Northampton County, Virginia",0,0,0,0,0,0,0,0,0,0,0,0,0,0,0,0,0,0,0,0,0
511319303021107,"Block 1107, Block Group 1, Census Tract 9303.02, Northampton County, Virginia",0,0,0,0,0,0,0,0,0,0,0,0,0,0,0,0,0,0,0,0,0
511319303021108,"Block 1108, Block Group 1, Census Tract 9303.02, Northampton County, Virginia",0,0,0,0,0,0,0,0,0,0,0,0,0,0,0,0,0,0,0,0,0
511319303021109,"Block 1109, Block Group 1, Census Tract 9303.02, Northampton County, Virginia",0,0,0,0,0,0,0,0,0,0,0,0,0,0,0,0,0,0,0,0,0
511319303021110,"Block 1110, Block Group 1, Census Tract 9303.02, Northampton County, Virginia",0,0,0,0,0,0,0,0,0,0,0,0,0,0,0,0,0,0,0,0,0
511319303021111,"Block 1111, Block Group 1, Census Tract 9303.02, Northampton County, Virginia",0,0,0,0,0,0,0,0,0,0,0,0,0,0,0,0,0,0,0,0,0
511319303021112,"Block 1112, Block Group 1, Census Tract 9303.02, Northampton County, Virginia",0,0,0,0,0,0,0,0,0,0,0,0,0,0,0,0,0,0,0,0,0
511319303022000,"Block 2000, Block Group 2, Census Tract 9303.02, Northampton County, Virginia",0,0,0,0,0,0,0,0,0,0,0,0,0,0,0,0,0,0,0,0,0
511319303022121,"Block 2121, Block Group 2, Census Tract 9303.02, Northampton County, Virginia",0,0,0,0,0,0,0,0,0,0,0,0,0,0,0,0,0,0,0,0,0
511319303022123,"Block 2123, Block Group 2, Census Tract 9303.02, Northampton County, Virginia",0,0,0,0,0,0,0,0,0,0,0,0,0,0,0,0,0,0,0,0,0
511319901000001,"Block 0001, Block Group 0, Census Tract 9901, Northampton County, Virginia",0,0,0,0,0,0,0,0,0,0,0,0,0,0,0,0,0,0,0,0,0
511319901000002,"Block 0002, Block Group 0, Census Tract 9901, Northampton County, Virginia",0,0,0,0,0,0,0,0,0,0,0,0,0,0,0,0,0,0,0,0,0
511319901000003,"Block 0003, Block Group 0, Census Tract 9901, Northampton County, Virginia",0,0,0,0,0,0,0,0,0,0,0,0,0,0,0,0,0,0,0,0,0
511319901000004,"Block 0004, Block Group 0, Census Tract 9901, Northampton County, Virginia",0,0,0,0,0,0,0,0,0,0,0,0,0,0,0,0,0,0,0,0,0
511319901000005,"Block 0005, Block Group 0, Census Tract 9901, Northampton County, Virginia",0,0,0,0,0,0,0,0,0,0,0,0,0,0,0,0,0,0,0,0,0
511319901000006,"Block 0006, Block Group 0, Census Tract 9901, Northampton County, Virginia",0,0,0,0,0,0,0,0,0,0,0,0,0,0,0,0,0,0,0,0,0
511319901000007,"Block 0007, Block Group 0, Census Tract 9901, Northampton County, Virginia",0,0,0,0,0,0,0,0,0,0,0,0,0,0,0,0,0,0,0,0,0
511319901000008,"Block 0008, Block Group 0, Census Tract 9901, Northampton County, Virginia",0,0,0,0,0,0,0,0,0,0,0,0,0,0,0,0,0,0,0,0,0
511319901000009,"Block 0009, Block Group 0, Census Tract 9901, Northampton County, Virginia",0,0,0,0,0,0,0,0,0,0,0,0,0,0,0,0,0,0,0,0,0
511319901000010,"Block 0010, Block Group 0, Census Tract 9901, Northampton County, Virginia",0,0,0,0,0,0,0,0,0,0,0,0,0,0,0,0,0,0,0,0,0
511319901000011,"Block 0011, Block Group 0, Census Tract 9901, Northampton County, Virginia",0,0,0,0,0,0,0,0,0,0,0,0,0,0,0,0,0,0,0,0,0
511319901000012,"Block 0012, Block Group 0, Census Tract 9901, Northampton County, Virginia",0,0,0,0,0,0,0,0,0,0,0,0,0,0,0,0,0,0,0,0,0
511319901000013,"Block 0013, Block Group 0, Census Tract 9901, Northampton County, Virginia",0,0,0,0,0,0,0,0,0,0,0,0,0,0,0,0,0,0,0,0,0
511319901000014,"Block 0014, Block Group 0, Census Tract 9901, Northampton County, Virginia",0,0,0,0,0,0,0,0,0,0,0,0,0,0,0,0,0,0,0,0,0
511319901000015,"Block 0015, Block Group 0, Census Tract 9901, Northampton County, Virginia",0,0,0,0,0,0,0,0,0,0,0,0,0,0,0,0,0,0,0,0,0
511319901000016,"Block 0016, Block Group 0, Census Tract 9901, Northampton County, Virginia",0,0,0,0,0,0,0,0,0,0,0,0,0,0,0,0,0,0,0,0,0
511319901000018,"Block 0018, Block Group 0, Census Tract 9901, Northampton County, Virginia",0,0,0,0,0,0,0,0,0,0,0,0,0,0,0,0,0,0,0,0,0
511319901000019,"Block 0019, Block Group 0, Census Tract 9901, Northampton County, Virginia",0,0,0,0,0,0,0,0,0,0,0,0,0,0,0,0,0,0,0,0,0
511319901000021,"Block 0021, Block Group 0, Census Tract 9901, Northampton County, Virginia",0,0,0,0,0,0,0,0,0,0,0,0,0,0,0,0,0,0,0,0,0
511319901000022,"Block 0022, Block Group 0, Census Tract 9901, Northampton County, Virginia",0,0,0,0,0,0,0,0,0,0,0,0,0,0,0,0,0,0,0,0,0
511319901000023,"Block 0023, Block Group 0, Census Tract 9901, Northampton County, Virginia",0,0,0,0,0,0,0,0,0,0,0,0,0,0,0,0,0,0,0,0,0
511319901000025,"Block 0025, Block Group 0, Census Tract 9901, Northampton County, Virginia",0,0,0,0,0,0,0,0,0,0,0,0,0,0,0,0,0,0,0,0,0
511319901000026,"Block 0026, Block Group 0, Census Tract 9901, Northampton County, Virginia",0,0,0,0,0,0,0,0,0,0,0,0,0,0,0,0,0,0,0,0,0
511319901000028,"Block 0028, Block Group 0, Census Tract 9901, Northampton County, Virginia",0,0,0,0,0,0,0,0,0,0,0,0,0,0,0,0,0,0,0,0,0
511319302001009,"Block 1009, Block Group 1, Census Tract 9302, Northampton County, Virginia",10,5,0,5,0,0,0,0,0,5,5,2,2,4,0,2,2,0,0,0,0
511319302001010,"Block 1010, Block Group 1, Census Tract 9302, Northampton County, Virginia",0,0,0,0,0,0,0,0,0,0,0,0,0,0,0,0,0,0,0,0,0
511319302001011,"Block 1011, Block Group 1, Census Tract 9302, Northampton County, Virginia",22,1,16,3,0,0,0,0,2,18,4,15,9,15,1,8,6,15,1,9,5
511319302001012,"Block 1012, Block Group 1, Census Tract 9302, Northampton County, Virginia",0,0,0,0,0,0,0,0,0,0,0,0,0,0,0,0,0,0,0,0,0
511319302001013,"Block 1013, Block Group 1, Census Tract 9302, Northampton County, Virginia",0,0,0,0,0,0,0,0,0,0,0,0,0,0,0,0,0,0,0,0,0
511319302001014,"Block 1014, Block Group 1, Census Tract 9302, Northampton County, Virginia",0,0,0,0,0,0,0,0,0,0,0,0,0,0,0,0,0,0,0,0,0
511319302001015,"Block 1015, Block Group 1, Census Tract 9302, Northampton County, Virginia",14,1,9,3,0,0,0,0,1,10,4,7,7,5,0,4,1,1,1,0,0
511319302001016,"Block 1016, Block Group 1, Census Tract 9302, Northampton County, Virginia",0,0,0,0,0,0,0,0,0,0,0,0,0,0,0,0,0,0,0,0,0
511319302001017,"Block 1017, Block Group 1, Census Tract 9302, Northampton County, Virginia",33,3,9,18,0,1,0,0,2,31,2,13,10,9,2,3,4,4,1,3,0
511319302001018,"Block 1018, Block Group 1, Census Tract 9302, Northampton County, Virginia",20,0,11,8,0,0,0,0,1,18,2,15,7,7,1,3,3,0,0,0,0
511319302001019,"Block 1019, Block Group 1, Census Tract 9302, Northampton County, Virginia",0,0,0,0,0,0,0,0,0,0,0,0,0,0,0,0,0,0,0,0,0
511319302001020,"Block 1020, Block Group 1, Census Tract 9302, Northampton County, Virginia",115,1,112,1,0,1,0,0,0,106,9,85,61,41,11,10,20,17,4,2,11
511319302001021,"Block 1021, Block Group 1, Census Tract 9302, Northampton County, Virginia",21,14,4,2,0,0,0,0,1,9,12,1,0,7,2,1,4,0,0,0,0
511319302001023,"Block 1023, Block Group 1, Census Tract 9302, Northampton County, Virginia",17,0,16,0,0,0,0,1,0,16,1,14,14,6,0,3,3,0,0,0,0
511319302001024,"Block 1024, Block Group 1, Census Tract 9302, Northampton County, Virginia",0,0,0,0,0,0,0,0,0,0,0,0,0,0,0,0,0,0,0,0,0
511319302001026,"Block 1026, Block Group 1, Census Tract 9302, Northampton County, Virginia",0,0,0,0,0,0,0,0,0,0,0,0,0,0,0,0,0,0,0,0,0
511319302001027,"Block 1027, Block Group 1, Census Tract 9302, Northampton County, Virginia",0,0,0,0,0,0,0,0,0,0,0,0,0,0,0,0,0,0,0,0,0
511319302001028,"Block 1028, Block Group 1, Census Tract 9302, Northampton County, Virginia",51,4,29,18,0,0,0,0,0,43,8,27,16,15,0,9,6,2,1,1,0
511319302001030,"Block 1030, Block Group 1, Census Tract 9302, Northampton County, Virginia",11,2,0,9,0,0,0,0,0,10,1,11,3,5,0,3,2,0,0,0,0
511319302001031,"Block 1031, Block Group 1, Census Tract 9302, Northampton County, Virginia",19,2,1,15,1,0,0,0,0,12,7,15,10,5,0,1,4,1,1,0,0
511319302001033,"Block 1033, Block Group 1, Census Tract 9302, Northampton County, Virginia",17,0,4,13,0,0,0,0,0,12,5,11,4,5,0,4,1,0,0,0,0
511319302001034,"Block 1034, Block Group 1, Census Tract 9302, Northampton County, Virginia",10,3,6,0,0,1,0,0,0,1,9,1,1,9,2,4,3,0,0,0,0
511319302001036,"Block 1036, Block Group 1, Census Tract 9302, Northampton County, Virginia",61,2,59,0,0,0,0,0,0,52,9,45,42,20,3,6,11,24,7,11,6
511319302001037,"Block 1037, Block Group 1, Census Tract 9302, Northampton County, Virginia",58,1,57,0,0,0,0,0,0,51,7,56,29,23,3,12,8,0,0,0,0
511319302001038,"Block 1038, Block Group 1, Census Tract 9302, Northampton County, Virginia",0,0,0,0,0,0,0,0,0,0,0,0,0,0,0,0,0,0,0,0,0
511319302002000,"Block 2000, Block Group 2, Census Tract 9302, Northampton County, Virginia",79,5,16,56,2,0,0,0,0,75,4,51,47,31,5,12,14,6,1,5,0
511319302002001,"Block 2001, Block Group 2, Census Tract 9302, Northampton County, Virginia",48,3,5,40,0,0,0,0,0,46,2,28,20,17,2,9,6,0,0,0,0
511319302002003,"Block 2003, Block Group 2, Census Tract 9302, Northampton County, Virginia",64,13,6,41,0,0,0,4,0,47,17,40,34,28,5,11,12,0,0,0,0
511319302002004,"Block 2004, Block Group 2, Census Tract 9302, Northampton County, Virginia",0,0,0,0,0,0,0,0,0,0,0,0,0,0,0,0,0,0,0,0,0
511319302002006,"Block 2006, Block Group 2, Census Tract 9302, Northampton County, Virginia",9,1,8,0,0,0,0,0,0,9,0,10,10,2,0,1,1,0,0,0,0
511319302002007,"Block 2007, Block Group 2, Census Tract 9302, Northampton County, Virginia",26,8,12,6,0,0,0,0,0,14,12,5,5,11,0,6,5,0,0,0,0
511319302002008,"Block 2008, Block Group 2, Census Tract 9302, Northampton County, Virginia",0,0,0,0,0,0,0,0,0,0,0,0,0,0,0,0,0,0,0,0,0
511319302002010,"Block 2010, Block Group 2, Census Tract 9302, Northampton County, Virginia",0,0,0,0,0,0,0,0,0,0,0,0,0,0,0,0,0,0,0,0,0
511319302002011,"Block 2011, Block Group 2, Census Tract 9302, Northampton County, Virginia",0,0,0,0,0,0,0,0,0,0,0,0,0,0,0,0,0,0,0,0,0
511319302002013,"Block 2013, Block Group 2, Census Tract 9302, Northampton County, Virginia",3,2,0,1,0,0,0,0,0,3,0,2,1,1,0,1,0,283,39,87,157
511319302002014,"Block 2014, Block Group 2, Census Tract 9302, Northampton County, Virginia",0,0,0,0,0,0,0,0,0,0,0,0,0,0,0,0,0,0,0,0,0
511319302002016,"Block 2016, Block Group 2, Census Tract 9302, Northampton County, Virginia",75,3,70,0,0,2,0,0,0,61,14,39,31,24,3,11,10,0,0,0,0
511319302002017,"Block 2017, Block Group 2, Census Tract 9302, Northampton County, Virginia",36,0,33,3,0,0,0,0,0,33,3,16,16,9,1,5,3,0,0,0,0
511319302002018,"Block 2018, Block Group 2, Census Tract 9302, Northampton County, Virginia",27,5,20,2,0,0,0,0,0,21,6,11,1,8,2,3,3,0,0,0,0
511319302002019,"Block 2019, Block Group 2, Census Tract 9302, Northampton County, Virginia",128,2,112,8,0,4,0,2,0,113,15,82,65,69,12,19,38,11,5,6,0
511319302002020,"Block 2020, Block Group 2, Census Tract 9302, Northampton County, Virginia",0,0,0,0,0,0,0,0,0,0,0,0,0,0,0,0,0,0,0,0,0
511319302002021,"Block 2021, Block Group 2, Census Tract 9302, Northampton County, Virginia",0,0,0,0,0,0,0,0,0,0,0,0,0,0,0,0,0,0,0,0,0
511319302002022,"Block 2022, Block Group 2, Census Tract 9302, Northampton County, Virginia",0,0,0,0,0,0,0,0,0,0,0,0,0,0,0,0,0,0,0,0,0
511319302002023,"Block 2023, Block Group 2, Census Tract 9302, Northampton County, Virginia",0,0,0,0,0,0,0,0,0,0,0,0,0,0,0,0,0,0,0,0,0
511319302002024,"Block 2024, Block Group 2, Census Tract 9302, Northampton County, Virginia",0,0,0,0,0,0,0,0,0,0,0,0,0,0,0,0,0,0,0,0,0
511319302002025,"Block 2025, Block Group 2, Census Tract 9302, Northampton County, Virginia",0,0,0,0,0,0,0,0,0,0,0,0,0,0,0,0,0,0,0,0,0
511319302002026,"Block 2026, Block Group 2, Census Tract 9302, Northampton County, Virginia",0,0,0,0,0,0,0,0,0,0,0,0,0,0,0,0,0,0,0,0,0
511319302002027,"Block 2027, Block Group 2, Census Tract 9302, Northampton County, Virginia",4,1,0,0,0,0,0,0,3,4,0,2,2,0,0,0,0,40,8,14,18
511319302002028,"Block 2028, Block Group 2, Census Tract 9302, Northampton County, Virginia",32,1,26,5,0,0,0,0,0,31,1,15,9,14,5,5,4,0,0,0,0
511319301001000,"Block 1000, Block Group 1, Census Tract 9301, Northampton County, Virginia",0,0,0,0,0,0,0,0,0,0,0,0,0,0,0,0,0,0,0,0,0
511319301001002,"Block 1002, Block Group 1, Census Tract 9301, Northampton County, Virginia",0,0,0,0,0,0,0,0,0,0,0,0,0,0,0,0,0,0,0,0,0
511319301001003,"Block 1003, Block Group 1, Census Tract 9301, Northampton County, Virginia",36,0,33,0,0,0,1,2,0,36,0,24,8,17,3,4,10,0,0,0,0
511319301001005,"Block 1005, Block Group 1, Census Tract 9301, Northampton County, Virginia",19,5,13,0,0,0,0,0,1,12,7,6,6,5,1,2,2,0,0,0,0
511319301001006,"Block 1006, Block Group 1, Census Tract 9301, Northampton County, Virginia",0,0,0,0,0,0,0,0,0,0,0,0,0,0,0,0,0,0,0,0,0
511319301001007,"Block 1007, Block Group 1, Census Tract 9301, Northampton County, Virginia",47,2,42,0,0,0,0,0,3,45,2,34,32,17,3,8,6,3,0,1,2
511319301001009,"Block 1009, Block Group 1, Census Tract 9301, Northampton County, Virginia",16,7,5,3,1,0,0,0,0,13,3,5,5,7,1,2,4,0,0,0,0
511319301001010,"Block 1010, Block Group 1, Census Tract 9301, Northampton County, Virginia",28,0,23,4,0,0,1,0,0,26,2,13,13,14,0,3,11,0,0,0,0
511319301001012,"Block 1012, Block Group 1, Census Tract 9301, Northampton County, Virginia",0,0,0,0,0,0,0,0,0,0,0,0,0,0,0,0,0,0,0,0,0
511319301001013,"Block 1013, Block Group 1, Census Tract 9301, Northampton County, Virginia",9,1,7,0,1,0,0,0,0,8,1,6,2,1,0,0,1,0,0,0,0
511319301001015,"Block 1015, Block Group 1, Census Tract 9301, Northampton County, Virginia",27,1,26,0,0,0,0,0,0,27,0,19,13,18,1,11,6,0,0,0,0
511319301001016,"Block 1016, Block Group 1, Census Tract 9301, Northampton County, Virginia",22,1,13,7,0,0,0,0,1,16,6,10,4,9,0,4,5,0,0,0,0
511319301001017,"Block 1017, Block Group 1, Census Tract 9301, Northampton County, Virginia",131,2,80,49,0,0,0,0,0,113,18,79,64,43,9,16,18,136,24,79,33
511319301001019,"Block 1019, Block Group 1, Census Tract 9301, Northampton County, Virginia",19,12,0,5,0,0,0,2,0,15,4,9,0,7,1,2,4,0,0,0,0
511319301001020,"Block 1020, Block Group 1, Census Tract 9301, Northampton County, Virginia",0,0,0,0,0,0,0,0,0,0,0,0,0,0,0,0,0,0,0,0,0
511319301001022,"Block 1022, Block Group 1, Census Tract 9301, Northampton County, Virginia",57,0,52,5,0,0,0,0,0,48,9,53,13,23,5,5,13,0,0,0,0
511319301001023,"Block 1023, Block Group 1, Census Tract 9301, Northampton County, Virginia",21,3,14,4,0,0,0,0,0,18,3,5,5,6,2,4,0,0,0,0,0
511319301001025,"Block 1025, Block Group 1, Census Tract 9301, Northampton County, Virginia",0,0,0,0,0,0,0,0,0,0,0,0,0,0,0,0,0,0,0,0,0
511319301001026,"Block 1026, Block Group 1, Census Tract 9301, Northampton County, Virginia",29,8,21,0,0,0,0,0,0,26,3,20,19,11,3,4,4,0,0,0,0
511319301001027,"Block 1027, Block Group 1, Census Tract 9301, Northampton County, Virginia",5,0,0,0,0,4,1,0,0,1,4,1,1,5,0,0,5,0,0,0,0
511319301001029,"Block 1029, Block Group 1, Census Tract 9301, Northampton County, Virginia",8,0,8,0,0,0,0,0,0,8,0,5,4,3,0,1,2,3,0,0,3
511319301001030,"Block 1030, Block Group 1, Census Tract 9301, Northampton County, Virginia",69,0,69,0,0,0,0,0,0,69,0,59,57,30,4,13,13,4,0,3,1
511319301001032,"Block 1032, Block Group 1, Census Tract 9301, Northampton County, Virginia",6,2,4,0,0,0,0,0,0,4,2,35,14,0,0,0,0,0,0,0,0
511319301001033,"Block 1033, Block Group 1, Census Tract 9301, Northampton County, Virginia",7,0,1,5,0,0,0,0,1,4,3,5,5,2,1,0,1,0,0,0,0
511319301002000,"Block 2000, Block Group 2, Census Tract 9301, Northampton County, Virginia",147,5,117,16,2,6,0,0,1,122,25,88,76,62,10,19,33,3,2,1,0
511319301002001,"Block 2001, Block Group 2, Census Tract 9301, Northampton County, Virginia",0,0,0,0,0,0,0,0,0,0,0,0,0,0,0,0,0,68,9,42,17
511319301002002,"Block 2002, Block Group 2, Census Tract 9301, Northampton County, Virginia",0,0,0,0,0,0,0,0,0,0,0,0,0,0,0,0,0,0,0,0,0
511319302002029,"Block 2029, Block Group 2, Census Tract 9302, Northampton County, Virginia",11,2,7,2,0,0,0,0,0,9,2,5,0,5,2,1,2,0,0,0,0
511319302002030,"Block 2030, Block Group 2, Census Tract 9302, Northampton County, Virginia",0,0,0,0,0,0,0,0,0,0,0,0,0,0,0,0,0,0,0,0,0
511319302002031,"Block 2031, Block Group 2, Census Tract 9302, Northampton County, Virginia",0,0,0,0,0,0,0,0,0,0,0,0,0,0,0,0,0,0,0,0,0
511319302002033,"Block 2033, Block Group 2, Census Tract 9302, Northampton County, Virginia",3,1,1,0,0,0,0,1,0,2,1,1,1,2,0,1,1,0,0,0,0
511319302002034,"Block 2034, Block Group 2, Census Tract 9302, Northampton County, Virginia",0,0,0,0,0,0,0,0,0,0,0,0,0,0,0,0,0,0,0,0,0
511319302002036,"Block 2036, Block Group 2, Census Tract 9302, Northampton County, Virginia",6,1,0,0,0,3,0,0,2,5,1,1,0,1,0,0,1,0,0,0,0
511319302002037,"Block 2037, Block Group 2, Census Tract 9302, Northampton County, Virginia",41,12,4,23,2,0,0,0,0,36,5,24,15,8,2,2,4,2,2,0,0
511319302002038,"Block 2038, Block Group 2, Census Tract 9302, Northampton County, Virginia",20,0,2,17,0,0,0,0,1,18,2,17,17,3,0,1,2,11,2,3,6
511319302002040,"Block 2040, Block Group 2, Census Tract 9302, Northampton County, Virginia",10,0,10,0,0,0,0,0,0,10,0,6,0,1,0,1,0,0,0,0,0
511319302002041,"Block 2041, Block Group 2, Census Tract 9302, Northampton County, Virginia",20,4,4,11,0,0,0,0,1,14,6,3,3,7,0,3,4,0,0,0,0
511319302003001,"Block 3001, Block Group 3, Census Tract 9302, Northampton County, Virginia",9,6,2,0,0,0,0,0,1,2,7,1,0,2,0,0,2,0,0,0,0
511319302003002,"Block 3002, Block Group 3, Census Tract 9302, Northampton County, Virginia",0,0,0,0,0,0,0,0,0,0,0,0,0,0,0,0,0,0,0,0,0
511319302003004,"Block 3004, Block Group 3, Census Tract 9302, Northampton County, Virginia",9,2,1,2,1,0,0,0,3,9,0,2,2,2,1,0,1,0,0,0,0
511319302003005,"Block 3005, Block Group 3, Census Tract 9302, Northampton County, Virginia",13,6,5,0,0,0,1,0,1,11,2,1,0,6,0,1,5,0,0,0,0
511319302003006,"Block 3006, Block Group 3, Census Tract 9302, Northampton County, Virginia",16,0,16,0,0,0,0,0,0,16,0,12,8,9,0,5,4,1,0,0,1
511319302003008,"Block 3008, Block Group 3, Census Tract 9302, Northampton County, Virginia",0,0,0,0,0,0,0,0,0,0,0,0,0,0,0,0,0,0,0,0,0
511319302003009,"Block 3009, Block Group 3, Census Tract 9302, Northampton County, Virginia",18,1,13,0,0,0,0,0,4,15,3,11,11,6,2,2,2,83,14,18,51
511319302003011,"Block 3011, Block Group 3, Census Tract 9302, Northampton County, Virginia",0,0,0,0,0,0,0,0,0,0,0,0,0,0,0,0,0,0,0,0,0
511319302003012,"Block 3012, Block Group 3, Census Tract 9302, Northampton County, Virginia",0,0,0,0,0,0,0,0,0,0,0,0,0,0,0,0,0,0,0,0,0
511319302003014,"Block 3014, Block Group 3, Census Tract 9302, Northampton County, Virginia",0,0,0,0,0,0,0,0,0,0,0,0,0,0,0,0,0,0,0,0,0
511319302003015,"Block 3015, Block Group 3, Census Tract 9302, Northampton County, Virginia",60,8,52,0,0,0,0,0,0,54,6,88,29,20,2,7,11,27,9,10,8
511319302003016,"Block 3016, Block Group 3, Census Tract 9302, Northampton County, Virginia",15,7,8,0,0,0,0,0,0,13,2,2,2,6,4,2,0,0,0,0,0
511319302003018,"Block 3018, Block Group 3, Census Tract 9302, Northampton County, Virginia",0,0,0,0,0,0,0,0,0,0,0,0,0,0,0,0,0,0,0,0,0
511319302003019,"Block 3019, Block Group 3, Census Tract 9302, Northampton County, Virginia",0,0,0,0,0,0,0,0,0,0,0,0,0,0,0,0,0,0,0,0,0
511319302003021,"Block 3021, Block Group 3, Census Tract 9302, Northampton County, Virginia",30,0,30,0,0,0,0,0,0,27,3,32,27,13,1,3,9,0,0,0,0
511319302003022,"Block 3022, Block Group 3, Census Tract 9302, Northampton County, Virginia",50,0,48,2,0,0,0,0,0,42,8,28,28,19,4,6,9,69,0,36,33
511319302003024,"Block 3024, Block Group 3, Census Tract 9302, Northampton County, Virginia",0,0,0,0,0,0,0,0,0,0,0,0,0,0,0,0,0,0,0,0,0
511319302003025,"Block 3025, Block Group 3, Census Tract 9302, Northampton County, Virginia",14,0,14,0,0,0,0,0,0,8,6,3,3,8,2,1,5,0,0,0,0
511319302003026,"Block 3026, Block Group 3, Census Tract 9302, Northampton County, Virginia",5,0,4,0,0,0,1,0,0,1,4,1,0,2,0,1,1,0,0,0,0
511319302003027,"Block 3027, Block Group 3, Census Tract 9302, Northampton County, Virginia",1,1,0,0,0,0,0,0,0,1,0,1,1,0,0,0,0,0,0,0,0
511319302003028,"Block 3028, Block Group 3, Census Tract 9302, Northampton County, Virginia",36,3,2,28,0,0,0,0,3,32,4,11,11,7,0,2,5,0,0,0,0
511319302003029,"Block 3029, Block Group 3, Census Tract 9302, Northampton County, Virginia",5,2,0,3,0,0,0,0,0,2,3,4,4,2,0,1,1,0,0,0,0
511319302003030,"Block 3030, Block Group 3, Census Tract 9302, Northampton County, Virginia",0,0,0,0,0,0,0,0,0,0,0,0,0,0,0,0,0,0,0,0,0
511319302003031,"Block 3031, Block Group 3, Census Tract 9302, Northampton County, Virginia",5,0,5,0,0,0,0,0,0,5,0,9,9,1,0,0,1,0,0,0,0
511319302003032,"Block 3032, Block Group 3, Census Tract 9302, Northampton County, Virginia",40,10,16,11,0,0,0,0,3,35,5,29,13,10,0,3,7,3,2,1,0
511319301002003,"Block 2003, Block Group 2, Census Tract 9301, Northampton County, Virginia",15,9,0,4,0,0,0,1,1,9,6,7,7,6,1,2,3,27,8,19,0
511319301002004,"Block 2004, Block Group 2, Census Tract 9301, Northampton County, Virginia",0,0,0,0,0,0,0,0,0,0,0,0,0,0,0,0,0,12,0,9,3
511319301002005,"Block 2005, Block Group 2, Census Tract 9301, Northampton County, Virginia",9,0,4,2,0,0,0,1,2,6,3,4,0,1,0,1,0,0,0,0,0
511319301002006,"Block 2006, Block Group 2, Census Tract 9301, Northampton County, Virginia",12,0,7,2,3,0,0,0,0,12,0,8,8,3,0,0,3,0,0,0,0
511319301002007,"Block 2007, Block Group 2, Census Tract 9301, Northampton County, Virginia",23,4,17,2,0,0,0,0,0,21,2,19,19,5,1,2,2,0,0,0,0
511319301002008,"Block 2008, Block Group 2, Census Tract 9301, Northampton County, Virginia",0,0,0,0,0,0,0,0,0,0,0,0,0,0,0,0,0,0,0,0,0
511319301002009,"Block 2009, Block Group 2, Census Tract 9301, Northampton County, Virginia",0,0,0,0,0,0,0,0,0,0,0,0,0,0,0,0,0,0,0,0,0
511319301002010,"Block 2010, Block Group 2, Census Tract 9301, Northampton County, Virginia",24,0,10,9,0,4,0,0,1,19,5,7,7,13,3,3,7,0,0,0,0
511319301002011,"Block 2011, Block Group 2, Census Tract 9301, Northampton County, Virginia",92,9,13,68,1,1,0,0,0,86,6,55,42,23,5,6,12,35,5,23,7
511319301002012,"Block 2012, Block Group 2, Census Tract 9301, Northampton County, Virginia",8,4,1,3,0,0,0,0,0,4,4,3,2,2,0,1,1,83,11,44,28
511319301002013,"Block 2013, Block Group 2, Census Tract 9301, Northampton County, Virginia",0,0,0,0,0,0,0,0,0,0,0,0,0,0,0,0,0,0,0,0,0
511319301002014,"Block 2014, Block Group 2, Census Tract 9301, Northampton County, Virginia",0,0,0,0,0,0,0,0,0,0,0,0,0,0,0,0,0,0,0,0,0
511319301002015,"Block 2015, Block Group 2, Census Tract 9301, Northampton County, Virginia",37,0,33,2,0,0,0,0,2,37,0,31,24,12,2,8,2,2,2,0,0
511319301002017,"Block 2017, Block Group 2, Census Tract 9301, Northampton County, Virginia",6,0,0,4,0,0,0,1,1,1,5,2,2,3,2,1,0,0,0,0,0
511319301002018,"Block 2018, Block Group 2, Census Tract 9301, Northampton County, Virginia",0,0,0,0,0,0,0,0,0,0,0,0,0,0,0,0,0,0,0,0,0
511319301002019,"Block 2019, Block Group 2, Census Tract 9301, Northampton County, Virginia",10,3,4,0,0,0,0,0,3,10,0,3,3,3,0,2,1,0,0,0,0
511319301002021,"Block 2021, Block Group 2, Census Tract 9301, Northampton County, Virginia",15,0,2,13,0,0,0,0,0,9,6,7,7,8,2,4,2,0,0,0,0
511319301002022,"Block 2022, Block Group 2, Census Tract 9301, Northampton County, Virginia",24,3,0,19,0,0,0,0,2,13,11,9,9,6,2,3,1,0,0,0,0
511319301002024,"Block 2024, Block Group 2, Census Tract 9301, Northampton County, Virginia",45,15,0,28,0,0,0,0,2,43,2,26,25,20,3,11,6,0,0,0,0
511319301002025,"Block 2025, Block Group 2, Census Tract 9301, Northampton County, Virginia",144,2,4,132,0,0,0,0,6,121,23,80,78,49,5,21,23,0,0,0,0
511319301002027,"Block 2027, Block Group 2, Census Tract 9301, Northampton County, Virginia",0,0,0,0,0,0,0,0,0,0,0,0,0,0,0,0,0,0,0,0,0
511319301002028,"Block 2028, Block Group 2, Census Tract 9301, Northampton County, Virginia",0,0,0,0,0,0,0,0,0,0,0,0,0,0,0,0,0,0,0,0,0
511319301002029,"Block 2029, Block Group 2, Census Tract 9301, Northampton County, Virginia",59,1,47,10,0,0,0,0,1,44,15,37,36,16,2,5,9,1,0,1,0
511319301002031,"Block 2031, Block Group 2, Census Tract 9301, Northampton County, Virginia",17,0,14,3,0,0,0,0,0,11,6,5,1,6,1,1,4,0,0,0,0
511319301002032,"Block 2032, Block Group 2, Census Tract 9301, Northampton County, Virginia",2,1,1,0,0,0,0,0,0,1,1,7,2,0,0,0,0,0,0,0,0
511319301002034,"Block 2034, Block Group 2, Census Tract 9301, Northampton County, Virginia",0,0,0,0,0,0,0,0,0,0,0,0,0,0,0,0,0,0,0,0,0
511319301002035,"Block 2035, Block Group 2, Census Tract 9301, Northampton County, Virginia",18,0,9,9,0,0,0,0,0,18,0,6,5,10,4,2,4,0,0,0,0
511319301002037,"Block 2037, Block Group 2, Census Tract 9301, Northampton County, Virginia",62,2,16,43,0,1,0,0,0,55,7,44,40,25,4,10,11,3,0,1,2
511319301002038,"Block 2038, Block Group 2, Census Tract 9301, Northampton County, Virginia",144,1,78,64,1,0,0,0,0,143,1,11,10,56,13,25,18,32,9,14,9
511319303022002,"Block 2002, Block Group 2, Census Tract 9303.02, Northampton County, Virginia",0,0,0,0,0,0,0,0,0,0,0,0,0,0,0,0,0,0,0,0,0
511319303022003,"Block 2003, Block Group 2, Census Tract 9303.02, Northampton County, Virginia",0,0,0,0,0,0,0,0,0,0,0,0,0,0,0,0,0,0,0,0,0
511319303022004,"Block 2004, Block Group 2, Census Tract 9303.02, Northampton County, Virginia",0,0,0,0,0,0,0,0,0,0,0,0,0,0,0,0,0,0,0,0,0
511319303022005,"Block 2005, Block Group 2, Census Tract 9303.02, Northampton County, Virginia",0,0,0,0,0,0,0,0,0,0,0,0,0,0,0,0,0,0,0,0,0
511319303022006,"Block 2006, Block Group 2, Census Tract 9303.02, Northampton County, Virginia",0,0,0,0,0,0,0,0,0,0,0,0,0,0,0,0,0,0,0,0,0
511319303022008,"Block 2008, Block Group 2, Census Tract 9303.02, Northampton County, Virginia",0,0,0,0,0,0,0,0,0,0,0,0,0,0,0,0,0,0,0,0,0
511319303022009,"Block 2009, Block Group 2, Census Tract 9303.02, Northampton County, Virginia",0,0,0,0,0,0,0,0,0,0,0,0,0,0,0,0,0,0,0,0,0
511319303022010,"Block 2010, Block Group 2, Census Tract 9303.02, Northampton County, Virginia",0,0,0,0,0,0,0,0,0,0,0,0,0,0,0,0,0,0,0,0,0
511319303022011,"Block 2011, Block Group 2, Census Tract 9303.02, Northampton County, Virginia",0,0,0,0,0,0,0,0,0,0,0,0,0,0,0,0,0,0,0,0,0
511319303022012,"Block 2012, Block Group 2, Census Tract 9303.02, Northampton County, Virginia",7,0,6,0,0,0,0,0,1,6,1,2,0,1,0,0,1,0,0,0,0
511319303022013,"Block 2013, Block Group 2, Census Tract 9303.02, Northampton County, Virginia",0,0,0,0,0,0,0,0,0,0,0,0,0,0,0,0,0,0,0,0,0
511319303022014,"Block 2014, Block Group 2, Census Tract 9303.02, Northampton County, Virginia",0,0,0,0,0,0,0,0,0,0,0,0,0,0,0,0,0,0,0,0,0
511319303022015,"Block 2015, Block Group 2, Census Tract 9303.02, Northampton County, Virginia",0,0,0,0,0,0,0,0,0,0,0,0,0,0,0,0,0,0,0,0,0
511319303022016,"Block 2016, Block Group 2, Census Tract 9303.02, Northampton County, Virginia",0,0,0,0,0,0,0,0,0,0,0,0,0,0,0,0,0,0,0,0,0
511319302003034,"Block 3034, Block Group 3, Census Tract 9302, Northampton County, Virginia",0,0,0,0,0,0,0,0,0,0,0,0,0,0,0,0,0,0,0,0,0
511319302003035,"Block 3035, Block Group 3, Census Tract 9302, Northampton County, Virginia",0,0,0,0,0,0,0,0,0,0,0,0,0,0,0,0,0,0,0,0,0
511319302003036,"Block 3036, Block Group 3, Census Tract 9302, Northampton County, Virginia",44,0,35,7,0,1,0,0,1,36,8,25,5,22,4,7,11,0,0,0,0
511319302003038,"Block 3038, Block Group 3, Census Tract 9302, Northampton County, Virginia",0,0,0,0,0,0,0,0,0,0,0,0,0,0,0,0,0,0,0,0,0
511319302003039,"Block 3039, Block Group 3, Census Tract 9302, Northampton County, Virginia",0,0,0,0,0,0,0,0,0,0,0,0,0,0,0,0,0,0,0,0,0
511319302003041,"Block 3041, Block Group 3, Census Tract 9302, Northampton County, Virginia",9,6,3,0,0,0,0,0,0,7,2,4,0,5,1,3,1,0,0,0,0
511319302003042,"Block 3042, Block Group 3, Census Tract 9302, Northampton County, Virginia",4,0,2,2,0,0,0,0,0,2,2,2,2,0,0,0,0,5,0,3,2
511319302003044,"Block 3044, Block Group 3, Census Tract 9302, Northampton County, Virginia",27,1,22,3,0,0,0,0,1,16,11,7,7,17,1,8,8,0,0,0,0
511319302003045,"Block 3045, Block Group 3, Census Tract 9302, Northampton County, Virginia",13,4,4,5,0,0,0,0,0,12,1,6,6,5,2,2,1,0,0,0,0
511319302003046,"Block 3046, Block Group 3, Census Tract 9302, Northampton County, Virginia",60,12,33,15,0,0,0,0,0,41,19,26,22,15,4,3,8,0,0,0,0
511319302003047,"Block 3047, Block Group 3, Census Tract 9302, Northampton County, Virginia",8,0,5,1,0,2,0,0,0,7,1,4,4,3,0,0,3,0,0,0,0
511319302003048,"Block 3048, Block Group 3, Census Tract 9302, Northampton County, Virginia",0,0,0,0,0,0,0,0,0,0,0,0,0,0,0,0,0,0,0,0,0
511319302003049,"Block 3049, Block Group 3, Census Tract 9302, Northampton County, Virginia",62,3,4,54,0,0,0,0,1,49,13,35,25,18,3,8,7,0,0,0,0
511319302003050,"Block 3050, Block Group 3, Census Tract 9302, Northampton County, Virginia",0,0,0,0,0,0,0,0,0,0,0,0,0,0,0,0,0,0,0,0,0
511319302003051,"Block 3051, Block Group 3, Census Tract 9302, Northampton County, Virginia",27,14,8,1,0,0,0,0,4,18,9,10,10,13,2,5,6,18,6,7,5
511319302003052,"Block 3052, Block Group 3, Census Tract 9302, Northampton County, Virginia",0,0,0,0,0,0,0,0,0,0,0,0,0,0,0,0,0,0,0,0,0
511319302003053,"Block 3053, Block Group 3, Census Tract 9302, Northampton County, Virginia",0,0,0,0,0,0,0,0,0,0,0,0,0,0,0,0,0,0,0,0,0
511319302003054,"Block 3054, Block Group 3, Census Tract 9302, Northampton County, Virginia",0,0,0,0,0,0,0,0,0,0,0,0,0,0,0,0,0,0,0,0,0
511319302003055,"Block 3055, Block Group 3, Census Tract 9302, Northampton County, Virginia",79,42,15,22,0,0,0,0,0,63,16,33,33,14,3,7,4,2,0,2,0
511319302003056,"Block 3056, Block Group 3, Census Tract 9302, Northampton County, Virginia",8,0,6,2,0,0,0,0,0,5,3,3,0,3,0,0,3,0,0,0,0
511319303022017,"Block 2017, Block Group 2, Census Tract 9303.02, Northampton County, Virginia",20,1,13,6,0,0,0,0,0,11,9,9,9,10,1,3,6,0,0,0,0
511319303022019,"Block 2019, Block Group 2, Census Tract 9303.02, Northampton County, Virginia",6,0,2,3,1,0,0,0,0,4,2,4,0,2,0,1,1,0,0,0,0
511319303022020,"Block 2020, Block Group 2, Census Tract 9303.02, Northampton County, Virginia",0,0,0,0,0,0,0,0,0,0,0,0,0,0,0,0,0,0,0,0,0
511319303022022,"Block 2022, Block Group 2, Census Tract 9303.02, Northampton County, Virginia",8,0,0,8,0,0,0,0,0,4,4,5,0,0,0,0,0,8,2,4,2
511319303022023,"Block 2023, Block Group 2, Census Tract 9303.02, Northampton County, Virginia",44,1,42,1,0,0,0,0,0,31,13,25,9,14,1,7,6,10,1,3,6
511319303022024,"Block 2024, Block Group 2, Census Tract 9303.02, Northampton County, Virginia",0,0,0,0,0,0,0,0,0,0,0,0,0,0,0,0,0,0,0,0,0
511319303022026,"Block 2026, Block Group 2, Census Tract 9303.02, Northampton County, Virginia",109,1,107,1,0,0,0,0,0,107,2,100,59,49,5,21,23,0,0,0,0
511319303022027,"Block 2027, Block Group 2, Census Tract 9303.02, Northampton County, Virginia",0,0,0,0,0,0,0,0,0,0,0,0,0,0,0,0,0,0,0,0,0
511319303022029,"Block 2029, Block Group 2, Census Tract 9303.02, Northampton County, Virginia",87,3,69,12,0,0,0,0,3,75,12,52,42,35,8,17,10,0,0,0,0
511319303022030,"Block 2030, Block Group 2, Census Tract 9303.02, Northampton County, Virginia",0,0,0,0,0,0,0,0,0,0,0,0,0,0,0,0,0,0,0,0,0
511319303022032,"Block 2032, Block Group 2, Census Tract 9303.02, Northampton County, Virginia",22,1,21,0,0,0,0,0,0,14,8,12,12,3,0,3,0,1,0,1,0
511319303022033,"Block 2033, Block Group 2, Census Tract 9303.02, Northampton County, Virginia",0,0,0,0,0,0,0,0,0,0,0,0,0,0,0,0,0,0,0,0,0
511319303022034,"Block 2034, Block Group 2, Census Tract 9303.02, Northampton County, Virginia",1,0,0,1,0,0,0,0,0,1,0,1,1,0,0,0,0,0,0,0,0
511319303022036,"Block 2036, Block Group 2, Census Tract 9303.02, Northampton County, Virginia",3,0,0,2,0,1,0,0,0,1,2,8,0,6,2,1,3,0,0,0,0
511319303022037,"Block 2037, Block Group 2, Census Tract 9303.02, Northampton County, Virginia",0,0,0,0,0,0,0,0,0,0,0,0,0,0,0,0,0,0,0,0,0
511319303022039,"Block 2039, Block Group 2, Census Tract 9303.02, Northampton County, Virginia",13,0,8,5,0,0,0,0,0,13,0,6,0,4,0,1,3,20,5,12,3
511319303022040,"Block 2040, Block Group 2, Census Tract 9303.02, Northampton County, Virginia",3,2,0,0,0,0,0,0,1,3,0,1,0,3,1,1,1,0,0,0,0
511319303022041,"Block 2041, Block Group 2, Census Tract 9303.02, Northampton County, Virginia",6,0,6,0,0,0,0,0,0,6,0,1,0,2,0,1,1,4,1,3,0
511319303022043,"Block 2043, Block Group 2, Census Tract 9303.02, Northampton County, Virginia",24,0,15,9,0,0,0,0,0,24,0,7,7,10,1,6,3,0,0,0,0
511319303022044,"Block 2044, Block Group 2, Census Tract 9303.02, Northampton County, Virginia",0,0,0,0,0,0,0,0,0,0,0,0,0,0,0,0,0,0,0,0,0
511319303022046,"Block 2046, Block Group 2, Census Tract 9303.02, Northampton County, Virginia",48,1,45,0,0,0,0,0,2,35,13,22,22,25,4,6,15,0,0,0,0
511319303022047,"Block 2047, Block Group 2, Census Tract 9303.02, Northampton County, Virginia",6,0,6,0,0,0,0,0,0,6,0,6,3,7,2,1,4,0,0,0,0
511319303022049,"Block 2049, Block Group 2, Census Tract 9303.02, Northampton County, Virginia",8,3,5,0,0,0,0,0,0,4,4,5,5,2,0,2,0,0,0,0,0
511319303022050,"Block 2050, Block Group 2, Census Tract 9303.02, Northampton County, Virginia",0,0,0,0,0,0,0,0,0,0,0,0,0,0,0,0,0,0,0,0,0
511319303022051,"Block 2051, Block Group 2, Census Tract 9303.02, Northampton County, Virginia",76,0,31,44,0,0,0,0,1,58,18,42,36,27,5,9,13,2,1,1,0
511319303022052,"Block 2052, Block Group 2, Census Tract 9303.02, Northampton County, Virginia",5,2,3,0,0,0,0,0,0,3,2,2,0,1,0,0,1,0,0,0,0
511319303022053,"Block 2053, Block Group 2, Census Tract 9303.02, Northampton County, Virginia",15,2,13,0,0,0,0,0,0,13,2,6,6,4,0,2,2,1,0,0,1
511319303022054,"Block 2054, Block Group 2, Census Tract 9303.02, Northampton County, Virginia",8,0,6,2,0,0,0,0,0,8,0,4,4,4,1,2,1,0,0,0,0
511319303022055,"Block 2055, Block Group 2, Census Tract 9303.02, Northampton County, Virginia",8,0,6,0,2,0,0,0,0,8,0,10,10,2,1,1,0,0,0,0,0
511319303022057,"Block 2057, Block Group 2, Census Tract 9303.02, Northampton County, Virginia",12,0,11,1,0,0,0,0,0,12,0,8,3,8,3,4,1,0,0,0,0
511319303022058,"Block 2058, Block Group 2, Census Tract 9303.02, Northampton County, Virginia",0,0,0,0,0,0,0,0,0,0,0,0,0,0,0,0,0,0,0,0,0
511319303022059,"Block 2059, Block Group 2, Census Tract 9303.02, Northampton County, Virginia",8,0,8,0,0,0,0,0,0,1,7,1,0,2,1,0,1,0,0,0,0
511319303022060,"Block 2060, Block Group 2, Census Tract 9303.02, Northampton County, Virginia",37,0,21,16,0,0,0,0,0,37,0,23,19,21,0,10,11,0,0,0,0
511319303022061,"Block 2061, Block Group 2, Census Tract 9303.02, Northampton County, Virginia",3,0,2,0,0,0,0,0,1,2,1,4,4,0,0,0,0,3,2,0,1
511319303022062,"Block 2062, Block Group 2, Census Tract 9303.02, Northampton County, Virginia",39,0,31,8,0,0,0,0,0,30,9,29,29,22,3,8,11,3,0,1,2
511319303022063,"Block 2063, Block Group 2, Census Tract 9303.02, Northampton County, Virginia",9,0,7,1,0,0,0,0,1,9,0,5,5,4,0,2,2,0,0,0,0
511319302003057,"Block 3057, Block Group 3, Census Tract 9302, Northampton County, Virginia",30,19,7,3,1,0,0,0,0,19,11,9,4,14,2,7,5,0,0,0,0
511319302003058,"Block 3058, Block Group 3, Census Tract 9302, Northampton County, Virginia",0,0,0,0,0,0,0,0,0,0,0,0,0,0,0,0,0,0,0,0,0
511319302003060,"Block 3060, Block Group 3, Census Tract 9302, Northampton County, Virginia",0,0,0,0,0,0,0,0,0,0,0,0,0,0,0,0,0,0,0,0,0
511319302004000,"Block 4000, Block Group 4, Census Tract 9302, Northampton County, Virginia",0,0,0,0,0,0,0,0,0,0,0,0,0,0,0,0,0,0,0,0,0
511319302004002,"Block 4002, Block Group 4, Census Tract 9302, Northampton County, Virginia",0,0,0,0,0,0,0,0,0,0,0,0,0,0,0,0,0,0,0,0,0
511319302004003,"Block 4003, Block Group 4, Census Tract 9302, Northampton County, Virginia",0,0,0,0,0,0,0,0,0,0,0,0,0,0,0,0,0,0,0,0,0
511319302004004,"Block 4004, Block Group 4, Census Tract 9302, Northampton County, Virginia",0,0,0,0,0,0,0,0,0,0,0,0,0,0,0,0,0,0,0,0,0
511319302004006,"Block 4006, Block Group 4, Census Tract 9302, Northampton County, Virginia",0,0,0,0,0,0,0,0,0,0,0,0,0,0,0,0,0,0,0,0,0
511319302004007,"Block 4007, Block Group 4, Census Tract 9302, Northampton County, Virginia",0,0,0,0,0,0,0,0,0,0,0,0,0,0,0,0,0,0,0,0,0
511319302004009,"Block 4009, Block Group 4, Census Tract 9302, Northampton County, Virginia",0,0,0,0,0,0,0,0,0,0,0,0,0,0,0,0,0,0,0,0,0
511319302004010,"Block 4010, Block Group 4, Census Tract 9302, Northampton County, Virginia",0,0,0,0,0,0,0,0,0,0,0,0,0,0,0,0,0,0,0,0,0
511319302004012,"Block 4012, Block Group 4, Census Tract 9302, Northampton County, Virginia",0,0,0,0,0,0,0,0,0,0,0,0,0,0,0,0,0,0,0,0,0
511319302004013,"Block 4013, Block Group 4, Census Tract 9302, Northampton County, Virginia",0,0,0,0,0,0,0,0,0,0,0,0,0,0,0,0,0,0,0,0,0
511319302004014,"Block 4014, Block Group 4, Census Tract 9302, Northampton County, Virginia",0,0,0,0,0,0,0,0,0,0,0,0,0,0,0,0,0,0,0,0,0
511319302004016,"Block 4016, Block Group 4, Census Tract 9302, Northampton County, Virginia",16,0,9,6,0,0,0,0,1,16,0,9,9,6,1,2,3,0,0,0,0
511319302004017,"Block 4017, Block Group 4, Census Tract 9302, Northampton County, Virginia",9,4,4,0,0,0,0,0,1,6,3,4,4,3,0,0,3,0,0,0,0
511319302004019,"Block 4019, Block Group 4, Census Tract 9302, Northampton County, Virginia",11,0,9,1,0,0,0,0,1,8,3,6,0,4,1,1,2,0,0,0,0
511319302004020,"Block 4020, Block Group 4, Census Tract 9302, Northampton County, Virginia",32,5,16,10,0,0,0,1,0,29,3,16,16,8,1,3,4,4,1,3,0
511319302004022,"Block 4022, Block Group 4, Census Tract 9302, Northampton County, Virginia",11,2,9,0,0,0,0,0,0,8,3,4,4,3,0,0,3,0,0,0,0
511319302004023,"Block 4023, Block Group 4, Census Tract 9302, Northampton County, Virginia",11,0,7,4,0,0,0,0,0,3,8,4,4,1,0,1,0,0,0,0,0
511319302004024,"Block 4024, Block Group 4, Census Tract 9302, Northampton County, Virginia",36,7,12,16,0,0,0,0,1,26,10,18,18,9,2,4,3,2,0,0,2
511319302004026,"Block 4026, Block Group 4, Census Tract 9302, Northampton County, Virginia",15,0,8,7,0,0,0,0,0,13,2,6,5,2,0,2,0,0,0,0,0
511319302004027,"Block 4027, Block Group 4, Census Tract 9302, Northampton County, Virginia",30,4,2,24,0,0,0,0,0,20,10,11,6,9,2,4,3,0,0,0,0
511319302004029,"Block 4029, Block Group 4, Census Tract 9302, Northampton County, Virginia",16,5,11,0,0,0,0,0,0,14,2,17,17,1,0,1,0,0,0,0,0
511319302004030,"Block 4030, Block Group 4, Census Tract 9302, Northampton County, Virginia",24,2,21,1,0,0,0,0,0,23,1,9,9,9,0,4,5,0,0,0,0
511319302004032,"Block 4032, Block Group 4, Census Tract 9302, Northampton County, Virginia",7,1,6,0,0,0,0,0,0,6,1,12,12,2,1,1,0,0,0,0,0
511319302004033,"Block 4033, Block Group 4, Census Tract 9302, Northampton County, Virginia",0,0,0,0,0,0,0,0,0,0,0,0,0,0,0,0,0,0,0,0,0
511319302004034,"Block 4034, Block Group 4, Census Tract 9302, Northampton County, Virginia",0,0,0,0,0,0,0,0,0,0,0,0,0,0,0,0,0,0,0,0,0
511319302004035,"Block 4035, Block Group 4, Census Tract 9302, Northampton County, Virginia",0,0,0,0,0,0,0,0,0,0,0,0,0,0,0,0,0,0,0,0,0
511319302004036,"Block 4036, Block Group 4, Census Tract 9302, Northampton County, Virginia",8,3,2,3,0,0,0,0,0,2,6,1,1,1,1,0,0,0,0,0,0
511319302004037,"Block 4037, Block Group 4, Census Tract 9302, Northampton County, Virginia",19,7,10,2,0,0,0,0,0,18,1,4,4,6,2,2,2,0,0,0,0
511319302004038,"Block 4038, Block Group 4, Census Tract 9302, Northampton County, Virginia",0,0,0,0,0,0,0,0,0,0,0,0,0,0,0,0,0,0,0,0,0
511319302004039,"Block 4039, Block Group 4, Census Tract 9302, Northampton County, Virginia",0,0,0,0,0,0,0,0,0,0,0,0,0,0,0,0,0,0,0,0,0
511319302004040,"Block 4040, Block Group 4, Census Tract 9302, Northampton County, Virginia",0,0,0,0,0,0,0,0,0,0,0,0,0,0,0,0,0,22,12,8,2
511319302004041,"Block 4041, Block Group 4, Census Tract 9302, Northampton County, Virginia",12,2,2,7,0,0,0,0,1,8,4,5,0,5,1,3,1,36,5,11,20
511319302004042,"Block 4042, Block Group 4, Census Tract 9302, Northampton County, Virginia",65,17,19,29,0,0,0,0,0,49,16,34,15,22,4,9,9,0,0,0,0
511319302004043,"Block 4043, Block Group 4, Census Tract 9302, Northampton County, Virginia",13,1,10,2,0,0,0,0,0,11,2,11,4,3,0,0,3,0,0,0,0
511319303022064,"Block 2064, Block Group 2, Census Tract 9303.02, Northampton County, Virginia",9,0,9,0,0,0,0,0,0,7,2,8,0,1,0,1,0,0,0,0,0
511319303022065,"Block 2065, Block Group 2, Census Tract 9303.02, Northampton County, Virginia",0,0,0,0,0,0,0,0,0,0,0,0,0,0,0,0,0,0,0,0,0
511319303022066,"Block 2066, Block Group 2, Census Tract 9303.02, Northampton County, Virginia",6,0,6,0,0,0,0,0,0,6,0,6,5,1,0,0,1,0,0,0,0
511319303022068,"Block 2068, Block Group 2, Census Tract 9303.02, Northampton County, Virginia",0,0,0,0,0,0,0,0,0,0,0,0,0,0,0,0,0,0,0,0,0
511319303022069,"Block 2069, Block Group 2, Census Tract 9303.02, Northampton County, Virginia",0,0,0,0,0,0,0,0,0,0,0,0,0,0,0,0,0,0,0,0,0
511319303022071,"Block 2071, Block Group 2, Census Tract 9303.02, Northampton County, Virginia",0,0,0,0,0,0,0,0,0,0,0,0,0,0,0,0,0,0,0,0,0
511319303022072,"Block 2072, Block Group 2, Census Tract 9303.02, Northampton County, Virginia",0,0,0,0,0,0,0,0,0,0,0,0,0,0,0,0,0,0,0,0,0
511319303022073,"Block 2073, Block Group 2, Census Tract 9303.02, Northampton County, Virginia",0,0,0,0,0,0,0,0,0,0,0,0,0,0,0,0,0,0,0,0,0
511319303022075,"Block 2075, Block Group 2, Census Tract 9303.02, Northampton County, Virginia",0,0,0,0,0,0,0,0,0,0,0,0,0,0,0,0,0,127,9,52,66
511319303022076,"Block 2076, Block Group 2, Census Tract 9303.02, Northampton County, Virginia",0,0,0,0,0,0,0,0,0,0,0,0,0,0,0,0,0,0,0,0,0
511319303022078,"Block 2078, Block Group 2, Census Tract 9303.02, Northampton County, Virginia",0,0,0,0,0,0,0,0,0,0,0,0,0,0,0,0,0,0,0,0,0
511319303022079,"Block 2079, Block Group 2, Census Tract 9303.02, Northampton County, Virginia",0,0,0,0,0,0,0,0,0,0,0,0,0,0,0,0,0,0,0,0,0
511319303022081,"Block 2081, Block Group 2, Census Tract 9303.02, Northampton County, Virginia",0,0,0,0,0,0,0,0,0,0,0,0,0,0,0,0,0,0,0,0,0
511319303022082,"Block 2082, Block Group 2, Census Tract 9303.02, Northampton County, Virginia",0,0,0,0,0,0,0,0,0,0,0,0,0,0,0,0,0,0,0,0,0
511319303022083,"Block 2083, Block Group 2, Census Tract 9303.02, Northampton County, Virginia",0,0,0,0,0,0,0,0,0,0,0,0,0,0,0,0,0,0,0,0,0
511319303022085,"Block 2085, Block Group 2, Census Tract 9303.02, Northampton County, Virginia",0,0,0,0,0,0,0,0,0,0,0,0,0,0,0,0,0,0,0,0,0
511319303022086,"Block 2086, Block Group 2, Census Tract 9303.02, Northampton County, Virginia",0,0,0,0,0,0,0,0,0,0,0,0,0,0,0,0,0,0,0,0,0
511319303022088,"Block 2088, Block Group 2, Census Tract 9303.02, Northampton County, Virginia",0,0,0,0,0,0,0,0,0,0,0,0,0,0,0,0,0,0,0,0,0
511319303022089,"Block 2089, Block Group 2, Census Tract 9303.02, Northampton County, Virginia",0,0,0,0,0,0,0,0,0,0,0,0,0,0,0,0,0,0,0,0,0
511319303022090,"Block 2090, Block Group 2, Census Tract 9303.02, Northampton County, Virginia",0,0,0,0,0,0,0,0,0,0,0,0,0,0,0,0,0,0,0,0,0
511319303022092,"Block 2092, Block Group 2, Census Tract 9303.02, Northampton County, Virginia",0,0,0,0,0,0,0,0,0,0,0,0,0,0,0,0,0,0,0,0,0
511319303022093,"Block 2093, Block Group 2, Census Tract 9303.02, Northampton County, Virginia",0,0,0,0,0,0,0,0,0,0,0,0,0,0,0,0,0,0,0,0,0
511319303022095,"Block 2095, Block Group 2, Census Tract 9303.02, Northampton County, Virginia",0,0,0,0,0,0,0,0,0,0,0,0,0,0,0,0,0,0,0,0,0
511319303022096,"Block 2096, Block Group 2, Census Tract 9303.02, Northampton County, Virginia",0,0,0,0,0,0,0,0,0,0,0,0,0,0,0,0,0,0,0,0,0
511319303022098,"Block 2098, Block Group 2, Census Tract 9303.02, Northampton County, Virginia",0,0,0,0,0,0,0,0,0,0,0,0,0,0,0,0,0,0,0,0,0
511319303022099,"Block 2099, Block Group 2, Census Tract 9303.02, Northampton County, Virginia",0,0,0,0,0,0,0,0,0,0,0,0,0,0,0,0,0,0,0,0,0
511319303022100,"Block 2100, Block Group 2, Census Tract 9303.02, Northampton County, Virginia",9,0,7,0,1,0,0,0,1,7,2,9,9,2,0,1,1,0,0,0,0
511319303022101,"Block 2101, Block Group 2, Census Tract 9303.02, Northampton County, Virginia",9,0,4,2,0,0,0,0,3,9,0,16,2,4,0,3,1,0,0,0,0
511319303022102,"Block 2102, Block Group 2, Census Tract 9303.02, Northampton County, Virginia",12,1,5,6,0,0,0,0,0,11,1,11,0,1,0,0,1,0,0,0,0
511319303022103,"Block 2103, Block Group 2, Census Tract 9303.02, Northampton County, Virginia",0,0,0,0,0,0,0,0,0,0,0,0,0,0,0,0,0,0,0,0,0
511319303022104,"Block 2104, Block Group 2, Census Tract 9303.02, Northampton County, Virginia",0,0,0,0,0,0,0,0,0,0,0,0,0,0,0,0,0,0,0,0,0
511319303022105,"Block 2105, Block Group 2, Census Tract 9303.02, Northampton County, Virginia",0,0,0,0,0,0,0,0,0,0,0,0,0,0,0,0,0,0,0,0,0
511319303022106,"Block 2106, Block Group 2, Census Tract 9303.02, Northampton County, Virginia",0,0,0,0,0,0,0,0,0,0,0,0,0,0,0,0,0,0,0,0,0
510010906002044,"Block 2044, Block Group 2, Census Tract 906, Accomack County, Virginia",54,1,49,0,0,0,0,0,4,51,3,53,36,24,6,5,13,0,0,0,0
510010906002045,"Block 2045, Block Group 2, Census Tract 906, Accomack County, Virginia",34,5,27,2,0,0,0,0,0,29,5,18,12,13,3,5,5,0,0,0,0
510010906002046,"Block 2046, Block Group 2, Census Tract 906, Accomack County, Virginia",0,0,0,0,0,0,0,0,0,0,0,0,0,0,0,0,0,0,0,0,0
510010906002048,"Block 2048, Block Group 2, Census Tract 906, Accomack County, Virginia",40,2,31,2,1,0,0,0,4,36,4,35,13,17,2,9,6,0,0,0,0
510010906002049,"Block 2049, Block Group 2, Census Tract 906, Accomack County, Virginia",21,0,17,0,0,2,0,0,2,20,1,11,11,6,1,3,2,0,0,0,0
510010906002050,"Block 2050, Block Group 2, Census Tract 906, Accomack County, Virginia",27,1,25,0,0,0,0,0,1,23,4,17,15,13,2,6,5,0,0,0,0
510010906002051,"Block 2051, Block Group 2, Census Tract 906, Accomack County, Virginia",50,3,47,0,0,0,0,0,0,36,14,23,23,19,3,10,6,3,1,2,0
510010906002052,"Block 2052, Block Group 2, Census Tract 906, Accomack County, Virginia",10,2,3,4,0,0,0,0,1,6,4,1,1,7,2,4,1,0,0,0,0
510010906002053,"Block 2053, Block Group 2, Census Tract 906, Accomack County, Virginia",97,4,88,0,0,0,0,2,3,85,12,77,52,38,6,11,21,3,0,0,3
510010906002054,"Block 2054, Block Group 2, Census Tract 906, Accomack County, Virginia",14,0,12,0,0,0,0,0,2,14,0,5,0,8,1,3,4,1,0,1,0
510010906002055,"Block 2055, Block Group 2, Census Tract 906, Accomack County, Virginia",0,0,0,0,0,0,0,0,0,0,0,0,0,0,0,0,0,0,0,0,0
510010906002056,"Block 2056, Block Group 2, Census Tract 906, Accomack County, Virginia",0,0,0,0,0,0,0,0,0,0,0,0,0,0,0,0,0,0,0,0,0
510010906002057,"Block 2057, Block Group 2, Census Tract 906, Accomack County, Virginia",0,0,0,0,0,0,0,0,0,0,0,0,0,0,0,0,0,0,0,0,0
510010906002058,"Block 2058, Block Group 2, Census Tract 906, Accomack County, Virginia",47,2,44,1,0,0,0,0,0,44,3,33,23,16,1,3,12,0,0,0,0
510010906002059,"Block 2059, Block Group 2, Census Tract 906, Accomack County, Virginia",0,0,0,0,0,0,0,0,0,0,0,0,0,0,0,0,0,0,0,0,0
510010906002060,"Block 2060, Block Group 2, Census Tract 906, Accomack County, Virginia",0,0,0,0,0,0,0,0,0,0,0,0,0,0,0,0,0,0,0,0,0
510010906002061,"Block 2061, Block Group 2, Census Tract 906, Accomack County, Virginia",0,0,0,0,0,0,0,0,0,0,0,0,0,0,0,0,0,0,0,0,0
510010906002062,"Block 2062, Block Group 2, Census Tract 906, Accomack County, Virginia",123,1,120,2,0,0,0,0,0,116,7,47,29,46,8,13,25,2,1,1,0
510010906002063,"Block 2063, Block Group 2, Census Tract 906, Accomack County, Virginia",0,0,0,0,0,0,0,0,0,0,0,0,0,0,0,0,0,0,0,0,0
510010906002064,"Block 2064, Block Group 2, Census Tract 906, Accomack County, Virginia",0,0,0,0,0,0,0,0,0,0,0,0,0,0,0,0,0,0,0,0,0
510010906002066,"Block 2066, Block Group 2, Census Tract 906, Accomack County, Virginia",7,3,2,0,0,0,0,0,2,3,4,2,2,4,1,2,1,0,0,0,0
510010906002067,"Block 2067, Block Group 2, Census Tract 906, Accomack County, Virginia",11,2,6,0,0,0,0,0,3,10,1,3,3,4,0,4,0,0,0,0,0
510010906002069,"Block 2069, Block Group 2, Census Tract 906, Accomack County, Virginia",11,0,8,2,0,0,0,0,1,11,0,4,4,6,0,3,3,0,0,0,0
510010906002070,"Block 2070, Block Group 2, Census Tract 906, Accomack County, Virginia",3,3,0,0,0,0,0,0,0,3,0,4,4,4,1,1,2,4,0,4,0
510010906002072,"Block 2072, Block Group 2, Census Tract 906, Accomack County, Virginia",8,7,0,1,0,0,0,0,0,4,4,3,2,5,1,0,4,0,0,0,0
510010906002073,"Block 2073, Block Group 2, Census Tract 906, Accomack County, Virginia",1,1,0,0,0,0,0,0,0,1,0,2,2,0,0,0,0,0,0,0,0
510010906002074,"Block 2074, Block Group 2, Census Tract 906, Accomack County, Virginia",0,0,0,0,0,0,0,0,0,0,0,0,0,0,0,0,0,0,0,0,0
510010906002076,"Block 2076, Block Group 2, Census Tract 906, Accomack County, Virginia",3,0,1,0,0,0,0,0,2,3,0,6,1,0,0,0,0,0,0,0,0
510010906002077,"Block 2077, Block Group 2, Census Tract 906, Accomack County, Virginia",6,4,0,0,0,0,0,0,2,4,2,2,0,0,0,0,0,0,0,0,0
510010906002080,"Block 2080, Block Group 2, Census Tract 906, Accomack County, Virginia",15,1,12,0,0,0,0,0,2,8,7,8,8,3,1,0,2,0,0,0,0
510010906003000,"Block 3000, Block Group 3, Census Tract 906, Accomack County, Virginia",107,8,15,78,0,0,0,0,6,81,26,68,63,74,16,25,33,7,2,3,2
510010906003001,"Block 3001, Block Group 3, Census Tract 906, Accomack County, Virginia",19,3,4,11,0,0,0,0,1,18,1,7,7,6,1,2,3,0,0,0,0
510010906003002,"Block 3002, Block Group 3, Census Tract 906, Accomack County, Virginia",12,2,2,8,0,0,0,0,0,12,0,5,5,5,1,3,1,0,0,0,0
510010906003004,"Block 3004, Block Group 3, Census Tract 906, Accomack County, Virginia",11,3,7,0,0,0,1,0,0,7,4,5,0,5,1,1,3,0,0,0,0
510010906003005,"Block 3005, Block Group 3, Census Tract 906, Accomack County, Virginia",69,0,53,9,0,0,0,0,7,55,14,53,38,17,2,4,11,28,9,10,9
510010906003007,"Block 3007, Block Group 3, Census Tract 906, Accomack County, Virginia",18,3,13,0,0,1,0,0,1,15,3,9,9,5,1,2,2,0,0,0,0
510010906003008,"Block 3008, Block Group 3, Census Tract 906, Accomack County, Virginia",13,3,9,0,0,0,0,0,1,10,3,8,8,4,1,2,1,57,13,29,15
510010907002041,"Block 2041, Block Group 2, Census Tract 907, Accomack County, Virginia",41,0,33,8,0,0,0,0,0,40,1,23,13,9,2,1,6,0,0,0,0
510010907002042,"Block 2042, Block Group 2, Census Tract 907, Accomack County, Virginia",29,1,24,4,0,0,0,0,0,20,9,15,15,11,1,3,7,0,0,0,0
510010907002043,"Block 2043, Block Group 2, Census Tract 907, Accomack County, Virginia",0,0,0,0,0,0,0,0,0,0,0,3,0,0,0,0,0,1,0,1,0
510010907002045,"Block 2045, Block Group 2, Census Tract 907, Accomack County, Virginia",0,0,0,0,0,0,0,0,0,0,0,0,0,0,0,0,0,0,0,0,0
510010907002046,"Block 2046, Block Group 2, Census Tract 907, Accomack County, Virginia",8,0,5,3,0,0,0,0,0,5,3,3,3,7,0,3,4,0,0,0,0
510010907002048,"Block 2048, Block Group 2, Census Tract 907, Accomack County, Virginia",0,0,0,0,0,0,0,0,0,0,0,0,0,0,0,0,0,0,0,0,0
510010907002049,"Block 2049, Block Group 2, Census Tract 907, Accomack County, Virginia",0,0,0,0,0,0,0,0,0,0,0,0,0,0,0,0,0,0,0,0,0
510010907003000,"Block 3000, Block Group 3, Census Tract 907, Accomack County, Virginia",8,0,6,0,0,0,0,0,2,5,3,12,4,1,0,1,0,1,0,1,0
510010907003001,"Block 3001, Block Group 3, Census Tract 907, Accomack County, Virginia",0,0,0,0,0,0,0,0,0,0,0,0,0,0,0,0,0,0,0,0,0
510010907003003,"Block 3003, Block Group 3, Census Tract 907, Accomack County, Virginia",0,0,0,0,0,0,0,0,0,0,0,0,0,0,0,0,0,0,0,0,0
510010907003004,"Block 3004, Block Group 3, Census Tract 907, Accomack County, Virginia",50,8,5,32,0,0,0,0,5,36,14,23,18,23,1,7,15,0,0,0,0
510010907003005,"Block 3005, Block Group 3, Census Tract 907, Accomack County, Virginia",10,2,4,3,0,0,0,0,1,2,8,6,6,5,1,3,1,0,0,0,0
510010907003007,"Block 3007, Block Group 3, Census Tract 907, Accomack County, Virginia",3,0,0,2,0,0,0,1,0,2,1,2,1,0,0,0,0,0,0,0,0
510010907003008,"Block 3008, Block Group 3, Census Tract 907, Accomack County, Virginia",18,4,13,0,0,0,0,0,1,14,4,14,10,6,1,1,4,0,0,0,0
510010907003009,"Block 3009, Block Group 3, Census Tract 907, Accomack County, Virginia",16,0,15,0,0,0,0,1,0,16,0,10,5,3,0,0,3,0,0,0,0
510010907003010,"Block 3010, Block Group 3, Census Tract 907, Accomack County, Virginia",45,1,10,33,0,0,0,0,1,41,4,34,34,28,4,12,12,3,2,0,1
510010907003011,"Block 3011, Block Group 3, Census Tract 907, Accomack County, Virginia",17,0,14,2,0,0,0,0,1,13,4,10,10,7,2,3,2,0,0,0,0
510010907003012,"Block 3012, Block Group 3, Census Tract 907, Accomack County, Virginia",5,0,5,0,0,0,0,0,0,5,0,6,3,1,0,0,1,0,0,0,0
510010907003013,"Block 3013, Block Group 3, Census Tract 907, Accomack County, Virginia",8,0,7,1,0,0,0,0,0,6,2,7,7,6,1,2,3,0,0,0,0
510010907003014,"Block 3014, Block Group 3, Census Tract 907, Accomack County, Virginia",15,1,11,0,0,0,0,0,3,12,3,8,3,5,0,3,2,0,0,0,0
510010907003015,"Block 3015, Block Group 3, Census Tract 907, Accomack County, Virginia",15,6,9,0,0,0,0,0,0,5,10,7,1,7,0,2,5,0,0,0,0
510010907003016,"Block 3016, Block Group 3, Census Tract 907, Accomack County, Virginia",5,0,0,5,0,0,0,0,0,5,0,3,3,1,0,0,1,0,0,0,0
510010907003017,"Block 3017, Block Group 3, Census Tract 907, Accomack County, Virginia",0,0,0,0,0,0,0,0,0,0,0,0,0,0,0,0,0,0,0,0,0
510010907003018,"Block 3018, Block Group 3, Census Tract 907, Accomack County, Virginia",0,0,0,0,0,0,0,0,0,0,0,0,0,0,0,0,0,0,0,0,0
510010907003019,"Block 3019, Block Group 3, Census Tract 907, Accomack County, Virginia",16,0,8,7,0,0,0,0,1,11,5,7,0,7,2,4,1,35,1,9,25
510010907003020,"Block 3020, Block Group 3, Census Tract 907, Accomack County, Virginia",16,2,4,5,0,1,0,0,4,15,1,2,1,5,1,2,2,0,0,0,0
510010907003021,"Block 3021, Block Group 3, Census Tract 907, Accomack County, Virginia",7,0,7,0,0,0,0,0,0,4,3,6,0,2,1,0,1,0,0,0,0
510010907003022,"Block 3022, Block Group 3, Census Tract 907, Accomack County, Virginia",14,0,12,2,0,0,0,0,0,7,7,6,6,6,1,2,3,8,4,3,1
510010907003023,"Block 3023, Block Group 3, Census Tract 907, Accomack County, Virginia",6,0,3,3,0,0,0,0,0,6,0,3,3,0,0,0,0,0,0,0,0
510010907003024,"Block 3024, Block Group 3, Census Tract 907, Accomack County, Virginia",21,0,15,2,0,0,0,0,4,17,4,12,9,10,4,2,4,5,3,2,0
510010907003026,"Block 3026, Block Group 3, Census Tract 907, Accomack County, Virginia",17,0,9,5,0,0,0,0,3,8,9,3,0,7,0,4,3,0,0,0,0
510010907003027,"Block 3027, Block Group 3, Census Tract 907, Accomack County, Virginia",60,0,16,39,1,4,0,0,0,43,17,28,28,32,5,18,9,0,0,0,0
510010907003029,"Block 3029, Block Group 3, Census Tract 907, Accomack County, Virginia",64,5,0,59,0,0,0,0,0,44,20,29,25,16,0,8,8,1,0,1,0
510010906003010,"Block 3010, Block Group 3, Census Tract 906, Accomack County, Virginia",45,8,29,7,0,0,0,0,1,33,12,34,22,16,5,2,9,11,4,4,3
510010906003011,"Block 3011, Block Group 3, Census Tract 906, Accomack County, Virginia",30,0,26,4,0,0,0,0,0,21,9,19,19,10,2,1,7,0,0,0,0
510010906003013,"Block 3013, Block Group 3, Census Tract 906, Accomack County, Virginia",27,3,17,4,0,0,0,0,3,24,3,15,15,18,1,8,9,0,0,0,0
510010906003014,"Block 3014, Block Group 3, Census Tract 906, Accomack County, Virginia",28,9,14,5,0,0,0,0,0,19,9,16,11,21,2,11,8,12,3,5,4
510010906003015,"Block 3015, Block Group 3, Census Tract 906, Accomack County, Virginia",26,3,20,2,0,0,0,0,1,21,5,10,10,4,2,1,1,0,0,0,0
510010906003017,"Block 3017, Block Group 3, Census Tract 906, Accomack County, Virginia",67,0,4,63,0,0,0,0,0,46,21,42,37,41,5,21,15,0,0,0,0
510010906003018,"Block 3018, Block Group 3, Census Tract 906, Accomack County, Virginia",19,0,5,13,0,0,0,0,1,16,3,5,3,6,1,3,2,0,0,0,0
510010906003019,"Block 3019, Block Group 3, Census Tract 906, Accomack County, Virginia",109,2,9,93,0,0,0,0,5,80,29,58,58,68,19,28,21,16,2,6,8
510010906003020,"Block 3020, Block Group 3, Census Tract 906, Accomack County, Virginia",37,0,16,16,1,0,0,3,1,22,15,55,12,22,3,9,10,42,10,18,14
510010906003021,"Block 3021, Block Group 3, Census Tract 906, Accomack County, Virginia",29,1,22,5,0,0,0,0,1,26,3,21,12,14,2,5,7,4,1,3,0
510010906003022,"Block 3022, Block Group 3, Census Tract 906, Accomack County, Virginia",28,6,14,6,0,0,0,0,2,20,8,21,16,11,2,3,6,1,0,1,0
510010906003023,"Block 3023, Block Group 3, Census Tract 906, Accomack County, Virginia",44,0,36,6,0,1,0,0,1,43,1,25,25,21,4,6,11,5,0,4,1
510010906003024,"Block 3024, Block Group 3, Census Tract 906, Accomack County, Virginia",10,0,9,1,0,0,0,0,0,8,2,6,1,2,0,0,2,0,0,0,0
510010906003025,"Block 3025, Block Group 3, Census Tract 906, Accomack County, Virginia",0,0,0,0,0,0,0,0,0,0,0,0,0,0,0,0,0,11,7,4,0
510010906003026,"Block 3026, Block Group 3, Census Tract 906, Accomack County, Virginia",2,1,0,1,0,0,0,0,0,2,0,3,3,1,0,1,0,39,16,18,5
510010906003027,"Block 3027, Block Group 3, Census Tract 906, Accomack County, Virginia",14,0,14,0,0,0,0,0,0,13,1,10,10,2,0,1,1,19,18,1,0
510010906003028,"Block 3028, Block Group 3, Census Tract 906, Accomack County, Virginia",4,0,0,3,0,0,0,0,1,2,2,5,3,4,1,1,2,0,0,0,0
510010906003029,"Block 3029, Block Group 3, Census Tract 906, Accomack County, Virginia",43,0,43,0,0,0,0,0,0,43,0,31,28,21,8,4,9,2,0,2,0
510010906003030,"Block 3030, Block Group 3, Census Tract 906, Accomack County, Virginia",6,0,6,0,0,0,0,0,0,5,1,5,5,1,1,0,0,0,0,0,0
510010906003031,"Block 3031, Block Group 3, Census Tract 906, Accomack County, Virginia",25,5,20,0,0,0,0,0,0,25,0,19,19,8,0,2,6,0,0,0,0
510010906003032,"Block 3032, Block Group 3, Census Tract 906, Accomack County, Virginia",32,0,31,0,0,0,0,0,1,22,10,12,11,6,1,0,5,0,0,0,0
510010906003033,"Block 3033, Block Group 3, Census Tract 906, Accomack County, Virginia",20,1,17,2,0,0,0,0,0,19,1,9,9,8,1,3,4,0,0,0,0
510010906003035,"Block 3035, Block Group 3, Census Tract 906, Accomack County, Virginia",23,2,19,0,0,0,0,0,2,22,1,14,11,14,4,3,7,0,0,0,0
510010907003030,"Block 3030, Block Group 3, Census Tract 907, Accomack County, Virginia",16,4,9,3,0,0,0,0,0,15,1,3,3,5,0,3,2,0,0,0,0
510010907003032,"Block 3032, Block Group 3, Census Tract 907, Accomack County, Virginia",0,0,0,0,0,0,0,0,0,0,0,0,0,0,0,0,0,0,0,0,0
510010907003033,"Block 3033, Block Group 3, Census Tract 907, Accomack County, Virginia",3,0,0,3,0,0,0,0,0,3,0,1,0,2,0,1,1,0,0,0,0
510010907003034,"Block 3034, Block Group 3, Census Tract 907, Accomack County, Virginia",4,2,0,2,0,0,0,0,0,2,2,1,0,1,0,0,1,0,0,0,0
510010907003036,"Block 3036, Block Group 3, Census Tract 907, Accomack County, Virginia",9,0,9,0,0,0,0,0,0,9,0,7,7,5,1,2,2,0,0,0,0
510010907003037,"Block 3037, Block Group 3, Census Tract 907, Accomack County, Virginia",9,2,4,3,0,0,0,0,0,7,2,2,2,3,0,0,3,0,0,0,0
510010907003040,"Block 3040, Block Group 3, Census Tract 907, Accomack County, Virginia",0,0,0,0,0,0,0,0,0,0,0,0,0,0,0,0,0,0,0,0,0
510010907003042,"Block 3042, Block Group 3, Census Tract 907, Accomack County, Virginia",0,0,0,0,0,0,0,0,0,0,0,0,0,0,0,0,0,0,0,0,0
510010907003043,"Block 3043, Block Group 3, Census Tract 907, Accomack County, Virginia",30,5,0,25,0,0,0,0,0,23,7,13,9,10,1,8,1,0,0,0,0
510010907003044,"Block 3044, Block Group 3, Census Tract 907, Accomack County, Virginia",3,0,0,3,0,0,0,0,0,3,0,2,2,1,0,0,1,0,0,0,0
510010907003046,"Block 3046, Block Group 3, Census Tract 907, Accomack County, Virginia",0,0,0,0,0,0,0,0,0,0,0,0,0,0,0,0,0,0,0,0,0
510010907004000,"Block 4000, Block Group 4, Census Tract 907, Accomack County, Virginia",20,0,3,16,0,0,0,0,1,16,4,14,7,6,0,4,2,0,0,0,0
510010907004002,"Block 4002, Block Group 4, Census Tract 907, Accomack County, Virginia",24,0,7,17,0,0,0,0,0,15,9,13,13,22,2,10,10,0,0,0,0
510010907004003,"Block 4003, Block Group 4, Census Tract 907, Accomack County, Virginia",74,0,22,49,0,1,0,2,0,60,14,32,32,39,5,19,15,1,0,1,0
510010907004005,"Block 4005, Block Group 4, Census Tract 907, Accomack County, Virginia",53,3,17,33,0,0,0,0,0,32,21,23,19,21,8,6,7,1,0,1,0
510010907004006,"Block 4006, Block Group 4, Census Tract 907, Accomack County, Virginia",175,5,68,101,0,0,0,1,0,139,36,85,85,72,6,32,34,6,0,3,3
510010907004008,"Block 4008, Block Group 4, Census Tract 907, Accomack County, Virginia",39,1,35,0,0,0,0,0,3,36,3,19,13,19,1,7,11,0,0,0,0
510010907004009,"Block 4009, Block Group 4, Census Tract 907, Accomack County, Virginia",18,1,13,3,0,0,0,0,1,8,10,5,0,8,0,3,5,0,0,0,0
510010907004010,"Block 4010, Block Group 4, Census Tract 907, Accomack County, Virginia",0,0,0,0,0,0,0,0,0,0,0,0,0,0,0,0,0,0,0,0,0
510010907004012,"Block 4012, Block Group 4, Census Tract 907, Accomack County, Virginia",7,1,0,5,0,1,0,0,0,3,4,3,0,1,1,0,0,0,0,0,0
510010907004013,"Block 4013, Block Group 4, Census Tract 907, Accomack County, Virginia",0,0,0,0,0,0,0,0,0,0,0,0,0,0,0,0,0,0,0,0,0
510010907004014,"Block 4014, Block Group 4, Census Tract 907, Accomack County, Virginia",87,3,75,3,0,0,0,0,6,75,12,65,50,25,3,7,15,0,0,0,0
510010907004015,"Block 4015, Block Group 4, Census Tract 907, Accomack County, Virginia",12,3,8,1,0,0,0,0,0,10,2,7,7,7,0,3,4,0,0,0,0
510010907004016,"Block 4016, Block Group 4, Census Tract 907, Accomack County, Virginia",7,1,3,0,1,0,0,0,2,4,3,5,0,2,1,0,1,0,0,0,0
510010907004017,"Block 4017, Block Group 4, Census Tract 907, Accomack County, Virginia",24,0,23,0,0,0,0,0,1,24,0,16,11,6,2,2,2,0,0,0,0
510010907004018,"Block 4018, Block Group 4, Census Tract 907, Accomack County, Virginia",0,0,0,0,0,0,0,0,0,0,0,0,0,0,0,0,0,0,0,0,0
510010907004019,"Block 4019, Block Group 4, Census Tract 907, Accomack County, Virginia",0,0,0,0,0,0,0,0,0,0,0,0,0,0,0,0,0,0,0,0,0
510010907004020,"Block 4020, Block Group 4, Census Tract 907, Accomack County, Virginia",157,11,145,0,0,0,0,0,1,128,29,89,83,47,7,16,24,31,7,19,5
510010907004021,"Block 4021, Block Group 4, Census Tract 907, Accomack County, Virginia",0,0,0,0,0,0,0,0,0,0,0,0,0,0,0,0,0,0,0,0,0
510010907004022,"Block 4022, Block Group 4, Census Tract 907, Accomack County, Virginia",0,0,0,0,0,0,0,0,0,0,0,0,0,0,0,0,0,0,0,0,0
510010907004023,"Block 4023, Block Group 4, Census Tract 907, Accomack County, Virginia",19,0,19,0,0,0,0,0,0,13,6,8,8,6,1,4,1,0,0,0,0
510010907004024,"Block 4024, Block Group 4, Census Tract 907, Accomack County, Virginia",20,2,17,0,0,1,0,0,0,18,2,14,14,10,1,2,7,4,0,2,2
510010907004025,"Block 4025, Block Group 4, Census Tract 907, Accomack County, Virginia",14,4,1,9,0,0,0,0,0,12,2,3,1,1,0,0,1,0,0,0,0
510010907004026,"Block 4026, Block Group 4, Census Tract 907, Accomack County, Virginia",29,0,13,10,0,0,0,1,5,25,4,16,16,9,4,5,0,2,0,2,0
510010907004027,"Block 4027, Block Group 4, Census Tract 907, Accomack County, Virginia",4,0,2,0,0,0,0,1,1,4,0,3,3,1,1,0,0,0,0,0,0
510010907004028,"Block 4028, Block Group 4, Census Tract 907, Accomack County, Virginia",53,1,34,18,0,0,0,0,0,44,9,26,26,22,3,8,11,0,0,0,0
510010907004030,"Block 4030, Block Group 4, Census Tract 907, Accomack County, Virginia",8,1,4,2,0,0,0,0,1,7,1,1,1,2,0,1,1,0,0,0,0
510010907004031,"Block 4031, Block Group 4, Census Tract 907, Accomack County, Virginia",6,2,3,0,0,0,0,0,1,4,2,2,2,2,0,0,2,0,0,0,0
510010907004033,"Block 4033, Block Group 4, Census Tract 907, Accomack County, Virginia",0,0,0,0,0,0,0,0,0,0,0,0,0,0,0,0,0,0,0,0,0
510010907004034,"Block 4034, Block Group 4, Census Tract 907, Accomack County, Virginia",0,0,0,0,0,0,0,0,0,0,0,0,0,0,0,0,0,0,0,0,0
510010907004036,"Block 4036, Block Group 4, Census Tract 907, Accomack County, Virginia",35,1,27,2,0,0,0,0,5,30,5,19,10,14,0,4,10,0,0,0,0
510010907004037,"Block 4037, Block Group 4, Census Tract 907, Accomack County, Virginia",5,1,4,0,0,0,0,0,0,3,2,3,2,2,0,2,0,0,0,0,0
510010907005000,"Block 5000, Block Group 5, Census Tract 907, Accomack County, Virginia",0,0,0,0,0,0,0,0,0,0,0,0,0,0,0,0,0,0,0,0,0
510010907005002,"Block 5002, Block Group 5, Census Tract 907, Accomack County, Virginia",0,0,0,0,0,0,0,0,0,0,0,0,0,0,0,0,0,0,0,0,0
510010907005003,"Block 5003, Block Group 5, Census Tract 907, Accomack County, Virginia",0,0,0,0,0,0,0,0,0,0,0,0,0,0,0,0,0,0,0,0,0
510010907005006,"Block 5006, Block Group 5, Census Tract 907, Accomack County, Virginia",3,1,2,0,0,0,0,0,0,2,1,1,0,1,0,0,1,0,0,0,0
510010907005008,"Block 5008, Block Group 5, Census Tract 907, Accomack County, Virginia",0,0,0,0,0,0,0,0,0,0,0,0,0,0,0,0,0,0,0,0,0
510010907005009,"Block 5009, Block Group 5, Census Tract 907, Accomack County, Virginia",0,0,0,0,0,0,0,0,0,0,0,0,0,0,0,0,0,0,0,0,0
510010907005010,"Block 5010, Block Group 5, Census Tract 907, Accomack County, Virginia",0,0,0,0,0,0,0,0,0,0,0,0,0,0,0,0,0,0,0,0,0
510010907005012,"Block 5012, Block Group 5, Census Tract 907, Accomack County, Virginia",0,0,0,0,0,0,0,0,0,0,0,0,0,0,0,0,0,0,0,0,0
510010907005013,"Block 5013, Block Group 5, Census Tract 907, Accomack County, Virginia",0,0,0,0,0,0,0,0,0,0,0,0,0,0,0,0,0,0,0,0,0
510010907005015,"Block 5015, Block Group 5, Census Tract 907, Accomack County, Virginia",0,0,0,0,0,0,0,0,0,0,0,0,0,0,0,0,0,0,0,0,0
510010907005016,"Block 5016, Block Group 5, Census Tract 907, Accomack County, Virginia",0,0,0,0,0,0,0,0,0,0,0,0,0,0,0,0,0,0,0,0,0
510010907005018,"Block 5018, Block Group 5, Census Tract 907, Accomack County, Virginia",26,2,19,0,0,0,0,0,5,26,0,6,6,13,1,5,7,0,0,0,0
510010907005019,"Block 5019, Block Group 5, Census Tract 907, Accomack County, Virginia",0,0,0,0,0,0,0,0,0,0,0,0,0,0,0,0,0,0,0,0,0
510010907005021,"Block 5021, Block Group 5, Census Tract 907, Accomack County, Virginia",37,1,24,12,0,0,0,0,0,26,11,17,17,15,3,8,4,7,0,4,3
510010907005022,"Block 5022, Block Group 5, Census Tract 907, Accomack County, Virginia",0,0,0,0,0,0,0,0,0,0,0,0,0,0,0,0,0,0,0,0,0
510010907005023,"Block 5023, Block Group 5, Census Tract 907, Accomack County, Virginia",20,0,17,3,0,0,0,0,0,20,0,18,10,5,1,2,2,0,0,0,0
510010907005025,"Block 5025, Block Group 5, Census Tract 907, Accomack County, Virginia",27,1,24,0,0,0,0,0,2,23,4,13,7,7,0,3,4,0,0,0,0
510010907005026,"Block 5026, Block Group 5, Census Tract 907, Accomack County, Virginia",26,4,15,7,0,0,0,0,0,20,6,15,15,12,0,8,4,0,0,0,0
510010907005027,"Block 5027, Block Group 5, Census Tract 907, Accomack County, Virginia",0,0,0,0,0,0,0,0,0,0,0,0,0,0,0,0,0,0,0,0,0
510010907005028,"Block 5028, Block Group 5, Census Tract 907, Accomack County, Virginia",17,1,3,8,0,2,0,0,3,10,7,6,6,9,2,4,3,0,0,0,0
510010907005029,"Block 5029, Block Group 5, Census Tract 907, Accomack County, Virginia",0,0,0,0,0,0,0,0,0,0,0,0,0,0,0,0,0,0,0,0,0
510010907005030,"Block 5030, Block Group 5, Census Tract 907, Accomack County, Virginia",0,0,0,0,0,0,0,0,0,0,0,0,0,0,0,0,0,0,0,0,0
510010907005031,"Block 5031, Block Group 5, Census Tract 907, Accomack County, Virginia",43,3,39,0,0,0,0,0,1,37,6,22,21,14,3,4,7,2,1,1,0
510010907005032,"Block 5032, Block Group 5, Census Tract 907, Accomack County, Virginia",0,0,0,0,0,0,0,0,0,0,0,0,0,0,0,0,0,0,0,0,0
510010907005033,"Block 5033, Block Group 5, Census Tract 907, Accomack County, Virginia",0,0,0,0,0,0,0,0,0,0,0,0,0,0,0,0,0,0,0,0,0
510010907005034,"Block 5034, Block Group 5, Census Tract 907, Accomack County, Virginia",49,1,46,0,0,2,0,0,0,43,6,44,23,24,3,8,13,0,0,0,0
510010907005035,"Block 5035, Block Group 5, Census Tract 907, Accomack County, Virginia",1,0,0,0,0,0,0,0,1,1,0,5,0,0,0,0,0,0,0,0,0
510010907005036,"Block 5036, Block Group 5, Census Tract 907, Accomack County, Virginia",16,1,7,8,0,0,0,0,0,9,7,7,7,5,0,3,2,0,0,0,0
510010907005037,"Block 5037, Block Group 5, Census Tract 907, Accomack County, Virginia",1,0,0,0,0,0,0,0,1,1,0,1,1,1,0,0,1,0,0,0,0
510010907005038,"Block 5038, Block Group 5, Census Tract 907, Accomack County, Virginia",63,1,54,2,0,6,0,0,0,53,10,50,32,24,4,11,9,0,0,0,0
510010907005039,"Block 5039, Block Group 5, Census Tract 907, Accomack County, Virginia",17,0,16,0,0,0,0,0,1,17,0,18,12,7,2,1,4,0,0,0,0
510010907005041,"Block 5041, Block Group 5, Census Tract 907, Accomack County, Virginia",0,0,0,0,0,0,0,0,0,0,0,0,0,0,0,0,0,0,0,0,0
510010906003036,"Block 3036, Block Group 3, Census Tract 906, Accomack County, Virginia",16,0,4,8,0,0,0,0,4,11,5,6,2,9,0,4,5,0,0,0,0
510010906003037,"Block 3037, Block Group 3, Census Tract 906, Accomack County, Virginia",21,0,19,2,0,0,0,0,0,20,1,12,6,8,1,1,6,0,0,0,0
510010906003038,"Block 3038, Block Group 3, Census Tract 906, Accomack County, Virginia",20,0,20,0,0,0,0,0,0,16,4,16,16,10,1,4,5,0,0,0,0
510010906003040,"Block 3040, Block Group 3, Census Tract 906, Accomack County, Virginia",2,0,2,0,0,0,0,0,0,2,0,4,0,3,2,0,1,0,0,0,0
510010906003041,"Block 3041, Block Group 3, Census Tract 906, Accomack County, Virginia",0,0,0,0,0,0,0,0,0,0,0,0,0,0,0,0,0,0,0,0,0
510010906004000,"Block 4000, Block Group 4, Census Tract 906, Accomack County, Virginia",0,0,0,0,0,0,0,0,0,0,0,0,0,0,0,0,0,0,0,0,0
510010906004001,"Block 4001, Block Group 4, Census Tract 906, Accomack County, Virginia",41,1,24,14,0,0,0,0,2,23,18,18,18,21,5,4,12,199,65,84,50
510010906004002,"Block 4002, Block Group 4, Census Tract 906, Accomack County, Virginia",22,7,12,2,0,0,0,0,1,10,12,9,9,12,2,5,5,0,0,0,0
510010906004003,"Block 4003, Block Group 4, Census Tract 906, Accomack County, Virginia",24,5,14,1,0,0,0,0,4,23,1,15,13,8,1,3,4,241,15,65,161
510010906004005,"Block 4005, Block Group 4, Census Tract 906, Accomack County, Virginia",183,5,151,20,0,1,0,0,6,155,28,104,88,71,11,19,41,6,0,1,5
510010906004006,"Block 4006, Block Group 4, Census Tract 906, Accomack County, Virginia",23,3,13,7,0,0,0,0,0,15,8,8,8,15,2,5,8,5,0,4,1
510010906004007,"Block 4007, Block Group 4, Census Tract 906, Accomack County, Virginia",11,1,8,2,0,0,0,0,0,11,0,3,3,1,0,1,0,0,0,0,0
510010906004009,"Block 4009, Block Group 4, Census Tract 906, Accomack County, Virginia",11,0,10,0,0,0,0,0,1,10,1,8,0,2,0,0,2,4,0,3,1
510010906004010,"Block 4010, Block Group 4, Census Tract 906, Accomack County, Virginia",0,0,0,0,0,0,0,0,0,0,0,0,0,0,0,0,0,0,0,0,0
510010906004011,"Block 4011, Block Group 4, Census Tract 906, Accomack County, Virginia",13,2,8,3,0,0,0,0,0,13,0,5,3,6,1,3,2,0,0,0,0
510010906004012,"Block 4012, Block Group 4, Census Tract 906, Accomack County, Virginia",0,0,0,0,0,0,0,0,0,0,0,0,0,0,0,0,0,8,0,6,2
510010906004013,"Block 4013, Block Group 4, Census Tract 906, Accomack County, Virginia",0,0,0,0,0,0,0,0,0,0,0,0,0,0,0,0,0,0,0,0,0
510010906004014,"Block 4014, Block Group 4, Census Tract 906, Accomack County, Virginia",18,0,15,0,0,0,0,0,3,17,1,11,11,10,1,1,8,103,37,51,15
510010906004015,"Block 4015, Block Group 4, Census Tract 906, Accomack County, Virginia",86,0,36,50,0,0,0,0,0,80,6,51,51,44,10,20,14,0,0,0,0
510010906004016,"Block 4016, Block Group 4, Census Tract 906, Accomack County, Virginia",103,1,97,1,0,0,0,0,4,91,12,65,59,34,1,12,21,0,0,0,0
510010906004017,"Block 4017, Block Group 4, Census Tract 906, Accomack County, Virginia",0,0,0,0,0,0,0,0,0,0,0,0,0,0,0,0,0,0,0,0,0
510010906004018,"Block 4018, Block Group 4, Census Tract 906, Accomack County, Virginia",0,0,0,0,0,0,0,0,0,0,0,0,0,0,0,0,0,0,0,0,0
510010906004019,"Block 4019, Block Group 4, Census Tract 906, Accomack County, Virginia",22,0,19,3,0,0,0,0,0,19,3,15,15,12,2,4,6,0,0,0,0
510010906004020,"Block 4020, Block Group 4, Census Tract 906, Accomack County, Virginia",2,2,0,0,0,0,0,0,0,1,1,1,1,1,0,0,1,0,0,0,0
510010906004021,"Block 4021, Block Group 4, Census Tract 906, Accomack County, Virginia",0,0,0,0,0,0,0,0,0,0,0,0,0,0,0,0,0,0,0,0,0
510010906004022,"Block 4022, Block Group 4, Census Tract 906, Accomack County, Virginia",39,1,37,1,0,0,0,0,0,37,2,36,20,12,2,6,4,0,0,0,0
510010906004023,"Block 4023, Block Group 4, Census Tract 906, Accomack County, Virginia",14,0,8,4,0,0,0,0,2,12,2,8,2,11,3,2,6,2,0,2,0
510010906004024,"Block 4024, Block Group 4, Census Tract 906, Accomack County, Virginia",14,2,9,1,0,0,0,0,2,11,3,6,0,4,0,1,3,0,0,0,0
510010906004025,"Block 4025, Block Group 4, Census Tract 906, Accomack County, Virginia",9,2,5,0,0,0,0,0,2,7,2,3,0,4,1,2,1,0,0,0,0
510010906004027,"Block 4027, Block Group 4, Census Tract 906, Accomack County, Virginia",0,0,0,0,0,0,0,0,0,0,0,0,0,0,0,0,0,0,0,0,0
510010906004028,"Block 4028, Block Group 4, Census Tract 906, Accomack County, Virginia",28,6,22,0,0,0,0,0,0,25,3,20,17,9,3,4,2,7,0,4,3
510010906004030,"Block 4030, Block Group 4, Census Tract 906, Accomack County, Virginia",0,0,0,0,0,0,0,0,0,0,0,0,0,0,0,0,0,0,0,0,0
510010906004031,"Block 4031, Block Group 4, Census Tract 906, Accomack County, Virginia",0,0,0,0,0,0,0,0,0,0,0,0,0,0,0,0,0,0,0,0,0
510010906004033,"Block 4033, Block Group 4, Census Tract 906, Accomack County, Virginia",0,0,0,0,0,0,0,0,0,0,0,0,0,0,0,0,0,0,0,0,0
510010906004034,"Block 4034, Block Group 4, Census Tract 906, Accomack County, Virginia",58,3,54,0,0,1,0,0,0,58,0,43,35,28,4,12,12,1,0,1,0
510010906004035,"Block 4035, Block Group 4, Census Tract 906, Accomack County, Virginia",83,2,80,0,0,1,0,0,0,79,4,58,36,46,5,15,26,6,1,4,1
510010906004037,"Block 4037, Block Group 4, Census Tract 906, Accomack County, Virginia",62,9,49,1,0,0,0,0,3,56,6,33,27,27,5,12,10,0,0,0,0
510010906004038,"Block 4038, Block Group 4, Census Tract 906, Accomack County, Virginia",21,0,11,6,2,0,0,0,2,13,8,8,3,4,0,3,1,0,0,0,0
510010906004041,"Block 4041, Block Group 4, Census Tract 906, Accomack County, Virginia",0,0,0,0,0,0,0,0,0,0,0,0,0,0,0,0,0,0,0,0,0
510010906004043,"Block 4043, Block Group 4, Census Tract 906, Accomack County, Virginia",34,0,33,0,0,0,0,0,1,27,7,13,9,9,2,4,3,0,0,0,0
510010906004044,"Block 4044, Block Group 4, Census Tract 906, Accomack County, Virginia",0,0,0,0,0,0,0,0,0,0,0,0,0,0,0,0,0,0,0,0,0
510010906004045,"Block 4045, Block Group 4, Census Tract 906, Accomack County, Virginia",24,1,19,0,0,3,0,0,1,23,1,13,13,8,1,5,2,1,0,1,0
510010906004047,"Block 4047, Block Group 4, Census Tract 906, Accomack County, Virginia",36,1,29,5,0,0,0,0,1,27,9,14,14,9,2,1,6,0,0,0,0
510010906004048,"Block 4048, Block Group 4, Census Tract 906, Accomack County, Virginia",16,0,3,12,0,0,0,0,1,10,6,5,0,9,1,6,2,0,0,0,0
510010906004050,"Block 4050, Block Group 4, Census Tract 906, Accomack County, Virginia",36,1,32,3,0,0,0,0,0,30,6,21,20,14,3,5,6,0,0,0,0
510010906004051,"Block 4051, Block Group 4, Census Tract 906, Accomack County, Virginia",15,1,14,0,0,0,0,0,0,15,0,9,9,6,1,1,4,0,0,0,0
510010906004053,"Block 4053, Block Group 4, Census Tract 906, Accomack County, Virginia",22,2,6,14,0,0,0,0,0,14,8,12,7,14,2,3,9,0,0,0,0
510010906004054,"Block 4054, Block Group 4, Census Tract 906, Accomack County, Virginia",18,0,2,16,0,0,0,0,0,16,2,12,12,9,3,4,2,0,0,0,0
510010907001001,"Block 1001, Block Group 1, Census Tract 907, Accomack County, Virginia",10,1,0,8,0,0,0,0,1,6,4,5,5,3,0,2,1,19,3,3,13
510010907001002,"Block 1002, Block Group 1, Census Tract 907, Accomack County, Virginia",45,1,1,40,0,0,0,0,3,28,17,14,7,25,3,13,9,0,0,0,0
510010907001003,"Block 1003, Block Group 1, Census Tract 907, Accomack County, Virginia",120,3,98,4,0,10,0,0,5,99,21,49,49,46,3,24,19,3,0,2,1
510010907001005,"Block 1005, Block Group 1, Census Tract 907, Accomack County, Virginia",9,0,7,2,0,0,0,0,0,7,2,3,3,4,2,2,0,0,0,0,0
510010907001006,"Block 1006, Block Group 1, Census Tract 907, Accomack County, Virginia",29,2,25,2,0,0,0,0,0,27,2,19,12,10,2,1,7,0,0,0,0
510010907001007,"Block 1007, Block Group 1, Census Tract 907, Accomack County, Virginia",11,2,6,3,0,0,0,0,0,10,1,10,10,6,0,1,5,0,0,0,0
510010907001008,"Block 1008, Block Group 1, Census Tract 907, Accomack County, Virginia",8,0,8,0,0,0,0,0,0,5,3,1,1,2,0,1,1,4,3,1,0
510010907001009,"Block 1009, Block Group 1, Census Tract 907, Accomack County, Virginia",0,0,0,0,0,0,0,0,0,0,0,0,0,0,0,0,0,0,0,0,0
510010907001010,"Block 1010, Block Group 1, Census Tract 907, Accomack County, Virginia",8,0,4,2,0,1,0,0,1,4,4,6,6,3,0,1,2,13,3,6,4
510010907001011,"Block 1011, Block Group 1, Census Tract 907, Accomack County, Virginia",0,0,0,0,0,0,0,0,0,0,0,0,0,0,0,0,0,0,0,0,0
510010907001012,"Block 1012, Block Group 1, Census Tract 907, Accomack County, Virginia",0,0,0,0,0,0,0,0,0,0,0,0,0,0,0,0,0,0,0,0,0
510010907001013,"Block 1013, Block Group 1, Census Tract 907, Accomack County, Virginia",0,0,0,0,0,0,0,0,0,0,0,0,0,0,0,0,0,12,1,6,5
510010907001014,"Block 1014, Block Group 1, Census Tract 907, Accomack County, Virginia",30,1,21,6,0,1,0,0,1,17,13,10,10,20,5,9,6,2,0,2,0
510010907001015,"Block 1015, Block Group 1, Census Tract 907, Accomack County, Virginia",24,1,21,0,0,0,0,2,0,21,3,10,10,6,0,3,3,0,0,0,0
510010907001016,"Block 1016, Block Group 1, Census Tract 907, Accomack County, Virginia",8,0,0,6,0,1,0,0,1,5,3,6,6,3,1,2,0,0,0,0,0
510010907001017,"Block 1017, Block Group 1, Census Tract 907, Accomack County, Virginia",17,0,12,5,0,0,0,0,0,17,0,5,5,8,4,2,2,3,3,0,0
510010907001018,"Block 1018, Block Group 1, Census Tract 907, Accomack County, Virginia",8,2,2,1,0,1,0,0,2,6,2,4,4,7,1,5,1,0,0,0,0
510010907001019,"Block 1019, Block Group 1, Census Tract 907, Accomack County, Virginia",10,5,4,0,0,1,0,0,0,8,2,9,9,4,1,1,2,0,0,0,0
510010907001020,"Block 1020, Block Group 1, Census Tract 907, Accomack County, Virginia",10,3,7,0,0,0,0,0,0,7,3,2,2,2,0,1,1,2,0,2,0
510010907001021,"Block 1021, Block Group 1, Census Tract 907, Accomack County, Virginia",22,3,14,5,0,0,0,0,0,20,2,29,17,8,2,3,3,12,2,5,5
510010907001023,"Block 1023, Block Group 1, Census Tract 907, Accomack County, Virginia",0,0,0,0,0,0,0,0,0,0,0,0,0,0,0,0,0,0,0,0,0
510010907001024,"Block 1024, Block Group 1, Census Tract 907, Accomack County, Virginia",0,0,0,0,0,0,0,0,0,0,0,0,0,0,0,0,0,29,7,12,10
510010907001026,"Block 1026, Block Group 1, Census Tract 907, Accomack County, Virginia",45,4,30,10,0,0,0,0,1,39,6,27,22,12,1,7,4,15,6,4,5
510010907001027,"Block 1027, Block Group 1, Census Tract 907, Accomack County, Virginia",22,5,17,0,0,0,0,0,0,21,1,14,14,9,2,3,4,0,0,0,0
510010907001029,"Block 1029, Block Group 1, Census Tract 907, Accomack County, Virginia",25,14,5,4,0,1,0,0,1,20,5,19,17,10,2,6,2,10,6,4,0
510010907001030,"Block 1030, Block Group 1, Census Tract 907, Accomack County, Virginia",25,12,8,0,0,5,0,0,0,14,11,10,10,7,1,1,5,0,0,0,0
510010907001031,"Block 1031, Block Group 1, Census Tract 907, Accomack County, Virginia",13,0,5,2,0,0,0,2,4,13,0,4,4,5,0,2,3,0,0,0,0
510010907001033,"Block 1033, Block Group 1, Census Tract 907, Accomack County, Virginia",7,0,5,0,0,0,0,0,2,7,0,4,4,2,0,2,0,12,1,4,7
510010907001034,"Block 1034, Block Group 1, Census Tract 907, Accomack County, Virginia",31,6,14,11,0,0,0,0,0,26,5,10,6,14,2,4,8,3,0,3,0
510010907001037,"Block 1037, Block Group 1, Census Tract 907, Accomack County, Virginia",13,5,3,0,0,5,0,0,0,6,7,4,4,7,3,2,2,0,0,0,0
510010907001039,"Block 1039, Block Group 1, Census Tract 907, Accomack County, Virginia",0,0,0,0,0,0,0,0,0,0,0,0,0,0,0,0,0,209,48,113,48
510010907001040,"Block 1040, Block Group 1, Census Tract 907, Accomack County, Virginia",0,0,0,0,0,0,0,0,0,0,0,0,0,0,0,0,0,0,0,0,0
510010907001041,"Block 1041, Block Group 1, Census Tract 907, Accomack County, Virginia",0,0,0,0,0,0,0,0,0,0,0,0,0,0,0,0,0,9,6,3,0
510010907001043,"Block 1043, Block Group 1, Census Tract 907, Accomack County, Virginia",6,0,5,0,0,1,0,0,0,2,4,1,1,1,0,1,0,0,0,0,0
510010907001044,"Block 1044, Block Group 1, Census Tract 907, Accomack County, Virginia",2,0,1,0,0,1,0,0,0,1,1,2,0,0,0,0,0,0,0,0,0
510010907001046,"Block 1046, Block Group 1, Census Tract 907, Accomack County, Virginia",98,1,7,87,0,2,0,0,1,78,20,50,50,38,9,15,14,2,1,1,0
510010907001047,"Block 1047, Block Group 1, Census Tract 907, Accomack County, Virginia",18,1,7,7,0,0,0,0,3,12,6,2,2,6,1,3,2,0,0,0,0
510010907001049,"Block 1049, Block Group 1, Census Tract 907, Accomack County, Virginia",8,1,7,0,0,0,0,0,0,7,1,3,1,3,0,2,1,5,0,2,3
510010907001050,"Block 1050, Block Group 1, Census Tract 907, Accomack County, Virginia",0,0,0,0,0,0,0,0,0,0,0,0,0,0,0,0,0,7,0,1,6
510010907001052,"Block 1052, Block Group 1, Census Tract 907, Accomack County, Virginia",0,0,0,0,0,0,0,0,0,0,0,0,0,0,0,0,0,1,0,0,1
510010907001053,"Block 1053, Block Group 1, Census Tract 907, Accomack County, Virginia",163,7,94,62,0,0,0,0,0,110,53,62,61,57,2,20,35,15,3,8,4
510010907001054,"Block 1054, Block Group 1, Census Tract 907, Accomack County, Virginia",23,0,22,0,0,0,0,1,0,18,5,13,13,8,2,2,4,0,0,0,0
510010907001056,"Block 1056, Block Group 1, Census Tract 907, Accomack County, Virginia",0,0,0,0,0,0,0,0,0,0,0,0,0,0,0,0,0,0,0,0,0
510010907001057,"Block 1057, Block Group 1, Census Tract 907, Accomack County, Virginia",45,18,22,5,0,0,0,0,0,38,7,19,9,15,2,4,9,0,0,0,0
510010907001058,"Block 1058, Block Group 1, Census Tract 907, Accomack County, Virginia",124,20,86,18,0,0,0,0,0,105,19,56,53,49,8,16,25,2,0,2,0
510010907001059,"Block 1059, Block Group 1, Census Tract 907, Accomack County, Virginia",23,3,14,6,0,0,0,0,0,13,10,5,0,5,0,2,3,0,0,0,0
510010907001060,"Block 1060, Block Group 1, Census Tract 907, Accomack County, Virginia",12,1,4,7,0,0,0,0,0,8,4,6,6,5,2,2,1,3,3,0,0
510010907001061,"Block 1061, Block Group 1, Census Tract 907, Accomack County, Virginia",7,0,0,5,0,2,0,0,0,2,5,2,2,6,1,4,1,0,0,0,0
510010907002000,"Block 2000, Block Group 2, Census Tract 907, Accomack County, Virginia",43,0,10,33,0,0,0,0,0,37,6,24,24,12,1,9,2,2,0,2,0
510010907002001,"Block 2001, Block Group 2, Census Tract 907, Accomack County, Virginia",15,0,4,11,0,0,0,0,0,14,1,11,7,7,2,4,1,2,2,0,0
510010907002002,"Block 2002, Block Group 2, Census Tract 907, Accomack County, Virginia",108,15,16,77,0,0,0,0,0,75,33,38,38,33,7,16,10,4,2,2,0
510010907002003,"Block 2003, Block Group 2, Census Tract 907, Accomack County, Virginia",0,0,0,0,0,0,0,0,0,0,0,0,0,0,0,0,0,32,3,20,9
510010907002005,"Block 2005, Block Group 2, Census Tract 907, Accomack County, Virginia",0,0,0,0,0,0,0,0,0,0,0,0,0,0,0,0,0,18,9,3,6
510010907002006,"Block 2006, Block Group 2, Census Tract 907, Accomack County, Virginia",18,0,0,18,0,0,0,0,0,10,8,18,18,7,1,2,4,62,3,34,25
510010907002007,"Block 2007, Block Group 2, Census Tract 907, Accomack County, Virginia",10,0,10,0,0,0,0,0,0,9,1,11,11,1,0,1,0,0,0,0,0
510010907002008,"Block 2008, Block Group 2, Census Tract 907, Accomack County, Virginia",8,0,2,6,0,0,0,0,0,5,3,4,4,2,0,0,2,0,0,0,0
510010907002009,"Block 2009, Block Group 2, Census Tract 907, Accomack County, Virginia",7,2,5,0,0,0,0,0,0,7,0,2,2,5,2,0,3,0,0,0,0
510010907002011,"Block 2011, Block Group 2, Census Tract 907, Accomack County, Virginia",0,0,0,0,0,0,0,0,0,0,0,0,0,0,0,0,0,0,0,0,0
510010907002012,"Block 2012, Block Group 2, Census Tract 907, Accomack County, Virginia",0,0,0,0,0,0,0,0,0,0,0,0,0,0,0,0,0,0,0,0,0
510010907002014,"Block 2014, Block Group 2, Census Tract 907, Accomack County, Virginia",6,1,1,0,0,4,0,0,0,6,0,1,1,3,0,1,2,0,0,0,0
510010907002015,"Block 2015, Block Group 2, Census Tract 907, Accomack County, Virginia",55,1,46,6,0,1,0,0,1,51,4,26,26,24,2,6,16,0,0,0,0
510010907002017,"Block 2017, Block Group 2, Census Tract 907, Accomack County, Virginia",0,0,0,0,0,0,0,0,0,0,0,0,0,0,0,0,0,0,0,0,0
510010907002018,"Block 2018, Block Group 2, Census Tract 907, Accomack County, Virginia",0,0,0,0,0,0,0,0,0,0,0,0,0,0,0,0,0,0,0,0,0
510010907002019,"Block 2019, Block Group 2, Census Tract 907, Accomack County, Virginia",0,0,0,0,0,0,0,0,0,0,0,0,0,0,0,0,0,0,0,0,0
510010907002021,"Block 2021, Block Group 2, Census Tract 907, Accomack County, Virginia",8,1,7,0,0,0,0,0,0,5,3,4,4,5,0,2,3,2,1,1,0
510010905002022,"Block 2022, Block Group 2, Census Tract 905, Accomack County, Virginia",11,0,9,2,0,0,0,0,0,10,1,5,4,3,2,0,1,2,0,0,2
510010905002024,"Block 2024, Block Group 2, Census Tract 905, Accomack County, Virginia",6,1,4,0,0,1,0,0,0,5,1,3,3,2,0,1,1,0,0,0,0
510010905002025,"Block 2025, Block Group 2, Census Tract 905, Accomack County, Virginia",12,0,7,3,0,1,0,0,1,4,8,3,3,7,0,4,3,0,0,0,0
510010905002027,"Block 2027, Block Group 2, Census Tract 905, Accomack County, Virginia",1,0,1,0,0,0,0,0,0,1,0,4,0,0,0,0,0,0,0,0,0
510010905002028,"Block 2028, Block Group 2, Census Tract 905, Accomack County, Virginia",4,0,3,1,0,0,0,0,0,3,1,4,4,0,0,0,0,0,0,0,0
510010905002030,"Block 2030, Block Group 2, Census Tract 905, Accomack County, Virginia",7,3,2,2,0,0,0,0,0,7,0,4,4,3,1,1,1,3,0,1,2
510010905002031,"Block 2031, Block Group 2, Census Tract 905, Accomack County, Virginia",9,1,7,0,0,0,0,1,0,7,2,5,5,6,3,2,1,0,0,0,0
510010905002033,"Block 2033, Block Group 2, Census Tract 905, Accomack County, Virginia",4,0,4,0,0,0,0,0,0,4,0,4,1,1,0,0,1,0,0,0,0
510010905002034,"Block 2034, Block Group 2, Census Tract 905, Accomack County, Virginia",21,2,13,5,0,0,0,0,1,17,4,8,8,5,1,2,2,0,0,0,0
510010906001015,"Block 1015, Block Group 1, Census Tract 906, Accomack County, Virginia",0,0,0,0,0,0,0,0,0,0,0,0,0,0,0,0,0,0,0,0,0
510010906001016,"Block 1016, Block Group 1, Census Tract 906, Accomack County, Virginia",0,0,0,0,0,0,0,0,0,0,0,0,0,0,0,0,0,0,0,0,0
510010906001018,"Block 1018, Block Group 1, Census Tract 906, Accomack County, Virginia",0,0,0,0,0,0,0,0,0,0,0,0,0,0,0,0,0,0,0,0,0
510010906001019,"Block 1019, Block Group 1, Census Tract 906, Accomack County, Virginia",0,0,0,0,0,0,0,0,0,0,0,0,0,0,0,0,0,0,0,0,0
510010906001021,"Block 1021, Block Group 1, Census Tract 906, Accomack County, Virginia",0,0,0,0,0,0,0,0,0,0,0,0,0,0,0,0,0,0,0,0,0
510010906001022,"Block 1022, Block Group 1, Census Tract 906, Accomack County, Virginia",0,0,0,0,0,0,0,0,0,0,0,0,0,0,0,0,0,0,0,0,0
510010907002022,"Block 2022, Block Group 2, Census Tract 907, Accomack County, Virginia",12,2,9,1,0,0,0,0,0,9,3,6,6,7,1,3,3,0,0,0,0
510010907002024,"Block 2024, Block Group 2, Census Tract 907, Accomack County, Virginia",8,1,6,0,0,0,0,0,1,7,1,1,1,2,0,2,0,0,0,0,0
510010907002025,"Block 2025, Block Group 2, Census Tract 907, Accomack County, Virginia",8,5,3,0,0,0,0,0,0,8,0,5,3,1,0,1,0,0,0,0,0
510010907002027,"Block 2027, Block Group 2, Census Tract 907, Accomack County, Virginia",50,4,10,36,0,0,0,0,0,36,14,20,20,17,4,6,7,0,0,0,0
510010907002028,"Block 2028, Block Group 2, Census Tract 907, Accomack County, Virginia",11,1,8,2,0,0,0,0,0,9,2,7,7,4,1,2,1,0,0,0,0
510010905002035,"Block 2035, Block Group 2, Census Tract 905, Accomack County, Virginia",12,1,7,4,0,0,0,0,0,7,5,7,3,8,1,4,3,0,0,0,0
510010905002037,"Block 2037, Block Group 2, Census Tract 905, Accomack County, Virginia",6,2,0,2,0,0,0,0,2,6,0,5,5,1,1,0,0,0,0,0,0
510010905002038,"Block 2038, Block Group 2, Census Tract 905, Accomack County, Virginia",22,3,14,5,0,0,0,0,0,20,2,5,0,7,0,3,4,0,0,0,0
510010905002039,"Block 2039, Block Group 2, Census Tract 905, Accomack County, Virginia",8,1,4,3,0,0,0,0,0,7,1,4,4,7,1,2,4,0,0,0,0
510010905002040,"Block 2040, Block Group 2, Census Tract 905, Accomack County, Virginia",13,2,7,1,0,3,0,0,0,9,4,4,4,6,1,3,2,2,0,2,0
510010905002041,"Block 2041, Block Group 2, Census Tract 905, Accomack County, Virginia",7,1,6,0,0,0,0,0,0,6,1,3,0,5,1,1,3,0,0,0,0
510010905002042,"Block 2042, Block Group 2, Census Tract 905, Accomack County, Virginia",5,0,2,3,0,0,0,0,0,5,0,5,3,3,1,2,0,0,0,0,0
510010905002043,"Block 2043, Block Group 2, Census Tract 905, Accomack County, Virginia",35,0,22,12,0,0,0,0,1,29,6,18,18,17,6,4,7,0,0,0,0
510010905002044,"Block 2044, Block Group 2, Census Tract 905, Accomack County, Virginia",9,0,7,0,0,0,0,0,2,9,0,7,7,1,0,1,0,0,0,0,0
510010905002045,"Block 2045, Block Group 2, Census Tract 905, Accomack County, Virginia",12,2,4,5,0,0,0,0,1,6,6,2,0,5,3,1,1,11,6,2,3
510010905002046,"Block 2046, Block Group 2, Census Tract 905, Accomack County, Virginia",19,0,10,9,0,0,0,0,0,18,1,10,9,6,0,4,2,0,0,0,0
510010905002047,"Block 2047, Block Group 2, Census Tract 905, Accomack County, Virginia",5,0,5,0,0,0,0,0,0,4,1,2,2,1,0,1,0,9,0,8,1
510010905002048,"Block 2048, Block Group 2, Census Tract 905, Accomack County, Virginia",1,0,1,0,0,0,0,0,0,1,0,2,2,0,0,0,0,3,3,0,0
510010905002049,"Block 2049, Block Group 2, Census Tract 905, Accomack County, Virginia",9,0,7,2,0,0,0,0,0,6,3,5,5,4,1,2,1,0,0,0,0
510010905002050,"Block 2050, Block Group 2, Census Tract 905, Accomack County, Virginia",7,1,5,0,0,0,0,0,1,6,1,6,1,4,1,2,1,0,0,0,0
510010905002051,"Block 2051, Block Group 2, Census Tract 905, Accomack County, Virginia",17,1,13,3,0,0,0,0,0,16,1,7,7,10,2,4,4,0,0,0,0
510010905002052,"Block 2052, Block Group 2, Census Tract 905, Accomack County, Virginia",9,0,6,3,0,0,0,0,0,9,0,12,12,0,0,0,0,0,0,0,0
510010905002053,"Block 2053, Block Group 2, Census Tract 905, Accomack County, Virginia",0,0,0,0,0,0,0,0,0,0,0,5,3,0,0,0,0,0,0,0,0
510010905002054,"Block 2054, Block Group 2, Census Tract 905, Accomack County, Virginia",2,0,0,0,0,0,0,0,2,1,1,4,4,0,0,0,0,0,0,0,0
510010905002056,"Block 2056, Block Group 2, Census Tract 905, Accomack County, Virginia",0,0,0,0,0,0,0,0,0,0,0,0,0,0,0,0,0,0,0,0,0
510010905002057,"Block 2057, Block Group 2, Census Tract 905, Accomack County, Virginia",11,0,10,0,0,0,0,0,1,10,1,3,0,8,1,1,6,0,0,0,0
510010905002059,"Block 2059, Block Group 2, Census Tract 905, Accomack County, Virginia",7,0,3,0,0,0,0,0,4,7,0,3,3,2,1,0,1,0,0,0,0
510010905002060,"Block 2060, Block Group 2, Census Tract 905, Accomack County, Virginia",3,1,2,0,0,0,0,0,0,2,1,6,6,0,0,0,0,0,0,0,0
510010905002062,"Block 2062, Block Group 2, Census Tract 905, Accomack County, Virginia",16,5,4,2,0,1,0,0,4,15,1,6,0,9,1,3,5,0,0,0,0
510010905002063,"Block 2063, Block Group 2, Census Tract 905, Accomack County, Virginia",14,4,9,0,0,0,0,0,1,13,1,6,6,4,0,1,3,0,0,0,0
510010905002064,"Block 2064, Block Group 2, Census Tract 905, Accomack County, Virginia",22,4,6,7,0,2,0,0,3,17,5,5,5,4,0,1,3,0,0,0,0
510010905002066,"Block 2066, Block Group 2, Census Tract 905, Accomack County, Virginia",22,4,5,12,0,0,0,0,1,19,3,13,8,9,1,2,6,0,0,0,0
510010905002067,"Block 2067, Block Group 2, Census Tract 905, Accomack County, Virginia",11,3,0,5,0,0,0,0,3,7,4,4,4,2,0,0,2,0,0,0,0
510010905002070,"Block 2070, Block Group 2, Census Tract 905, Accomack County, Virginia",18,3,3,12,0,0,0,0,0,16,2,9,9,8,0,5,3,0,0,0,0
510010905002072,"Block 2072, Block Group 2, Census Tract 905, Accomack County, Virginia",15,7,4,1,0,2,0,0,1,15,0,2,2,3,0,2,1,0,0,0,0
510010905002073,"Block 2073, Block Group 2, Census Tract 905, Accomack County, Virginia",34,1,22,9,0,0,0,0,2,30,4,19,19,11,4,3,4,0,0,0,0
510010905002074,"Block 2074, Block Group 2, Census Tract 905, Accomack County, Virginia",14,0,1,13,0,0,0,0,0,12,2,5,5,7,1,2,4,0,0,0,0
510010905002076,"Block 2076, Block Group 2, Census Tract 905, Accomack County, Virginia",0,0,0,0,0,0,0,0,0,0,0,0,0,0,0,0,0,68,2,6,60
510010905002077,"Block 2077, Block Group 2, Census Tract 905, Accomack County, Virginia",47,10,0,37,0,0,0,0,0,38,9,25,24,21,4,8,9,134,8,50,76
510010905002079,"Block 2079, Block Group 2, Census Tract 905, Accomack County, Virginia",12,0,10,2,0,0,0,0,0,12,0,4,4,2,0,1,1,0,0,0,0
510010905002080,"Block 2080, Block Group 2, Census Tract 905, Accomack County, Virginia",11,5,5,0,0,0,0,0,1,11,0,4,1,4,1,1,2,0,0,0,0
510010905002082,"Block 2082, Block Group 2, Census Tract 905, Accomack County, Virginia",11,0,3,5,0,0,0,2,1,8,3,3,3,4,0,3,1,0,0,0,0
510010907002030,"Block 2030, Block Group 2, Census Tract 907, Accomack County, Virginia",5,1,0,4,0,0,0,0,0,4,1,3,3,2,1,0,1,2,0,2,0
510010907002032,"Block 2032, Block Group 2, Census Tract 907, Accomack County, Virginia",16,0,16,0,0,0,0,0,0,15,1,10,10,7,1,3,3,0,0,0,0
510010907002033,"Block 2033, Block Group 2, Census Tract 907, Accomack County, Virginia",11,0,9,1,0,0,0,0,1,10,1,7,7,3,0,1,2,1,0,1,0
510010907002035,"Block 2035, Block Group 2, Census Tract 907, Accomack County, Virginia",34,2,24,7,0,0,0,0,1,32,2,14,8,17,3,7,7,0,0,0,0
510010907002036,"Block 2036, Block Group 2, Census Tract 907, Accomack County, Virginia",0,0,0,0,0,0,0,0,0,0,0,3,3,0,0,0,0,0,0,0,0
510010907002037,"Block 2037, Block Group 2, Census Tract 907, Accomack County, Virginia",4,1,3,0,0,0,0,0,0,4,0,3,0,1,0,0,1,12,7,2,3
510010907002039,"Block 2039, Block Group 2, Census Tract 907, Accomack County, Virginia",13,3,7,3,0,0,0,0,0,13,0,5,0,6,4,2,0,0,0,0,0
510010905002083,"Block 2083, Block Group 2, Census Tract 905, Accomack County, Virginia",7,0,7,0,0,0,0,0,0,7,0,5,1,2,0,1,1,0,0,0,0
510010905002085,"Block 2085, Block Group 2, Census Tract 905, Accomack County, Virginia",7,0,7,0,0,0,0,0,0,7,0,3,3,3,1,0,2,0,0,0,0
510010905002086,"Block 2086, Block Group 2, Census Tract 905, Accomack County, Virginia",27,8,15,4,0,0,0,0,0,18,9,9,9,5,3,1,1,5,0,3,2
510010905002087,"Block 2087, Block Group 2, Census Tract 905, Accomack County, Virginia",4,1,2,1,0,0,0,0,0,4,0,2,2,1,1,0,0,0,0,0,0
510010905002089,"Block 2089, Block Group 2, Census Tract 905, Accomack County, Virginia",36,4,23,9,0,0,0,0,0,30,6,16,16,19,4,4,11,0,0,0,0
510010905003000,"Block 3000, Block Group 3, Census Tract 905, Accomack County, Virginia",10,2,0,8,0,0,0,0,0,10,0,6,6,5,2,0,3,0,0,0,0
510010905003001,"Block 3001, Block Group 3, Census Tract 905, Accomack County, Virginia",13,0,6,7,0,0,0,0,0,5,8,3,1,4,0,2,2,0,0,0,0
510010905003002,"Block 3002, Block Group 3, Census Tract 905, Accomack County, Virginia",24,5,3,15,0,0,0,1,0,13,11,11,11,10,2,4,4,0,0,0,0
510010905003003,"Block 3003, Block Group 3, Census Tract 905, Accomack County, Virginia",0,0,0,0,0,0,0,0,0,0,0,0,0,0,0,0,0,0,0,0,0
510010905003004,"Block 3004, Block Group 3, Census Tract 905, Accomack County, Virginia",11,1,9,1,0,0,0,0,0,11,0,4,4,5,2,0,3,49,3,13,33
510010905003005,"Block 3005, Block Group 3, Census Tract 905, Accomack County, Virginia",31,0,17,14,0,0,0,0,0,25,6,14,2,11,1,2,8,2,1,1,0
510010905003006,"Block 3006, Block Group 3, Census Tract 905, Accomack County, Virginia",35,5,28,2,0,0,0,0,0,26,9,14,14,14,1,5,8,2,1,1,0
510010905003007,"Block 3007, Block Group 3, Census Tract 905, Accomack County, Virginia",3,3,0,0,0,0,0,0,0,3,0,4,4,0,0,0,0,0,0,0,0
510010905003008,"Block 3008, Block Group 3, Census Tract 905, Accomack County, Virginia",33,10,7,13,0,0,0,0,3,21,12,7,7,16,1,10,5,0,0,0,0
510010905003009,"Block 3009, Block Group 3, Census Tract 905, Accomack County, Virginia",0,0,0,0,0,0,0,0,0,0,0,0,0,0,0,0,0,0,0,0,0
510010905003010,"Block 3010, Block Group 3, Census Tract 905, Accomack County, Virginia",0,0,0,0,0,0,0,0,0,0,0,0,0,0,0,0,0,0,0,0,0
510010905003011,"Block 3011, Block Group 3, Census Tract 905, Accomack County, Virginia",16,6,4,6,0,0,0,0,0,14,2,10,10,5,1,2,2,0,0,0,0
510010905003012,"Block 3012, Block Group 3, Census Tract 905, Accomack County, Virginia",97,78,9,6,0,0,0,3,1,53,44,19,19,28,6,13,9,0,0,0,0
510010905003013,"Block 3013, Block Group 3, Census Tract 905, Accomack County, Virginia",7,2,3,2,0,0,0,0,0,7,0,3,3,4,1,3,0,0,0,0,0
510010905003014,"Block 3014, Block Group 3, Census Tract 905, Accomack County, Virginia",4,3,1,0,0,0,0,0,0,2,2,1,1,1,0,0,1,0,0,0,0
510010905003015,"Block 3015, Block Group 3, Census Tract 905, Accomack County, Virginia",0,0,0,0,0,0,0,0,0,0,0,0,0,0,0,0,0,0,0,0,0
510010905003017,"Block 3017, Block Group 3, Census Tract 905, Accomack County, Virginia",19,7,12,0,0,0,0,0,0,16,3,6,5,6,0,5,1,8,1,5,2
510010905003018,"Block 3018, Block Group 3, Census Tract 905, Accomack County, Virginia",0,0,0,0,0,0,0,0,0,0,0,0,0,0,0,0,0,0,0,0,0
510010905003020,"Block 3020, Block Group 3, Census Tract 905, Accomack County, Virginia",9,0,6,2,0,0,0,0,1,8,1,3,0,2,0,0,2,0,0,0,0
510010905003021,"Block 3021, Block Group 3, Census Tract 905, Accomack County, Virginia",27,0,10,15,0,0,0,0,2,17,10,15,15,15,2,4,9,0,0,0,0
510010905003023,"Block 3023, Block Group 3, Census Tract 905, Accomack County, Virginia",34,12,3,19,0,0,0,0,0,19,15,14,14,9,0,3,6,0,0,0,0
510010905003024,"Block 3024, Block Group 3, Census Tract 905, Accomack County, Virginia",5,1,3,1,0,0,0,0,0,5,0,2,0,4,2,1,1,0,0,0,0
510010905003025,"Block 3025, Block Group 3, Census Tract 905, Accomack County, Virginia",18,0,1,14,0,0,0,0,3,12,6,10,8,5,0,3,2,2,0,0,2
510010905003027,"Block 3027, Block Group 3, Census Tract 905, Accomack County, Virginia",66,3,7,55,0,0,0,0,1,57,9,33,27,24,4,9,11,2,0,2,0
510010905003028,"Block 3028, Block Group 3, Census Tract 905, Accomack County, Virginia",4,1,2,0,0,0,0,1,0,0,4,2,2,1,0,0,1,0,0,0,0
510010905003031,"Block 3031, Block Group 3, Census Tract 905, Accomack County, Virginia",8,4,4,0,0,0,0,0,0,6,2,3,0,2,1,1,0,0,0,0,0
510010905003033,"Block 3033, Block Group 3, Census Tract 905, Accomack County, Virginia",9,6,2,1,0,0,0,0,0,7,2,1,1,5,1,2,2,0,0,0,0
510010905003034,"Block 3034, Block Group 3, Census Tract 905, Accomack County, Virginia",9,7,2,0,0,0,0,0,0,0,9,2,2,6,0,4,2,142,6,30,106
510010905003035,"Block 3035, Block Group 3, Census Tract 905, Accomack County, Virginia",6,1,0,0,0,4,0,1,0,6,0,1,0,3,1,0,2,0,0,0,0
510010905003037,"Block 3037, Block Group 3, Census Tract 905, Accomack County, Virginia",22,12,0,6,0,2,0,0,2,14,8,10,10,9,0,5,4,1550,166,634,750
510010905003038,"Block 3038, Block Group 3, Census Tract 905, Accomack County, Virginia",0,0,0,0,0,0,0,0,0,0,0,0,0,0,0,0,0,90,7,16,67
510010905003040,"Block 3040, Block Group 3, Census Tract 905, Accomack County, Virginia",0,0,0,0,0,0,0,0,0,0,0,0,0,0,0,0,0,0,0,0,0
510010905003041,"Block 3041, Block Group 3, Census Tract 905, Accomack County, Virginia",21,7,13,1,0,0,0,0,0,20,1,8,8,8,0,3,5,0,0,0,0
510010905003043,"Block 3043, Block Group 3, Census Tract 905, Accomack County, Virginia",1,0,1,0,0,0,0,0,0,1,0,1,0,2,1,0,1,0,0,0,0
510010905003044,"Block 3044, Block Group 3, Census Tract 905, Accomack County, Virginia",9,5,4,0,0,0,0,0,0,8,1,2,2,4,1,2,1,0,0,0,0
510010905003046,"Block 3046, Block Group 3, Census Tract 905, Accomack County, Virginia",0,0,0,0,0,0,0,0,0,0,0,0,0,0,0,0,0,0,0,0,0
510010905003047,"Block 3047, Block Group 3, Census Tract 905, Accomack County, Virginia",3,2,0,0,1,0,0,0,0,2,1,1,1,4,0,1,3,0,0,0,0
510010905003048,"Block 3048, Block Group 3, Census Tract 905, Accomack County, Virginia",31,13,12,1,0,0,0,1,4,21,10,10,5,11,3,3,5,0,0,0,0
510010905003050,"Block 3050, Block Group 3, Census Tract 905, Accomack County, Virginia",0,0,0,0,0,0,0,0,0,0,0,0,0,0,0,0,0,0,0,0,0
510010905003051,"Block 3051, Block Group 3, Census Tract 905, Accomack County, Virginia",21,1,3,15,0,0,0,0,2,13,8,6,3,6,1,4,1,0,0,0,0
510010905003052,"Block 3052, Block Group 3, Census Tract 905, Accomack County, Virginia",0,0,0,0,0,0,0,0,0,0,0,0,0,0,0,0,0,0,0,0,0
510010905003053,"Block 3053, Block Group 3, Census Tract 905, Accomack County, Virginia",6,0,2,4,0,0,0,0,0,6,0,1,0,5,1,4,0,0,0,0,0
510010905003054,"Block 3054, Block Group 3, Census Tract 905, Accomack County, Virginia",2,2,0,0,0,0,0,0,0,2,0,4,3,1,0,1,0,0,0,0,0
510010905003055,"Block 3055, Block Group 3, Census Tract 905, Accomack County, Virginia",0,0,0,0,0,0,0,0,0,0,0,0,0,0,0,0,0,0,0,0,0
510010905003056,"Block 3056, Block Group 3, Census Tract 905, Accomack County, Virginia",17,4,5,8,0,0,0,0,0,14,3,8,8,12,3,4,5,0,0,0,0
510010905003057,"Block 3057, Block Group 3, Census Tract 905, Accomack County, Virginia",4,0,2,2,0,0,0,0,0,4,0,2,1,0,0,0,0,0,0,0,0
510010905003058,"Block 3058, Block Group 3, Census Tract 905, Accomack County, Virginia",16,1,9,6,0,0,0,0,0,16,0,12,10,8,0,3,5,7,2,1,4
510010905003059,"Block 3059, Block Group 3, Census Tract 905, Accomack County, Virginia",11,2,8,0,0,0,0,0,1,8,3,11,11,4,0,2,2,3,2,1,0
510010905003060,"Block 3060, Block Group 3, Census Tract 905, Accomack County, Virginia",22,1,13,7,0,1,0,0,0,14,8,6,6,14,4,1,9,0,0,0,0
510010905003061,"Block 3061, Block Group 3, Census Tract 905, Accomack County, Virginia",12,3,9,0,0,0,0,0,0,11,1,3,0,0,0,0,0,0,0,0,0
510010905003062,"Block 3062, Block Group 3, Census Tract 905, Accomack County, Virginia",0,0,0,0,0,0,0,0,0,0,0,0,0,0,0,0,0,0,0,0,0
510010905003063,"Block 3063, Block Group 3, Census Tract 905, Accomack County, Virginia",14,1,9,4,0,0,0,0,0,12,2,8,8,7,1,1,5,0,0,0,0
510010905003064,"Block 3064, Block Group 3, Census Tract 905, Accomack County, Virginia",2,0,2,0,0,0,0,0,0,2,0,1,1,0,0,0,0,2,0,1,1
510010905003065,"Block 3065, Block Group 3, Census Tract 905, Accomack County, Virginia",14,7,7,0,0,0,0,0,0,6,8,5,5,6,2,2,2,1,0,0,1
510010905003067,"Block 3067, Block Group 3, Census Tract 905, Accomack County, Virginia",0,0,0,0,0,0,0,0,0,0,0,0,0,0,0,0,0,0,0,0,0
510010905003068,"Block 3068, Block Group 3, Census Tract 905, Accomack County, Virginia",0,0,0,0,0,0,0,0,0,0,0,0,0,0,0,0,0,3,0,3,0
510010906001000,"Block 1000, Block Group 1, Census Tract 906, Accomack County, Virginia",0,0,0,0,0,0,0,0,0,0,0,0,0,0,0,0,0,0,0,0,0
510010906001001,"Block 1001, Block Group 1, Census Tract 906, Accomack County, Virginia",0,0,0,0,0,0,0,0,0,0,0,0,0,0,0,0,0,0,0,0,0
510010906001003,"Block 1003, Block Group 1, Census Tract 906, Accomack County, Virginia",0,0,0,0,0,0,0,0,0,0,0,0,0,0,0,0,0,0,0,0,0
510010906001004,"Block 1004, Block Group 1, Census Tract 906, Accomack County, Virginia",0,0,0,0,0,0,0,0,0,0,0,0,0,0,0,0,0,0,0,0,0
510010906001006,"Block 1006, Block Group 1, Census Tract 906, Accomack County, Virginia",0,0,0,0,0,0,0,0,0,0,0,0,0,0,0,0,0,0,0,0,0
510010906001007,"Block 1007, Block Group 1, Census Tract 906, Accomack County, Virginia",0,0,0,0,0,0,0,0,0,0,0,0,0,0,0,0,0,0,0,0,0
510010906001009,"Block 1009, Block Group 1, Census Tract 906, Accomack County, Virginia",0,0,0,0,0,0,0,0,0,0,0,0,0,0,0,0,0,0,0,0,0
510010906001010,"Block 1010, Block Group 1, Census Tract 906, Accomack County, Virginia",0,0,0,0,0,0,0,0,0,0,0,0,0,0,0,0,0,0,0,0,0
510010906001011,"Block 1011, Block Group 1, Census Tract 906, Accomack County, Virginia",0,0,0,0,0,0,0,0,0,0,0,0,0,0,0,0,0,0,0,0,0
510010906001013,"Block 1013, Block Group 1, Census Tract 906, Accomack County, Virginia",0,0,0,0,0,0,0,0,0,0,0,0,0,0,0,0,0,0,0,0,0
510010906001014,"Block 1014, Block Group 1, Census Tract 906, Accomack County, Virginia",0,0,0,0,0,0,0,0,0,0,0,0,0,0,0,0,0,0,0,0,0
510010906001024,"Block 1024, Block Group 1, Census Tract 906, Accomack County, Virginia",0,0,0,0,0,0,0,0,0,0,0,0,0,0,0,0,0,0,0,0,0
510010906001025,"Block 1025, Block Group 1, Census Tract 906, Accomack County, Virginia",0,0,0,0,0,0,0,0,0,0,0,0,0,0,0,0,0,0,0,0,0
510010906001027,"Block 1027, Block Group 1, Census Tract 906, Accomack County, Virginia",0,0,0,0,0,0,0,0,0,0,0,0,0,0,0,0,0,0,0,0,0
510010906001028,"Block 1028, Block Group 1, Census Tract 906, Accomack County, Virginia",0,0,0,0,0,0,0,0,0,0,0,0,0,0,0,0,0,0,0,0,0
510010906001029,"Block 1029, Block Group 1, Census Tract 906, Accomack County, Virginia",136,0,134,0,0,0,0,0,2,111,25,75,53,59,8,17,34,2,1,1,0
510010906001031,"Block 1031, Block Group 1, Census Tract 906, Accomack County, Virginia",0,0,0,0,0,0,0,0,0,0,0,0,0,0,0,0,0,0,0,0,0
510010906001032,"Block 1032, Block Group 1, Census Tract 906, Accomack County, Virginia",0,0,0,0,0,0,0,0,0,0,0,0,0,0,0,0,0,0,0,0,0
510010906001034,"Block 1034, Block Group 1, Census Tract 906, Accomack County, Virginia",0,0,0,0,0,0,0,0,0,0,0,0,0,0,0,0,0,0,0,0,0
510010906001035,"Block 1035, Block Group 1, Census Tract 906, Accomack County, Virginia",0,0,0,0,0,0,0,0,0,0,0,0,0,0,0,0,0,0,0,0,0
510010906001037,"Block 1037, Block Group 1, Census Tract 906, Accomack County, Virginia",0,0,0,0,0,0,0,0,0,0,0,0,0,0,0,0,0,0,0,0,0
510010906001038,"Block 1038, Block Group 1, Census Tract 906, Accomack County, Virginia",0,0,0,0,0,0,0,0,0,0,0,0,0,0,0,0,0,0,0,0,0
510010906001040,"Block 1040, Block Group 1, Census Tract 906, Accomack County, Virginia",0,0,0,0,0,0,0,0,0,0,0,0,0,0,0,0,0,3,1,2,0
510010906001041,"Block 1041, Block Group 1, Census Tract 906, Accomack County, Virginia",71,0,68,0,0,0,0,0,3,70,1,57,50,32,4,13,15,1,0,0,1
510010906001042,"Block 1042, Block Group 1, Census Tract 906, Accomack County, Virginia",33,0,33,0,0,0,0,0,0,30,3,23,17,13,4,2,7,1,0,1,0
510010906001044,"Block 1044, Block Group 1, Census Tract 906, Accomack County, Virginia",76,0,75,0,0,0,0,0,1,60,16,40,33,34,7,10,17,1,0,0,1
510010906001045,"Block 1045, Block Group 1, Census Tract 906, Accomack County, Virginia",17,0,17,0,0,0,0,0,0,11,6,13,8,3,1,0,2,0,0,0,0
510010906001047,"Block 1047, Block Group 1, Census Tract 906, Accomack County, Virginia",22,0,22,0,0,0,0,0,0,17,5,18,13,12,2,5,5,0,0,0,0
510010906001048,"Block 1048, Block Group 1, Census Tract 906, Accomack County, Virginia",0,0,0,0,0,0,0,0,0,0,0,0,0,0,0,0,0,0,0,0,0
510010906001049,"Block 1049, Block Group 1, Census Tract 906, Accomack County, Virginia",9,0,8,0,0,0,0,0,1,3,6,3,3,6,1,1,4,0,0,0,0
510010906001050,"Block 1050, Block Group 1, Census Tract 906, Accomack County, Virginia",0,0,0,0,0,0,0,0,0,0,0,0,0,0,0,0,0,0,0,0,0
510010906002000,"Block 2000, Block Group 2, Census Tract 906, Accomack County, Virginia",0,0,0,0,0,0,0,0,0,0,0,0,0,0,0,0,0,0,0,0,0
510010906002001,"Block 2001, Block Group 2, Census Tract 906, Accomack County, Virginia",0,0,0,0,0,0,0,0,0,0,0,0,0,0,0,0,0,0,0,0,0
510010906002002,"Block 2002, Block Group 2, Census Tract 906, Accomack County, Virginia",0,0,0,0,0,0,0,0,0,0,0,0,0,0,0,0,0,0,0,0,0
510010906002003,"Block 2003, Block Group 2, Census Tract 906, Accomack County, Virginia",0,0,0,0,0,0,0,0,0,0,0,0,0,0,0,0,0,0,0,0,0
510010906002004,"Block 2004, Block Group 2, Census Tract 906, Accomack County, Virginia",0,0,0,0,0,0,0,0,0,0,0,0,0,0,0,0,0,0,0,0,0
510010906002005,"Block 2005, Block Group 2, Census Tract 906, Accomack County, Virginia",0,0,0,0,0,0,0,0,0,0,0,0,0,0,0,0,0,0,0,0,0
510010906002006,"Block 2006, Block Group 2, Census Tract 906, Accomack County, Virginia",0,0,0,0,0,0,0,0,0,0,0,0,0,0,0,0,0,0,0,0,0
510010906002007,"Block 2007, Block Group 2, Census Tract 906, Accomack County, Virginia",0,0,0,0,0,0,0,0,0,0,0,0,0,0,0,0,0,0,0,0,0
510010906002008,"Block 2008, Block Group 2, Census Tract 906, Accomack County, Virginia",0,0,0,0,0,0,0,0,0,0,0,0,0,0,0,0,0,0,0,0,0
510010906002009,"Block 2009, Block Group 2, Census Tract 906, Accomack County, Virginia",0,0,0,0,0,0,0,0,0,0,0,0,0,0,0,0,0,0,0,0,0
510010906002010,"Block 2010, Block Group 2, Census Tract 906, Accomack County, Virginia",0,0,0,0,0,0,0,0,0,0,0,0,0,0,0,0,0,0,0,0,0
510010906002011,"Block 2011, Block Group 2, Census Tract 906, Accomack County, Virginia",0,0,0,0,0,0,0,0,0,0,0,0,0,0,0,0,0,0,0,0,0
510010906002012,"Block 2012, Block Group 2, Census Tract 906, Accomack County, Virginia",0,0,0,0,0,0,0,0,0,0,0,0,0,0,0,0,0,0,0,0,0
510010906002013,"Block 2013, Block Group 2, Census Tract 906, Accomack County, Virginia",0,0,0,0,0,0,0,0,0,0,0,0,0,0,0,0,0,0,0,0,0
510010906002015,"Block 2015, Block Group 2, Census Tract 906, Accomack County, Virginia",0,0,0,0,0,0,0,0,0,0,0,0,0,0,0,0,0,0,0,0,0
510010906002016,"Block 2016, Block Group 2, Census Tract 906, Accomack County, Virginia",0,0,0,0,0,0,0,0,0,0,0,0,0,0,0,0,0,0,0,0,0
510010906002018,"Block 2018, Block Group 2, Census Tract 906, Accomack County, Virginia",0,0,0,0,0,0,0,0,0,0,0,0,0,0,0,0,0,0,0,0,0
510010906002019,"Block 2019, Block Group 2, Census Tract 906, Accomack County, Virginia",0,0,0,0,0,0,0,0,0,0,0,0,0,0,0,0,0,0,0,0,0
510010906002021,"Block 2021, Block Group 2, Census Tract 906, Accomack County, Virginia",0,0,0,0,0,0,0,0,0,0,0,1,1,0,0,0,0,0,0,0,0
510010906002022,"Block 2022, Block Group 2, Census Tract 906, Accomack County, Virginia",0,0,0,0,0,0,0,0,0,0,0,0,0,0,0,0,0,0,0,0,0
510010906002023,"Block 2023, Block Group 2, Census Tract 906, Accomack County, Virginia",0,0,0,0,0,0,0,0,0,0,0,0,0,0,0,0,0,0,0,0,0
510010906002025,"Block 2025, Block Group 2, Census Tract 906, Accomack County, Virginia",0,0,0,0,0,0,0,0,0,0,0,0,0,0,0,0,0,0,0,0,0
510010906002026,"Block 2026, Block Group 2, Census Tract 906, Accomack County, Virginia",12,0,8,4,0,0,0,0,0,10,2,3,3,7,2,3,2,0,0,0,0
510010906002029,"Block 2029, Block Group 2, Census Tract 906, Accomack County, Virginia",0,0,0,0,0,0,0,0,0,0,0,0,0,0,0,0,0,0,0,0,0
510010906002031,"Block 2031, Block Group 2, Census Tract 906, Accomack County, Virginia",8,0,5,2,0,0,0,0,1,7,1,4,2,1,0,0,1,0,0,0,0
510010906002032,"Block 2032, Block Group 2, Census Tract 906, Accomack County, Virginia",6,1,5,0,0,0,0,0,0,5,1,2,2,4,2,0,2,0,0,0,0
510010906002033,"Block 2033, Block Group 2, Census Tract 906, Accomack County, Virginia",10,1,4,4,0,0,0,0,1,8,2,9,5,3,0,2,1,0,0,0,0
510010906002035,"Block 2035, Block Group 2, Census Tract 906, Accomack County, Virginia",35,0,1,32,0,0,0,0,2,32,3,24,21,20,4,12,4,0,0,0,0
510010906002036,"Block 2036, Block Group 2, Census Tract 906, Accomack County, Virginia",15,0,3,8,2,0,0,0,2,15,0,1,0,4,0,3,1,0,0,0,0
510010906002038,"Block 2038, Block Group 2, Census Tract 906, Accomack County, Virginia",15,1,2,11,1,0,0,0,0,12,3,5,5,6,3,1,2,0,0,0,0
510010906002039,"Block 2039, Block Group 2, Census Tract 906, Accomack County, Virginia",88,0,83,1,1,0,0,0,3,80,8,70,43,36,4,15,17,4,0,4,0
510010906002041,"Block 2041, Block Group 2, Census Tract 906, Accomack County, Virginia",0,0,0,0,0,0,0,0,0,0,0,0,0,0,0,0,0,0,0,0,0
510010906002042,"Block 2042, Block Group 2, Census Tract 906, Accomack County, Virginia",0,0,0,0,0,0,0,0,0,0,0,0,0,0,0,0,0,0,0,0,0
510010902021025,"Block 1025, Block Group 1, Census Tract 902.02, Accomack County, Virginia",0,0,0,0,0,0,0,0,0,0,0,0,0,0,0,0,0,0,0,0,0
510010902021026,"Block 1026, Block Group 1, Census Tract 902.02, Accomack County, Virginia",4,0,4,0,0,0,0,0,0,3,1,2,2,5,2,3,0,0,0,0,0
510010902021027,"Block 1027, Block Group 1, Census Tract 902.02, Accomack County, Virginia",0,0,0,0,0,0,0,0,0,0,0,0,0,0,0,0,0,0,0,0,0
510010902021028,"Block 1028, Block Group 1, Census Tract 902.02, Accomack County, Virginia",0,0,0,0,0,0,0,0,0,0,0,0,0,0,0,0,0,0,0,0,0
510010902021029,"Block 1029, Block Group 1, Census Tract 902.02, Accomack County, Virginia",0,0,0,0,0,0,0,0,0,0,0,0,0,0,0,0,0,0,0,0,0
510010902021030,"Block 1030, Block Group 1, Census Tract 902.02, Accomack County, Virginia",0,0,0,0,0,0,0,0,0,0,0,0,0,0,0,0,0,0,0,0,0
510010902021031,"Block 1031, Block Group 1, Census Tract 902.02, Accomack County, Virginia",0,0,0,0,0,0,0,0,0,0,0,0,0,0,0,0,0,0,0,0,0
510010902021032,"Block 1032, Block Group 1, Census Tract 902.02, Accomack County, Virginia",5,0,4,0,0,0,0,0,1,5,0,2,2,5,1,1,3,6,0,0,6
510010902021033,"Block 1033, Block Group 1, Census Tract 902.02, Accomack County, Virginia",0,0,0,0,0,0,0,0,0,0,0,0,0,0,0,0,0,0,0,0,0
510010902021035,"Block 1035, Block Group 1, Census Tract 902.02, Accomack County, Virginia",14,0,14,0,0,0,0,0,0,14,0,9,9,5,2,1,2,0,0,0,0
510010902021036,"Block 1036, Block Group 1, Census Tract 902.02, Accomack County, Virginia",0,0,0,0,0,0,0,0,0,0,0,0,0,0,0,0,0,0,0,0,0
510010902021038,"Block 1038, Block Group 1, Census Tract 902.02, Accomack County, Virginia",0,0,0,0,0,0,0,0,0,0,0,0,0,0,0,0,0,0,0,0,0
510010902021039,"Block 1039, Block Group 1, Census Tract 902.02, Accomack County, Virginia",10,0,6,1,0,0,0,1,2,7,3,7,3,5,2,1,2,0,0,0,0
510010902021041,"Block 1041, Block Group 1, Census Tract 902.02, Accomack County, Virginia",6,0,5,1,0,0,0,0,0,5,1,3,3,1,0,1,0,0,0,0,0
510010902021042,"Block 1042, Block Group 1, Census Tract 902.02, Accomack County, Virginia",0,0,0,0,0,0,0,0,0,0,0,0,0,0,0,0,0,0,0,0,0
510010902021043,"Block 1043, Block Group 1, Census Tract 902.02, Accomack County, Virginia",0,0,0,0,0,0,0,0,0,0,0,0,0,0,0,0,0,0,0,0,0
510010902021045,"Block 1045, Block Group 1, Census Tract 902.02, Accomack County, Virginia",16,0,12,3,1,0,0,0,0,10,6,8,8,7,0,3,4,0,0,0,0
510010902021046,"Block 1046, Block Group 1, Census Tract 902.02, Accomack County, Virginia",5,0,3,1,0,0,0,0,1,4,1,2,2,1,1,0,0,0,0,0,0
510010902021048,"Block 1048, Block Group 1, Census Tract 902.02, Accomack County, Virginia",5,0,0,3,0,0,0,1,1,5,0,3,3,3,1,1,1,5,0,3,2
510010902021049,"Block 1049, Block Group 1, Census Tract 902.02, Accomack County, Virginia",128,0,42,86,0,0,0,0,0,104,24,67,55,63,10,30,23,3,2,1,0
510010902021051,"Block 1051, Block Group 1, Census Tract 902.02, Accomack County, Virginia",0,0,0,0,0,0,0,0,0,0,0,0,0,0,0,0,0,28,0,6,22
510010902021052,"Block 1052, Block Group 1, Census Tract 902.02, Accomack County, Virginia",4,0,2,1,0,0,0,0,1,2,2,1,1,1,0,1,0,1,0,0,1
510010902021053,"Block 1053, Block Group 1, Census Tract 902.02, Accomack County, Virginia",6,2,1,2,0,0,0,0,1,4,2,3,3,2,0,1,1,0,0,0,0
510010902021055,"Block 1055, Block Group 1, Census Tract 902.02, Accomack County, Virginia",22,1,15,6,0,0,0,0,0,19,3,10,10,12,5,3,4,0,0,0,0
510010902021056,"Block 1056, Block Group 1, Census Tract 902.02, Accomack County, Virginia",58,1,3,54,0,0,0,0,0,39,19,25,25,28,5,13,10,0,0,0,0
510010902021058,"Block 1058, Block Group 1, Census Tract 902.02, Accomack County, Virginia",71,2,26,41,0,0,0,0,2,61,10,32,32,35,9,10,16,4,2,2,0
510010902021059,"Block 1059, Block Group 1, Census Tract 902.02, Accomack County, Virginia",5,1,4,0,0,0,0,0,0,4,1,2,2,1,0,0,1,0,0,0,0
510010902021061,"Block 1061, Block Group 1, Census Tract 902.02, Accomack County, Virginia",126,3,16,105,0,0,0,0,2,80,46,53,46,42,6,15,21,8,2,5,1
510010902021062,"Block 1062, Block Group 1, Census Tract 902.02, Accomack County, Virginia",40,2,23,9,0,2,0,2,2,24,16,15,15,14,2,5,7,6,2,1,3
510010902021063,"Block 1063, Block Group 1, Census Tract 902.02, Accomack County, Virginia",44,0,13,31,0,0,0,0,0,36,8,23,18,9,1,3,5,1,0,1,0
510010902021065,"Block 1065, Block Group 1, Census Tract 902.02, Accomack County, Virginia",18,0,14,4,0,0,0,0,0,14,4,5,3,7,2,2,3,0,0,0,0
510010902021066,"Block 1066, Block Group 1, Census Tract 902.02, Accomack County, Virginia",78,0,8,69,0,0,0,0,1,65,13,42,35,36,5,14,17,2,0,1,1
510010902021068,"Block 1068, Block Group 1, Census Tract 902.02, Accomack County, Virginia",0,0,0,0,0,0,0,0,0,0,0,0,0,0,0,0,0,0,0,0,0
510010902022000,"Block 2000, Block Group 2, Census Tract 902.02, Accomack County, Virginia",49,2,1,45,0,0,0,0,1,33,16,25,25,20,4,8,8,1,0,0,1
510010902022001,"Block 2001, Block Group 2, Census Tract 902.02, Accomack County, Virginia",12,0,10,0,0,1,0,0,1,9,3,7,7,1,0,0,1,0,0,0,0
510010902022002,"Block 2002, Block Group 2, Census Tract 902.02, Accomack County, Virginia",7,0,1,4,0,0,0,0,2,4,3,2,2,4,1,0,3,0,0,0,0
510010902022003,"Block 2003, Block Group 2, Census Tract 902.02, Accomack County, Virginia",6,0,3,0,0,0,0,0,3,5,1,1,1,1,0,0,1,0,0,0,0
510010904022029,"Block 2029, Block Group 2, Census Tract 904.02, Accomack County, Virginia",20,3,15,0,0,0,0,0,2,15,5,10,10,6,1,3,2,20,2,4,14
510010904022031,"Block 2031, Block Group 2, Census Tract 904.02, Accomack County, Virginia",12,1,11,0,0,0,0,0,0,11,1,6,5,3,0,2,1,0,0,0,0
510010904022032,"Block 2032, Block Group 2, Census Tract 904.02, Accomack County, Virginia",24,3,16,5,0,0,0,0,0,24,0,9,9,10,3,5,2,10,4,6,0
510010904022034,"Block 2034, Block Group 2, Census Tract 904.02, Accomack County, Virginia",1,0,1,0,0,0,0,0,0,0,1,1,1,0,0,0,0,0,0,0,0
510010904022035,"Block 2035, Block Group 2, Census Tract 904.02, Accomack County, Virginia",0,0,0,0,0,0,0,0,0,0,0,0,0,0,0,0,0,0,0,0,0
510010904022037,"Block 2037, Block Group 2, Census Tract 904.02, Accomack County, Virginia",0,0,0,0,0,0,0,0,0,0,0,0,0,0,0,0,0,0,0,0,0
510010904022038,"Block 2038, Block Group 2, Census Tract 904.02, Accomack County, Virginia",0,0,0,0,0,0,0,0,0,0,0,0,0,0,0,0,0,3,3,0,0
510010904022039,"Block 2039, Block Group 2, Census Tract 904.02, Accomack County, Virginia",0,0,0,0,0,0,0,0,0,0,0,0,0,0,0,0,0,0,0,0,0
510010904022041,"Block 2041, Block Group 2, Census Tract 904.02, Accomack County, Virginia",0,0,0,0,0,0,0,0,0,0,0,0,0,0,0,0,0,0,0,0,0
510010904022042,"Block 2042, Block Group 2, Census Tract 904.02, Accomack County, Virginia",32,2,25,0,1,3,0,0,1,30,2,13,1,21,0,6,15,0,0,0,0
510010904022044,"Block 2044, Block Group 2, Census Tract 904.02, Accomack County, Virginia",0,0,0,0,0,0,0,0,0,0,0,0,0,0,0,0,0,0,0,0,0
510010904022045,"Block 2045, Block Group 2, Census Tract 904.02, Accomack County, Virginia",0,0,0,0,0,0,0,0,0,0,0,0,0,0,0,0,0,0,0,0,0
510010904022047,"Block 2047, Block Group 2, Census Tract 904.02, Accomack County, Virginia",0,0,0,0,0,0,0,0,0,0,0,0,0,0,0,0,0,0,0,0,0
510010904022048,"Block 2048, Block Group 2, Census Tract 904.02, Accomack County, Virginia",0,0,0,0,0,0,0,0,0,0,0,0,0,0,0,0,0,0,0,0,0
510010904022049,"Block 2049, Block Group 2, Census Tract 904.02, Accomack County, Virginia",0,0,0,0,0,0,0,0,0,0,0,0,0,0,0,0,0,0,0,0,0
510010904022051,"Block 2051, Block Group 2, Census Tract 904.02, Accomack County, Virginia",0,0,0,0,0,0,0,0,0,0,0,0,0,0,0,0,0,0,0,0,0
510010904022052,"Block 2052, Block Group 2, Census Tract 904.02, Accomack County, Virginia",6,1,4,0,0,0,0,0,1,5,1,2,0,2,0,1,1,0,0,0,0
510010904022054,"Block 2054, Block Group 2, Census Tract 904.02, Accomack County, Virginia",4,0,2,0,0,0,0,0,2,0,4,4,4,1,0,1,0,0,0,0,0
510010904022055,"Block 2055, Block Group 2, Census Tract 904.02, Accomack County, Virginia",13,0,1,12,0,0,0,0,0,12,1,4,4,4,1,2,1,0,0,0,0
510010904022057,"Block 2057, Block Group 2, Census Tract 904.02, Accomack County, Virginia",35,23,5,6,0,0,0,0,1,12,23,4,4,14,1,8,5,5,0,1,4
510010904022058,"Block 2058, Block Group 2, Census Tract 904.02, Accomack County, Virginia",129,3,120,4,0,0,0,0,2,102,27,66,56,56,9,21,26,5,1,0,4
510010904022059,"Block 2059, Block Group 2, Census Tract 904.02, Accomack County, Virginia",0,0,0,0,0,0,0,0,0,0,0,0,0,0,0,0,0,0,0,0,0
510010904022061,"Block 2061, Block Group 2, Census Tract 904.02, Accomack County, Virginia",0,0,0,0,0,0,0,0,0,0,0,0,0,0,0,0,0,0,0,0,0
510010904022062,"Block 2062, Block Group 2, Census Tract 904.02, Accomack County, Virginia",0,0,0,0,0,0,0,0,0,0,0,0,0,0,0,0,0,0,0,0,0
510010904022064,"Block 2064, Block Group 2, Census Tract 904.02, Accomack County, Virginia",0,0,0,0,0,0,0,0,0,0,0,0,0,0,0,0,0,0,0,0,0
510010904022065,"Block 2065, Block Group 2, Census Tract 904.02, Accomack County, Virginia",16,4,6,5,0,1,0,0,0,16,0,1,1,5,3,1,1,33,1,11,21
510010904022067,"Block 2067, Block Group 2, Census Tract 904.02, Accomack County, Virginia",0,0,0,0,0,0,0,0,0,0,0,0,0,0,0,0,0,0,0,0,0
510010904022068,"Block 2068, Block Group 2, Census Tract 904.02, Accomack County, Virginia",51,13,0,37,1,0,0,0,0,36,15,22,16,25,6,10,9,0,0,0,0
510010904022069,"Block 2069, Block Group 2, Census Tract 904.02, Accomack County, Virginia",0,0,0,0,0,0,0,0,0,0,0,0,0,0,0,0,0,0,0,0,0
510010904022070,"Block 2070, Block Group 2, Census Tract 904.02, Accomack County, Virginia",0,0,0,0,0,0,0,0,0,0,0,0,0,0,0,0,0,0,0,0,0
510010904022072,"Block 2072, Block Group 2, Census Tract 904.02, Accomack County, Virginia",0,0,0,0,0,0,0,0,0,0,0,0,0,0,0,0,0,0,0,0,0
510010904022073,"Block 2073, Block Group 2, Census Tract 904.02, Accomack County, Virginia",0,0,0,0,0,0,0,0,0,0,0,0,0,0,0,0,0,0,0,0,0
510010904022074,"Block 2074, Block Group 2, Census Tract 904.02, Accomack County, Virginia",0,0,0,0,0,0,0,0,0,0,0,0,0,0,0,0,0,0,0,0,0
510010904022075,"Block 2075, Block Group 2, Census Tract 904.02, Accomack County, Virginia",0,0,0,0,0,0,0,0,0,0,0,0,0,0,0,0,0,0,0,0,0
510010904022076,"Block 2076, Block Group 2, Census Tract 904.02, Accomack County, Virginia",0,0,0,0,0,0,0,0,0,0,0,0,0,0,0,0,0,0,0,0,0
510010904022077,"Block 2077, Block Group 2, Census Tract 904.02, Accomack County, Virginia",0,0,0,0,0,0,0,0,0,0,0,0,0,0,0,0,0,0,0,0,0
510010904022078,"Block 2078, Block Group 2, Census Tract 904.02, Accomack County, Virginia",4,4,0,0,0,0,0,0,0,4,0,1,1,2,0,2,0,0,0,0,0
510010901011000,"Block 1000, Block Group 1, Census Tract 901.01, Accomack County, Virginia",0,0,0,0,0,0,0,0,0,0,0,0,0,0,0,0,0,0,0,0,0
510010901011001,"Block 1001, Block Group 1, Census Tract 901.01, Accomack County, Virginia",19,0,18,0,0,1,0,0,0,15,4,42,6,5,0,3,2,0,0,0,0
510010901011002,"Block 1002, Block Group 1, Census Tract 901.01, Accomack County, Virginia",0,0,0,0,0,0,0,0,0,0,0,0,0,0,0,0,0,0,0,0,0
510010901011003,"Block 1003, Block Group 1, Census Tract 901.01, Accomack County, Virginia",0,0,0,0,0,0,0,0,0,0,0,0,0,0,0,0,0,0,0,0,0
510010901011005,"Block 1005, Block Group 1, Census Tract 901.01, Accomack County, Virginia",0,0,0,0,0,0,0,0,0,0,0,0,0,0,0,0,0,0,0,0,0
510010901011006,"Block 1006, Block Group 1, Census Tract 901.01, Accomack County, Virginia",48,2,44,0,1,0,0,0,1,45,3,61,32,23,5,8,10,1,0,1,0
510010901011008,"Block 1008, Block Group 1, Census Tract 901.01, Accomack County, Virginia",0,0,0,0,0,0,0,0,0,0,0,0,0,0,0,0,0,0,0,0,0
510010901011009,"Block 1009, Block Group 1, Census Tract 901.01, Accomack County, Virginia",0,0,0,0,0,0,0,0,0,0,0,0,0,0,0,0,0,0,0,0,0
510010901011011,"Block 1011, Block Group 1, Census Tract 901.01, Accomack County, Virginia",13,0,9,0,0,0,0,0,4,11,2,6,6,5,0,1,4,8,0,8,0
510010902022004,"Block 2004, Block Group 2, Census Tract 902.02, Accomack County, Virginia",14,0,14,0,0,0,0,0,0,14,0,8,8,9,1,0,8,0,0,0,0
510010902022005,"Block 2005, Block Group 2, Census Tract 902.02, Accomack County, Virginia",26,3,14,4,2,1,0,1,1,19,7,13,3,11,3,5,3,4,0,0,4
510010902022006,"Block 2006, Block Group 2, Census Tract 902.02, Accomack County, Virginia",42,0,29,12,0,0,0,0,1,37,5,31,30,21,6,5,10,28,3,14,11
510010902022007,"Block 2007, Block Group 2, Census Tract 902.02, Accomack County, Virginia",0,0,0,0,0,0,0,0,0,0,0,0,0,0,0,0,0,0,0,0,0
510010902022008,"Block 2008, Block Group 2, Census Tract 902.02, Accomack County, Virginia",4,0,1,1,0,0,0,0,2,3,1,2,0,1,0,1,0,0,0,0,0
510010902022009,"Block 2009, Block Group 2, Census Tract 902.02, Accomack County, Virginia",9,0,0,6,0,0,0,0,3,7,2,4,4,9,2,5,2,0,0,0,0
510010902022010,"Block 2010, Block Group 2, Census Tract 902.02, Accomack County, Virginia",0,0,0,0,0,0,0,0,0,0,0,0,0,0,0,0,0,0,0,0,0
510010902022011,"Block 2011, Block Group 2, Census Tract 902.02, Accomack County, Virginia",0,0,0,0,0,0,0,0,0,0,0,0,0,0,0,0,0,1228,86,423,719
510010902022012,"Block 2012, Block Group 2, Census Tract 902.02, Accomack County, Virginia",0,0,0,0,0,0,0,0,0,0,0,0,0,0,0,0,0,0,0,0,0
510010902022013,"Block 2013, Block Group 2, Census Tract 902.02, Accomack County, Virginia",0,0,0,0,0,0,0,0,0,0,0,0,0,0,0,0,0,0,0,0,0
510010902022014,"Block 2014, Block Group 2, Census Tract 902.02, Accomack County, Virginia",0,0,0,0,0,0,0,0,0,0,0,0,0,0,0,0,0,3,2,1,0
510010902022016,"Block 2016, Block Group 2, Census Tract 902.02, Accomack County, Virginia",0,0,0,0,0,0,0,0,0,0,0,1,1,0,0,0,0,0,0,0,0
510010902022017,"Block 2017, Block Group 2, Census Tract 902.02, Accomack County, Virginia",18,1,6,8,0,1,0,0,2,12,6,11,11,7,0,3,4,0,0,0,0
510010902022019,"Block 2019, Block Group 2, Census Tract 902.02, Accomack County, Virginia",0,0,0,0,0,0,0,0,0,0,0,0,0,0,0,0,0,0,0,0,0
510010902022020,"Block 2020, Block Group 2, Census Tract 902.02, Accomack County, Virginia",102,4,72,26,0,0,0,0,0,93,9,68,52,46,12,10,24,1,0,1,0
510010902022022,"Block 2022, Block Group 2, Census Tract 902.02, Accomack County, Virginia",81,0,49,32,0,0,0,0,0,56,25,36,30,45,5,12,28,0,0,0,0
510010902022023,"Block 2023, Block Group 2, Census Tract 902.02, Accomack County, Virginia",11,1,7,0,0,0,0,0,3,9,2,11,11,6,1,3,2,0,0,0,0
510010902022024,"Block 2024, Block Group 2, Census Tract 902.02, Accomack County, Virginia",50,0,40,8,2,0,0,0,0,45,5,27,22,25,4,5,16,0,0,0,0
510010902022026,"Block 2026, Block Group 2, Census Tract 902.02, Accomack County, Virginia",1,0,0,0,0,0,0,1,0,1,0,1,1,0,0,0,0,0,0,0,0
510010902022027,"Block 2027, Block Group 2, Census Tract 902.02, Accomack County, Virginia",26,1,0,21,0,2,0,0,2,21,5,7,6,9,3,4,2,0,0,0,0
510010902022029,"Block 2029, Block Group 2, Census Tract 902.02, Accomack County, Virginia",6,0,6,0,0,0,0,0,0,4,2,2,2,6,0,4,2,0,0,0,0
510010902022030,"Block 2030, Block Group 2, Census Tract 902.02, Accomack County, Virginia",18,1,11,4,0,1,0,0,1,5,13,4,4,7,1,3,3,0,0,0,0
510010902022032,"Block 2032, Block Group 2, Census Tract 902.02, Accomack County, Virginia",0,0,0,0,0,0,0,0,0,0,0,0,0,0,0,0,0,0,0,0,0
510010902022033,"Block 2033, Block Group 2, Census Tract 902.02, Accomack County, Virginia",15,0,6,8,0,0,0,0,1,9,6,7,3,6,0,4,2,0,0,0,0
510010902022034,"Block 2034, Block Group 2, Census Tract 902.02, Accomack County, Virginia",8,0,3,3,0,2,0,0,0,8,0,4,4,7,4,3,0,0,0,0,0
510010902022036,"Block 2036, Block Group 2, Census Tract 902.02, Accomack County, Virginia",20,0,0,19,0,0,0,0,1,17,3,9,4,9,0,4,5,0,0,0,0
510010902022037,"Block 2037, Block Group 2, Census Tract 902.02, Accomack County, Virginia",60,0,26,34,0,0,0,0,0,46,14,20,14,20,4,7,9,0,0,0,0
510010902022039,"Block 2039, Block Group 2, Census Tract 902.02, Accomack County, Virginia",29,3,26,0,0,0,0,0,0,22,7,10,10,6,2,4,0,0,0,0,0
510010902022040,"Block 2040, Block Group 2, Census Tract 902.02, Accomack County, Virginia",10,1,8,1,0,0,0,0,0,10,0,7,7,3,1,0,2,4,1,2,1
510010902022042,"Block 2042, Block Group 2, Census Tract 902.02, Accomack County, Virginia",30,8,11,9,0,0,0,0,2,27,3,17,16,14,1,5,8,0,0,0,0
510010902022043,"Block 2043, Block Group 2, Census Tract 902.02, Accomack County, Virginia",11,2,2,7,0,0,0,0,0,8,3,1,0,6,2,1,3,0,0,0,0
510010904022079,"Block 2079, Block Group 2, Census Tract 904.02, Accomack County, Virginia",0,0,0,0,0,0,0,0,0,0,0,0,0,0,0,0,0,0,0,0,0
510010904022080,"Block 2080, Block Group 2, Census Tract 904.02, Accomack County, Virginia",0,0,0,0,0,0,0,0,0,0,0,0,0,0,0,0,0,0,0,0,0
510010904022081,"Block 2081, Block Group 2, Census Tract 904.02, Accomack County, Virginia",0,0,0,0,0,0,0,0,0,0,0,0,0,0,0,0,0,0,0,0,0
510010904022083,"Block 2083, Block Group 2, Census Tract 904.02, Accomack County, Virginia",0,0,0,0,0,0,0,0,0,0,0,0,0,0,0,0,0,0,0,0,0
510010904022084,"Block 2084, Block Group 2, Census Tract 904.02, Accomack County, Virginia",0,0,0,0,0,0,0,0,0,0,0,0,0,0,0,0,0,0,0,0,0
510010904022086,"Block 2086, Block Group 2, Census Tract 904.02, Accomack County, Virginia",0,0,0,0,0,0,0,0,0,0,0,0,0,0,0,0,0,0,0,0,0
510010904022087,"Block 2087, Block Group 2, Census Tract 904.02, Accomack County, Virginia",0,0,0,0,0,0,0,0,0,0,0,0,0,0,0,0,0,0,0,0,0
510010904022089,"Block 2089, Block Group 2, Census Tract 904.02, Accomack County, Virginia",56,1,3,50,0,0,0,0,2,43,13,29,19,18,1,8,9,2,1,1,0
510010904022090,"Block 2090, Block Group 2, Census Tract 904.02, Accomack County, Virginia",0,0,0,0,0,0,0,0,0,0,0,0,0,0,0,0,0,0,0,0,0
510010905001000,"Block 1000, Block Group 1, Census Tract 905, Accomack County, Virginia",0,0,0,0,0,0,0,0,0,0,0,0,0,0,0,0,0,0,0,0,0
510010905001002,"Block 1002, Block Group 1, Census Tract 905, Accomack County, Virginia",0,0,0,0,0,0,0,0,0,0,0,0,0,0,0,0,0,0,0,0,0
510010905001003,"Block 1003, Block Group 1, Census Tract 905, Accomack County, Virginia",0,0,0,0,0,0,0,0,0,0,0,0,0,0,0,0,0,0,0,0,0
510010905001005,"Block 1005, Block Group 1, Census Tract 905, Accomack County, Virginia",0,0,0,0,0,0,0,0,0,0,0,0,0,0,0,0,0,0,0,0,0
510010905001006,"Block 1006, Block Group 1, Census Tract 905, Accomack County, Virginia",0,0,0,0,0,0,0,0,0,0,0,0,0,0,0,0,0,0,0,0,0
510010905001008,"Block 1008, Block Group 1, Census Tract 905, Accomack County, Virginia",58,1,56,1,0,0,0,0,0,52,6,39,30,33,4,12,17,0,0,0,0
510010905001009,"Block 1009, Block Group 1, Census Tract 905, Accomack County, Virginia",0,0,0,0,0,0,0,0,0,0,0,0,0,0,0,0,0,0,0,0,0
510010905001011,"Block 1011, Block Group 1, Census Tract 905, Accomack County, Virginia",0,0,0,0,0,0,0,0,0,0,0,0,0,0,0,0,0,0,0,0,0
510010905001012,"Block 1012, Block Group 1, Census Tract 905, Accomack County, Virginia",0,0,0,0,0,0,0,0,0,0,0,0,0,0,0,0,0,0,0,0,0
510010905001013,"Block 1013, Block Group 1, Census Tract 905, Accomack County, Virginia",0,0,0,0,0,0,0,0,0,0,0,0,0,0,0,0,0,0,0,0,0
510010905001015,"Block 1015, Block Group 1, Census Tract 905, Accomack County, Virginia",34,6,27,1,0,0,0,0,0,28,6,15,9,11,4,6,1,0,0,0,0
510010905001016,"Block 1016, Block Group 1, Census Tract 905, Accomack County, Virginia",45,0,44,0,0,0,0,0,1,37,8,24,24,16,3,9,4,1,0,0,1
510010905001018,"Block 1018, Block Group 1, Census Tract 905, Accomack County, Virginia",27,0,22,5,0,0,0,0,0,18,9,9,8,14,1,7,6,0,0,0,0
510010905001019,"Block 1019, Block Group 1, Census Tract 905, Accomack County, Virginia",20,2,15,1,0,0,0,0,2,14,6,10,8,7,1,5,1,0,0,0,0
510010905001021,"Block 1021, Block Group 1, Census Tract 905, Accomack County, Virginia",11,0,11,0,0,0,0,0,0,11,0,7,7,3,1,1,1,0,0,0,0
510010905001022,"Block 1022, Block Group 1, Census Tract 905, Accomack County, Virginia",2,0,2,0,0,0,0,0,0,2,0,2,2,0,0,0,0,0,0,0,0
510010905001024,"Block 1024, Block Group 1, Census Tract 905, Accomack County, Virginia",42,1,37,2,0,1,0,0,1,35,7,33,16,22,3,7,12,1,0,1,0
510010905001025,"Block 1025, Block Group 1, Census Tract 905, Accomack County, Virginia",0,0,0,0,0,0,0,0,0,0,0,0,0,0,0,0,0,0,0,0,0
510010905001026,"Block 1026, Block Group 1, Census Tract 905, Accomack County, Virginia",0,0,0,0,0,0,0,0,0,0,0,0,0,0,0,0,0,0,0,0,0
510010905001027,"Block 1027, Block Group 1, Census Tract 905, Accomack County, Virginia",24,0,20,3,0,0,0,0,1,23,1,22,14,10,2,4,4,0,0,0,0
510010905001028,"Block 1028, Block Group 1, Census Tract 905, Accomack County, Virginia",19,5,11,0,0,3,0,0,0,18,1,11,11,12,6,4,2,0,0,0,0
510010905001029,"Block 1029, Block Group 1, Census Tract 905, Accomack County, Virginia",2,0,0,0,0,0,0,0,2,2,0,3,3,0,0,0,0,0,0,0,0
510010905001030,"Block 1030, Block Group 1, Census Tract 905, Accomack County, Virginia",12,3,4,5,0,0,0,0,0,10,2,2,2,4,1,3,0,0,0,0,0
510010905001031,"Block 1031, Block Group 1, Census Tract 905, Accomack County, Virginia",20,5,13,0,0,2,0,0,0,11,9,10,10,6,3,1,2,0,0,0,0
510010905001032,"Block 1032, Block Group 1, Census Tract 905, Accomack County, Virginia",14,0,14,0,0,0,0,0,0,14,0,4,4,2,0,0,2,0,0,0,0
510010905001033,"Block 1033, Block Group 1, Census Tract 905, Accomack County, Virginia",15,0,13,0,0,0,0,0,2,14,1,11,11,5,3,1,1,0,0,0,0
510010905001034,"Block 1034, Block Group 1, Census Tract 905, Accomack County, Virginia",12,2,10,0,0,0,0,0,0,7,5,5,5,8,1,1,6,0,0,0,0
510010905001035,"Block 1035, Block Group 1, Census Tract 905, Accomack County, Virginia",27,2,24,1,0,0,0,0,0,22,5,10,10,9,1,3,5,2,2,0,0
510010908003029,"Block 3029, Block Group 3, Census Tract 908, Accomack County, Virginia",0,0,0,0,0,0,0,0,0,0,0,0,0,0,0,0,0,0,0,0,0
510010908003030,"Block 3030, Block Group 3, Census Tract 908, Accomack County, Virginia",0,0,0,0,0,0,0,0,0,0,0,0,0,0,0,0,0,0,0,0,0
510010908003032,"Block 3032, Block Group 3, Census Tract 908, Accomack County, Virginia",39,2,31,5,0,0,0,1,0,36,3,18,16,13,2,4,7,3,1,1,1
510010908003033,"Block 3033, Block Group 3, Census Tract 908, Accomack County, Virginia",12,1,10,0,0,0,0,0,1,8,4,9,9,4,0,3,1,0,0,0,0
510010908003034,"Block 3034, Block Group 3, Census Tract 908, Accomack County, Virginia",5,5,0,0,0,0,0,0,0,5,0,3,2,1,1,0,0,16,1,8,7
510010908003036,"Block 3036, Block Group 3, Census Tract 908, Accomack County, Virginia",29,2,27,0,0,0,0,0,0,22,7,16,16,17,3,7,7,40,18,18,4
510010908003037,"Block 3037, Block Group 3, Census Tract 908, Accomack County, Virginia",37,1,30,5,0,0,0,0,1,27,10,19,14,13,3,3,7,0,0,0,0
510010901011012,"Block 1012, Block Group 1, Census Tract 901.01, Accomack County, Virginia",64,0,64,0,0,0,0,0,0,64,0,82,31,30,7,9,14,0,0,0,0
510010901011013,"Block 1013, Block Group 1, Census Tract 901.01, Accomack County, Virginia",0,0,0,0,0,0,0,0,0,0,0,0,0,0,0,0,0,0,0,0,0
510010901011015,"Block 1015, Block Group 1, Census Tract 901.01, Accomack County, Virginia",0,0,0,0,0,0,0,0,0,0,0,0,0,0,0,0,0,0,0,0,0
510010901011016,"Block 1016, Block Group 1, Census Tract 901.01, Accomack County, Virginia",0,0,0,0,0,0,0,0,0,0,0,0,0,0,0,0,0,0,0,0,0
510010901011018,"Block 1018, Block Group 1, Census Tract 901.01, Accomack County, Virginia",0,0,0,0,0,0,0,0,0,0,0,0,0,0,0,0,0,0,0,0,0
510010901011019,"Block 1019, Block Group 1, Census Tract 901.01, Accomack County, Virginia",4,0,4,0,0,0,0,0,0,0,4,19,12,2,0,1,1,0,0,0,0
510010901011021,"Block 1021, Block Group 1, Census Tract 901.01, Accomack County, Virginia",33,0,33,0,0,0,0,0,0,33,0,76,18,13,1,7,5,0,0,0,0
510010901011022,"Block 1022, Block Group 1, Census Tract 901.01, Accomack County, Virginia",7,1,2,0,0,0,0,0,4,6,1,12,12,2,0,0,2,0,0,0,0
510010901011024,"Block 1024, Block Group 1, Census Tract 901.01, Accomack County, Virginia",57,1,48,5,0,0,0,0,3,51,6,52,30,55,11,15,29,2,0,0,2
510010901011025,"Block 1025, Block Group 1, Census Tract 901.01, Accomack County, Virginia",17,0,17,0,0,0,0,0,0,17,0,17,0,9,1,5,3,0,0,0,0
510010901011026,"Block 1026, Block Group 1, Census Tract 901.01, Accomack County, Virginia",10,3,6,0,1,0,0,0,0,7,3,18,0,12,1,6,5,0,0,0,0
510010901011028,"Block 1028, Block Group 1, Census Tract 901.01, Accomack County, Virginia",17,2,12,0,0,0,0,0,3,14,3,19,7,3,1,1,1,2,1,1,0
510010901011029,"Block 1029, Block Group 1, Census Tract 901.01, Accomack County, Virginia",18,0,17,0,0,0,0,0,1,16,2,23,1,7,1,2,4,14,5,9,0
510010901011031,"Block 1031, Block Group 1, Census Tract 901.01, Accomack County, Virginia",8,0,7,0,0,0,0,0,1,8,0,21,8,6,1,1,4,0,0,0,0
510010901011032,"Block 1032, Block Group 1, Census Tract 901.01, Accomack County, Virginia",32,1,30,0,0,1,0,0,0,31,1,26,17,22,2,9,11,93,52,35,6
510010901011034,"Block 1034, Block Group 1, Census Tract 901.01, Accomack County, Virginia",0,0,0,0,0,0,0,0,0,0,0,0,0,0,0,0,0,0,0,0,0
510010901011035,"Block 1035, Block Group 1, Census Tract 901.01, Accomack County, Virginia",40,0,38,2,0,0,0,0,0,38,2,41,30,26,5,11,10,60,1,17,42
510010901011036,"Block 1036, Block Group 1, Census Tract 901.01, Accomack County, Virginia",37,1,33,3,0,0,0,0,0,30,7,33,15,24,4,12,8,6,1,4,1
510010901011038,"Block 1038, Block Group 1, Census Tract 901.01, Accomack County, Virginia",189,1,184,0,0,0,0,0,4,178,11,198,103,78,10,30,38,18,9,7,2
510010901011039,"Block 1039, Block Group 1, Census Tract 901.01, Accomack County, Virginia",24,0,23,1,0,0,0,0,0,24,0,19,19,12,0,4,8,3,1,2,0
510010901011040,"Block 1040, Block Group 1, Census Tract 901.01, Accomack County, Virginia",21,3,18,0,0,0,0,0,0,13,8,13,0,12,3,5,4,0,0,0,0
510010901011041,"Block 1041, Block Group 1, Census Tract 901.01, Accomack County, Virginia",16,1,13,0,0,0,0,0,2,8,8,10,9,5,3,1,1,5,0,3,2
510010901011042,"Block 1042, Block Group 1, Census Tract 901.01, Accomack County, Virginia",28,0,26,0,0,0,0,1,1,27,1,57,20,11,5,2,4,0,0,0,0
510010901011043,"Block 1043, Block Group 1, Census Tract 901.01, Accomack County, Virginia",12,0,10,0,1,0,0,0,1,12,0,9,0,4,1,2,1,0,0,0,0
510010901011044,"Block 1044, Block Group 1, Census Tract 901.01, Accomack County, Virginia",18,0,11,0,0,0,0,0,7,13,5,22,8,3,2,1,0,0,0,0,0
510010901011045,"Block 1045, Block Group 1, Census Tract 901.01, Accomack County, Virginia",0,0,0,0,0,0,0,0,0,0,0,0,0,0,0,0,0,0,0,0,0
510010901011046,"Block 1046, Block Group 1, Census Tract 901.01, Accomack County, Virginia",0,0,0,0,0,0,0,0,0,0,0,0,0,0,0,0,0,0,0,0,0
510010901011047,"Block 1047, Block Group 1, Census Tract 901.01, Accomack County, Virginia",0,0,0,0,0,0,0,0,0,0,0,2,2,0,0,0,0,3,0,3,0
510010901011048,"Block 1048, Block Group 1, Census Tract 901.01, Accomack County, Virginia",3,1,1,0,0,1,0,0,0,3,0,2,0,4,0,3,1,12,3,7,2
510010901011049,"Block 1049, Block Group 1, Census Tract 901.01, Accomack County, Virginia",0,0,0,0,0,0,0,0,0,0,0,0,0,0,0,0,0,0,0,0,0
510010901011050,"Block 1050, Block Group 1, Census Tract 901.01, Accomack County, Virginia",19,1,18,0,0,0,0,0,0,17,2,10,10,13,0,6,7,21,11,9,1
510010901011051,"Block 1051, Block Group 1, Census Tract 901.01, Accomack County, Virginia",22,1,19,0,0,0,0,0,2,16,6,20,10,7,2,0,5,116,26,68,22
510010901011052,"Block 1052, Block Group 1, Census Tract 901.01, Accomack County, Virginia",0,0,0,0,0,0,0,0,0,0,0,0,0,0,0,0,0,0,0,0,0
510010901011053,"Block 1053, Block Group 1, Census Tract 901.01, Accomack County, Virginia",6,1,5,0,0,0,0,0,0,3,3,15,6,2,0,1,1,0,0,0,0
510010901011055,"Block 1055, Block Group 1, Census Tract 901.01, Accomack County, Virginia",0,0,0,0,0,0,0,0,0,0,0,0,0,0,0,0,0,0,0,0,0
510010901011056,"Block 1056, Block Group 1, Census Tract 901.01, Accomack County, Virginia",15,3,11,0,0,0,0,0,1,15,0,16,10,1,0,0,1,0,0,0,0
510010901011058,"Block 1058, Block Group 1, Census Tract 901.01, Accomack County, Virginia",0,0,0,0,0,0,0,0,0,0,0,0,0,0,0,0,0,0,0,0,0
510010902023004,"Block 3004, Block Group 3, Census Tract 902.02, Accomack County, Virginia",24,3,10,10,0,0,0,0,1,12,12,15,15,6,1,2,3,0,0,0,0
510010902023005,"Block 3005, Block Group 3, Census Tract 902.02, Accomack County, Virginia",29,1,7,21,0,0,0,0,0,26,3,26,26,15,2,5,8,0,0,0,0
510010902023006,"Block 3006, Block Group 3, Census Tract 902.02, Accomack County, Virginia",18,4,11,2,0,0,0,1,0,15,3,5,5,6,0,2,4,44,16,21,7
510010902023007,"Block 3007, Block Group 3, Census Tract 902.02, Accomack County, Virginia",38,3,9,26,0,0,0,0,0,26,12,21,21,24,3,10,11,0,0,0,0
510010902023008,"Block 3008, Block Group 3, Census Tract 902.02, Accomack County, Virginia",0,0,0,0,0,0,0,0,0,0,0,0,0,0,0,0,0,0,0,0,0
510010902023009,"Block 3009, Block Group 3, Census Tract 902.02, Accomack County, Virginia",0,0,0,0,0,0,0,0,0,0,0,0,0,0,0,0,0,3,0,0,3
510010902023010,"Block 3010, Block Group 3, Census Tract 902.02, Accomack County, Virginia",15,0,13,1,0,1,0,0,0,15,0,7,7,6,1,3,2,8,5,1,2
510010902023011,"Block 3011, Block Group 3, Census Tract 902.02, Accomack County, Virginia",42,0,38,3,0,1,0,0,0,40,2,16,16,14,0,7,7,2,0,2,0
510010902023012,"Block 3012, Block Group 3, Census Tract 902.02, Accomack County, Virginia",23,0,9,11,0,1,0,0,2,14,9,16,14,11,0,4,7,0,0,0,0
510010902023013,"Block 3013, Block Group 3, Census Tract 902.02, Accomack County, Virginia",29,1,6,20,0,0,0,1,1,25,4,22,10,13,2,2,9,0,0,0,0
510010902023014,"Block 3014, Block Group 3, Census Tract 902.02, Accomack County, Virginia",0,0,0,0,0,0,0,0,0,0,0,0,0,0,0,0,0,3,1,1,1
510010902023015,"Block 3015, Block Group 3, Census Tract 902.02, Accomack County, Virginia",0,0,0,0,0,0,0,0,0,0,0,0,0,0,0,0,0,0,0,0,0
510010902023016,"Block 3016, Block Group 3, Census Tract 902.02, Accomack County, Virginia",36,0,31,3,0,0,0,0,2,30,6,11,10,12,1,4,7,4,0,0,4
510010902023017,"Block 3017, Block Group 3, Census Tract 902.02, Accomack County, Virginia",17,4,7,4,0,0,0,0,2,17,0,5,0,7,1,2,4,8,1,3,4
510010902023018,"Block 3018, Block Group 3, Census Tract 902.02, Accomack County, Virginia",12,0,4,8,0,0,0,0,0,11,1,7,7,5,1,3,1,1,0,1,0
510010905001036,"Block 1036, Block Group 1, Census Tract 905, Accomack County, Virginia",1,0,0,0,0,0,0,1,0,0,1,2,2,0,0,0,0,0,0,0,0
510010905001037,"Block 1037, Block Group 1, Census Tract 905, Accomack County, Virginia",0,0,0,0,0,0,0,0,0,0,0,0,0,0,0,0,0,0,0,0,0
510010905001038,"Block 1038, Block Group 1, Census Tract 905, Accomack County, Virginia",7,4,2,1,0,0,0,0,0,5,2,1,0,6,1,0,5,0,0,0,0
510010905001039,"Block 1039, Block Group 1, Census Tract 905, Accomack County, Virginia",101,18,16,61,0,4,0,0,2,80,21,50,50,50,9,14,27,3,0,3,0
510010905001040,"Block 1040, Block Group 1, Census Tract 905, Accomack County, Virginia",26,0,20,6,0,0,0,0,0,18,8,21,10,13,2,4,7,0,0,0,0
510010905001041,"Block 1041, Block Group 1, Census Tract 905, Accomack County, Virginia",0,0,0,0,0,0,0,0,0,0,0,0,0,0,0,0,0,0,0,0,0
510010905001043,"Block 1043, Block Group 1, Census Tract 905, Accomack County, Virginia",25,0,19,6,0,0,0,0,0,21,4,8,8,8,1,1,6,0,0,0,0
510010905001045,"Block 1045, Block Group 1, Census Tract 905, Accomack County, Virginia",25,19,0,4,0,0,0,1,1,9,16,4,0,8,0,6,2,1,0,1,0
510010905002001,"Block 2001, Block Group 2, Census Tract 905, Accomack County, Virginia",30,0,14,15,0,0,0,0,1,30,0,16,10,13,3,5,5,0,0,0,0
510010905002002,"Block 2002, Block Group 2, Census Tract 905, Accomack County, Virginia",22,3,16,3,0,0,0,0,0,18,4,11,11,7,1,2,4,0,0,0,0
510010905002004,"Block 2004, Block Group 2, Census Tract 905, Accomack County, Virginia",13,0,11,2,0,0,0,0,0,11,2,5,4,6,0,2,4,0,0,0,0
510010905002005,"Block 2005, Block Group 2, Census Tract 905, Accomack County, Virginia",0,0,0,0,0,0,0,0,0,0,0,5,5,0,0,0,0,0,0,0,0
510010905002007,"Block 2007, Block Group 2, Census Tract 905, Accomack County, Virginia",24,0,11,13,0,0,0,0,0,14,10,11,11,4,0,3,1,0,0,0,0
510010905002008,"Block 2008, Block Group 2, Census Tract 905, Accomack County, Virginia",23,3,7,13,0,0,0,0,0,16,7,8,8,7,1,4,2,0,0,0,0
510010905002010,"Block 2010, Block Group 2, Census Tract 905, Accomack County, Virginia",10,5,3,0,0,0,0,0,2,9,1,3,3,1,0,0,1,0,0,0,0
510010905002011,"Block 2011, Block Group 2, Census Tract 905, Accomack County, Virginia",32,9,17,6,0,0,0,0,0,20,12,17,15,18,3,2,13,0,0,0,0
510010905002012,"Block 2012, Block Group 2, Census Tract 905, Accomack County, Virginia",22,1,12,9,0,0,0,0,0,22,0,8,8,12,2,1,9,0,0,0,0
510010905002014,"Block 2014, Block Group 2, Census Tract 905, Accomack County, Virginia",13,0,11,1,0,0,0,0,1,11,2,11,11,4,0,3,1,0,0,0,0
510010905002015,"Block 2015, Block Group 2, Census Tract 905, Accomack County, Virginia",10,0,6,2,0,0,0,0,2,7,3,6,6,4,2,1,1,0,0,0,0
510010905002017,"Block 2017, Block Group 2, Census Tract 905, Accomack County, Virginia",21,0,16,3,0,0,0,0,2,19,2,11,11,5,0,1,4,0,0,0,0
510010905002018,"Block 2018, Block Group 2, Census Tract 905, Accomack County, Virginia",12,3,5,1,0,2,0,1,0,9,3,13,12,2,0,1,1,0,0,0,0
510010905002020,"Block 2020, Block Group 2, Census Tract 905, Accomack County, Virginia",42,1,30,9,0,0,0,0,2,34,8,17,17,19,1,5,13,0,0,0,0
510010905002021,"Block 2021, Block Group 2, Census Tract 905, Accomack County, Virginia",24,0,23,1,0,0,0,0,0,18,6,7,7,11,2,4,5,0,0,0,0
510010907005042,"Block 5042, Block Group 5, Census Tract 907, Accomack County, Virginia",18,0,15,0,0,1,0,0,2,18,0,12,12,9,1,4,4,0,0,0,0
510010907005044,"Block 5044, Block Group 5, Census Tract 907, Accomack County, Virginia",0,0,0,0,0,0,0,0,0,0,0,0,0,0,0,0,0,0,0,0,0
510010907005045,"Block 5045, Block Group 5, Census Tract 907, Accomack County, Virginia",88,0,86,2,0,0,0,0,0,82,6,58,46,41,8,16,17,2,0,2,0
510010907005047,"Block 5047, Block Group 5, Census Tract 907, Accomack County, Virginia",7,0,7,0,0,0,0,0,0,4,3,2,2,3,0,1,2,0,0,0,0
510010901011059,"Block 1059, Block Group 1, Census Tract 901.01, Accomack County, Virginia",22,0,20,0,0,0,0,0,2,21,1,20,4,10,1,3,6,32,8,12,12
510010901011061,"Block 1061, Block Group 1, Census Tract 901.01, Accomack County, Virginia",23,2,19,1,0,0,0,1,0,21,2,26,0,14,2,3,9,0,0,0,0
510010901011062,"Block 1062, Block Group 1, Census Tract 901.01, Accomack County, Virginia",10,5,1,2,0,1,0,0,1,8,2,2,0,17,7,5,5,0,0,0,0
510010901011063,"Block 1063, Block Group 1, Census Tract 901.01, Accomack County, Virginia",41,1,37,0,0,3,0,0,0,37,4,37,10,25,7,5,13,0,0,0,0
510010901012000,"Block 2000, Block Group 2, Census Tract 901.01, Accomack County, Virginia",130,0,128,0,0,0,0,0,2,118,12,193,75,48,7,18,23,105,45,43,17
510010901012001,"Block 2001, Block Group 2, Census Tract 901.01, Accomack County, Virginia",0,0,0,0,0,0,0,0,0,0,0,0,0,0,0,0,0,0,0,0,0
510010901012003,"Block 2003, Block Group 2, Census Tract 901.01, Accomack County, Virginia",5,4,1,0,0,0,0,0,0,5,0,15,1,7,2,2,3,0,0,0,0
510010901012004,"Block 2004, Block Group 2, Census Tract 901.01, Accomack County, Virginia",0,0,0,0,0,0,0,0,0,0,0,0,0,0,0,0,0,0,0,0,0
510010901012006,"Block 2006, Block Group 2, Census Tract 901.01, Accomack County, Virginia",0,0,0,0,0,0,0,0,0,0,0,0,0,0,0,0,0,0,0,0,0
510010901012007,"Block 2007, Block Group 2, Census Tract 901.01, Accomack County, Virginia",98,2,96,0,0,0,0,0,0,78,20,88,49,38,7,18,13,0,0,0,0
510010901012008,"Block 2008, Block Group 2, Census Tract 901.01, Accomack County, Virginia",9,0,8,0,0,0,0,0,1,9,0,14,2,8,1,3,4,0,0,0,0
510010901012010,"Block 2010, Block Group 2, Census Tract 901.01, Accomack County, Virginia",59,1,54,0,0,0,0,0,4,54,5,66,38,15,3,5,7,1,0,0,1
510010901012011,"Block 2011, Block Group 2, Census Tract 901.01, Accomack County, Virginia",1,1,0,0,0,0,0,0,0,1,0,1,1,0,0,0,0,0,0,0,0
510010901012013,"Block 2013, Block Group 2, Census Tract 901.01, Accomack County, Virginia",305,2,294,2,0,1,0,0,6,263,42,265,140,128,21,43,64,2,0,1,1
510010901012014,"Block 2014, Block Group 2, Census Tract 901.01, Accomack County, Virginia",3,1,0,0,0,0,0,0,2,2,1,2,0,0,0,0,0,0,0,0,0
510010901012016,"Block 2016, Block Group 2, Census Tract 901.01, Accomack County, Virginia",0,0,0,0,0,0,0,0,0,0,0,0,0,0,0,0,0,0,0,0,0
510010901012017,"Block 2017, Block Group 2, Census Tract 901.01, Accomack County, Virginia",0,0,0,0,0,0,0,0,0,0,0,0,0,0,0,0,0,0,0,0,0
510010901012018,"Block 2018, Block Group 2, Census Tract 901.01, Accomack County, Virginia",0,0,0,0,0,0,0,0,0,0,0,0,0,0,0,0,0,0,0,0,0
510010901021000,"Block 1000, Block Group 1, Census Tract 901.02, Accomack County, Virginia",32,0,30,0,0,0,0,0,2,28,4,35,21,14,2,5,7,22,9,10,3
510010901021001,"Block 1001, Block Group 1, Census Tract 901.02, Accomack County, Virginia",34,0,34,0,0,0,0,0,0,29,5,46,32,12,1,6,5,0,0,0,0
510010901021003,"Block 1003, Block Group 1, Census Tract 901.02, Accomack County, Virginia",31,2,28,1,0,0,0,0,0,29,2,53,17,19,4,5,10,0,0,0,0
510010901021004,"Block 1004, Block Group 1, Census Tract 901.02, Accomack County, Virginia",17,2,13,1,0,0,0,0,1,10,7,15,1,9,2,3,4,8,4,2,2
510010901021005,"Block 1005, Block Group 1, Census Tract 901.02, Accomack County, Virginia",22,3,16,0,0,1,0,0,2,19,3,25,8,9,2,3,4,18,0,10,8
510010901021006,"Block 1006, Block Group 1, Census Tract 901.02, Accomack County, Virginia",10,1,9,0,0,0,0,0,0,9,1,12,0,2,0,1,1,24,2,6,16
510010901021007,"Block 1007, Block Group 1, Census Tract 901.02, Accomack County, Virginia",26,0,23,0,0,0,0,0,3,20,6,37,18,12,1,2,9,11,2,5,4
510010901021008,"Block 1008, Block Group 1, Census Tract 901.02, Accomack County, Virginia",21,2,19,0,0,0,0,0,0,19,2,23,15,9,0,4,5,23,11,12,0
510010901021009,"Block 1009, Block Group 1, Census Tract 901.02, Accomack County, Virginia",43,1,42,0,0,0,0,0,0,41,2,63,26,12,2,3,7,4,0,3,1
510010901021010,"Block 1010, Block Group 1, Census Tract 901.02, Accomack County, Virginia",99,0,96,0,0,0,0,0,3,84,15,108,52,44,8,15,21,0,0,0,0
510010901021011,"Block 1011, Block Group 1, Census Tract 901.02, Accomack County, Virginia",12,1,11,0,0,0,0,0,0,9,3,1,0,4,1,1,2,0,0,0,0
510010901021012,"Block 1012, Block Group 1, Census Tract 901.02, Accomack County, Virginia",93,0,86,0,0,0,0,0,7,84,9,95,47,25,6,10,9,2,1,1,0
510010901021013,"Block 1013, Block Group 1, Census Tract 901.02, Accomack County, Virginia",12,0,12,0,0,0,0,0,0,12,0,16,5,4,0,3,1,0,0,0,0
510010901021014,"Block 1014, Block Group 1, Census Tract 901.02, Accomack County, Virginia",35,0,33,0,0,0,0,0,2,28,7,36,22,13,4,6,3,0,0,0,0
510010901021015,"Block 1015, Block Group 1, Census Tract 901.02, Accomack County, Virginia",0,0,0,0,0,0,0,0,0,0,0,0,0,0,0,0,0,0,0,0,0
510010901021016,"Block 1016, Block Group 1, Census Tract 901.02, Accomack County, Virginia",10,2,8,0,0,0,0,0,0,9,1,13,4,3,0,2,1,0,0,0,0
510010901021017,"Block 1017, Block Group 1, Census Tract 901.02, Accomack County, Virginia",11,0,10,0,0,0,0,0,1,6,5,6,6,3,0,2,1,0,0,0,0
510010901021018,"Block 1018, Block Group 1, Census Tract 901.02, Accomack County, Virginia",35,0,35,0,0,0,0,0,0,33,2,22,21,15,2,4,9,1,1,0,0
510010901021020,"Block 1020, Block Group 1, Census Tract 901.02, Accomack County, Virginia",19,0,19,0,0,0,0,0,0,17,2,28,3,7,1,2,4,38,14,16,8
510010902023019,"Block 3019, Block Group 3, Census Tract 902.02, Accomack County, Virginia",96,3,75,14,3,0,0,0,1,88,8,58,40,36,2,15,19,5,4,0,1
510010902023020,"Block 3020, Block Group 3, Census Tract 902.02, Accomack County, Virginia",11,1,9,1,0,0,0,0,0,8,3,2,0,7,1,2,4,0,0,0,0
510010902023022,"Block 3022, Block Group 3, Census Tract 902.02, Accomack County, Virginia",0,0,0,0,0,0,0,0,0,0,0,0,0,0,0,0,0,0,0,0,0
510010902023023,"Block 3023, Block Group 3, Census Tract 902.02, Accomack County, Virginia",135,5,101,27,0,0,0,0,2,110,25,71,62,63,11,21,31,5,1,3,1
510010902023024,"Block 3024, Block Group 3, Census Tract 902.02, Accomack County, Virginia",10,0,8,0,0,0,0,0,2,7,3,8,7,3,0,1,2,0,0,0,0
510010902023026,"Block 3026, Block Group 3, Census Tract 902.02, Accomack County, Virginia",26,2,20,4,0,0,0,0,0,22,4,11,7,9,2,3,4,0,0,0,0
510010902023027,"Block 3027, Block Group 3, Census Tract 902.02, Accomack County, Virginia",86,4,77,3,0,0,0,0,2,70,16,37,37,40,7,12,21,0,0,0,0
510010902023029,"Block 3029, Block Group 3, Census Tract 902.02, Accomack County, Virginia",0,0,0,0,0,0,0,0,0,0,0,0,0,0,0,0,0,0,0,0,0
510010902023030,"Block 3030, Block Group 3, Census Tract 902.02, Accomack County, Virginia",0,0,0,0,0,0,0,0,0,0,0,0,0,0,0,0,0,0,0,0,0
510010902023032,"Block 3032, Block Group 3, Census Tract 902.02, Accomack County, Virginia",0,0,0,0,0,0,0,0,0,0,0,0,0,0,0,0,0,0,0,0,0
510010902023033,"Block 3033, Block Group 3, Census Tract 902.02, Accomack County, Virginia",34,1,23,8,0,0,0,0,2,31,3,15,10,15,0,3,12,0,0,0,0
510010902023034,"Block 3034, Block Group 3, Census Tract 902.02, Accomack County, Virginia",34,0,11,21,0,0,0,0,2,25,9,25,19,16,3,6,7,0,0,0,0
510010902023036,"Block 3036, Block Group 3, Census Tract 902.02, Accomack County, Virginia",67,4,56,5,0,2,0,0,0,51,16,30,17,27,6,10,11,0,0,0,0
510010902023037,"Block 3037, Block Group 3, Census Tract 902.02, Accomack County, Virginia",13,9,0,1,0,1,0,0,2,5,8,2,1,8,1,4,3,0,0,0,0
510010903001000,"Block 1000, Block Group 1, Census Tract 903, Accomack County, Virginia",0,0,0,0,0,0,0,0,0,0,0,0,0,0,0,0,0,0,0,0,0
510010903001001,"Block 1001, Block Group 1, Census Tract 903, Accomack County, Virginia",28,0,19,9,0,0,0,0,0,24,4,16,10,19,2,10,7,0,0,0,0
510010903001003,"Block 1003, Block Group 1, Census Tract 903, Accomack County, Virginia",0,0,0,0,0,0,0,0,0,0,0,0,0,0,0,0,0,0,0,0,0
510010903001004,"Block 1004, Block Group 1, Census Tract 903, Accomack County, Virginia",0,0,0,0,0,0,0,0,0,0,0,0,0,0,0,0,0,0,0,0,0
510010903001006,"Block 1006, Block Group 1, Census Tract 903, Accomack County, Virginia",145,0,145,0,0,0,0,0,0,131,14,155,87,69,8,26,35,12,4,5,3
510010903001007,"Block 1007, Block Group 1, Census Tract 903, Accomack County, Virginia",0,0,0,0,0,0,0,0,0,0,0,0,0,0,0,0,0,0,0,0,0
510010903001008,"Block 1008, Block Group 1, Census Tract 903, Accomack County, Virginia",0,0,0,0,0,0,0,0,0,0,0,0,0,0,0,0,0,0,0,0,0
510010903001010,"Block 1010, Block Group 1, Census Tract 903, Accomack County, Virginia",0,0,0,0,0,0,0,0,0,0,0,0,0,0,0,0,0,0,0,0,0
510010903001011,"Block 1011, Block Group 1, Census Tract 903, Accomack County, Virginia",0,0,0,0,0,0,0,0,0,0,0,0,0,0,0,0,0,0,0,0,0
510010903001013,"Block 1013, Block Group 1, Census Tract 903, Accomack County, Virginia",25,2,22,1,0,0,0,0,0,17,8,18,17,11,0,6,5,5,0,2,3
510010903001014,"Block 1014, Block Group 1, Census Tract 903, Accomack County, Virginia",65,9,56,0,0,0,0,0,0,53,12,55,27,32,9,13,10,2,2,0,0
510010903001016,"Block 1016, Block Group 1, Census Tract 903, Accomack County, Virginia",0,0,0,0,0,0,0,0,0,0,0,0,0,0,0,0,0,0,0,0,0
510010903001017,"Block 1017, Block Group 1, Census Tract 903, Accomack County, Virginia",0,0,0,0,0,0,0,0,0,0,0,0,0,0,0,0,0,0,0,0,0
510010903001019,"Block 1019, Block Group 1, Census Tract 903, Accomack County, Virginia",0,0,0,0,0,0,0,0,0,0,0,0,0,0,0,0,0,0,0,0,0
510010903001020,"Block 1020, Block Group 1, Census Tract 903, Accomack County, Virginia",1,0,0,1,0,0,0,0,0,1,0,1,1,0,0,0,0,0,0,0,0
510010903001021,"Block 1021, Block Group 1, Census Tract 903, Accomack County, Virginia",0,0,0,0,0,0,0,0,0,0,0,0,0,0,0,0,0,0,0,0,0
510010903001022,"Block 1022, Block Group 1, Census Tract 903, Accomack County, Virginia",0,0,0,0,0,0,0,0,0,0,0,0,0,0,0,0,0,0,0,0,0
510010903001023,"Block 1023, Block Group 1, Census Tract 903, Accomack County, Virginia",8,0,8,0,0,0,0,0,0,8,0,11,11,0,0,0,0,0,0,0,0
510010903001024,"Block 1024, Block Group 1, Census Tract 903, Accomack County, Virginia",1,0,0,1,0,0,0,0,0,1,0,2,0,1,0,1,0,0,0,0,0
510010903001025,"Block 1025, Block Group 1, Census Tract 903, Accomack County, Virginia",18,0,18,0,0,0,0,0,0,18,0,18,12,6,2,2,2,0,0,0,0
510010903001026,"Block 1026, Block Group 1, Census Tract 903, Accomack County, Virginia",20,0,17,0,0,0,0,0,3,17,3,17,17,10,1,3,6,0,0,0,0
510010903001027,"Block 1027, Block Group 1, Census Tract 903, Accomack County, Virginia",19,4,14,1,0,0,0,0,0,16,3,15,5,8,2,3,3,1,0,1,0
510010903001028,"Block 1028, Block Group 1, Census Tract 903, Accomack County, Virginia",4,0,4,0,0,0,0,0,0,4,0,5,5,3,0,0,3,0,0,0,0
510019802001067,"Block 1067, Block Group 1, Census Tract 9802, Accomack County, Virginia",0,0,0,0,0,0,0,0,0,0,0,0,0,8,2,2,4,0,0,0,0
510019802001069,"Block 1069, Block Group 1, Census Tract 9802, Accomack County, Virginia",0,0,0,0,0,0,0,0,0,0,0,0,0,0,0,0,0,0,0,0,0
510019802001070,"Block 1070, Block Group 1, Census Tract 9802, Accomack County, Virginia",0,0,0,0,0,0,0,0,0,0,0,0,0,0,0,0,0,0,0,0,0
510010901021021,"Block 1021, Block Group 1, Census Tract 901.02, Accomack County, Virginia",48,2,46,0,0,0,0,0,0,40,8,53,26,23,5,6,12,25,4,13,8
510010901021023,"Block 1023, Block Group 1, Census Tract 901.02, Accomack County, Virginia",21,1,19,0,0,1,0,0,0,15,6,9,3,15,1,8,6,3,3,0,0
510010901021024,"Block 1024, Block Group 1, Census Tract 901.02, Accomack County, Virginia",9,1,6,0,0,0,0,0,2,7,2,5,0,5,0,0,5,0,0,0,0
510010901022000,"Block 2000, Block Group 2, Census Tract 901.02, Accomack County, Virginia",0,0,0,0,0,0,0,0,0,0,0,0,0,0,0,0,0,0,0,0,0
510010901022001,"Block 2001, Block Group 2, Census Tract 901.02, Accomack County, Virginia",0,0,0,0,0,0,0,0,0,0,0,0,0,0,0,0,0,0,0,0,0
510010901022002,"Block 2002, Block Group 2, Census Tract 901.02, Accomack County, Virginia",0,0,0,0,0,0,0,0,0,0,0,0,0,0,0,0,0,0,0,0,0
510010901022004,"Block 2004, Block Group 2, Census Tract 901.02, Accomack County, Virginia",28,2,26,0,0,0,0,0,0,19,9,52,22,7,0,3,4,36,18,15,3
510010901022005,"Block 2005, Block Group 2, Census Tract 901.02, Accomack County, Virginia",0,0,0,0,0,0,0,0,0,0,0,0,0,0,0,0,0,0,0,0,0
510010901022007,"Block 2007, Block Group 2, Census Tract 901.02, Accomack County, Virginia",15,4,9,0,0,0,0,0,2,15,0,19,19,7,1,2,4,0,0,0,0
510010901022008,"Block 2008, Block Group 2, Census Tract 901.02, Accomack County, Virginia",9,1,4,2,0,0,0,2,0,9,0,13,8,17,3,6,8,0,0,0,0
510010901022010,"Block 2010, Block Group 2, Census Tract 901.02, Accomack County, Virginia",35,0,35,0,0,0,0,0,0,35,0,46,17,16,2,6,8,2,0,2,0
510010901022011,"Block 2011, Block Group 2, Census Tract 901.02, Accomack County, Virginia",6,0,5,0,0,0,0,0,1,6,0,12,4,2,1,1,0,0,0,0,0
510010901022012,"Block 2012, Block Group 2, Census Tract 901.02, Accomack County, Virginia",18,2,14,0,0,0,0,0,2,14,4,23,11,5,0,2,3,4,0,0,4
510010901022014,"Block 2014, Block Group 2, Census Tract 901.02, Accomack County, Virginia",20,1,18,0,0,0,0,0,1,19,1,40,21,6,0,2,4,0,0,0,0
510010901022015,"Block 2015, Block Group 2, Census Tract 901.02, Accomack County, Virginia",0,0,0,0,0,0,0,0,0,0,0,4,0,0,0,0,0,0,0,0,0
510010901022017,"Block 2017, Block Group 2, Census Tract 901.02, Accomack County, Virginia",0,0,0,0,0,0,0,0,0,0,0,0,0,0,0,0,0,0,0,0,0
510010901022018,"Block 2018, Block Group 2, Census Tract 901.02, Accomack County, Virginia",0,0,0,0,0,0,0,0,0,0,0,0,0,0,0,0,0,0,0,0,0
510010901022020,"Block 2020, Block Group 2, Census Tract 901.02, Accomack County, Virginia",8,1,3,0,0,0,0,0,4,6,2,2,0,4,1,2,1,0,0,0,0
510010901022021,"Block 2021, Block Group 2, Census Tract 901.02, Accomack County, Virginia",34,0,34,0,0,0,0,0,0,30,4,81,25,16,3,10,3,8,0,1,7
510010901022022,"Block 2022, Block Group 2, Census Tract 901.02, Accomack County, Virginia",0,0,0,0,0,0,0,0,0,0,0,0,0,0,0,0,0,0,0,0,0
510010903001029,"Block 1029, Block Group 1, Census Tract 903, Accomack County, Virginia",0,0,0,0,0,0,0,0,0,0,0,0,0,0,0,0,0,0,0,0,0
510010903001030,"Block 1030, Block Group 1, Census Tract 903, Accomack County, Virginia",0,0,0,0,0,0,0,0,0,0,0,0,0,0,0,0,0,0,0,0,0
510010903001031,"Block 1031, Block Group 1, Census Tract 903, Accomack County, Virginia",0,0,0,0,0,0,0,0,0,0,0,0,0,0,0,0,0,0,0,0,0
510010903001032,"Block 1032, Block Group 1, Census Tract 903, Accomack County, Virginia",0,0,0,0,0,0,0,0,0,0,0,0,0,0,0,0,0,0,0,0,0
510010903001033,"Block 1033, Block Group 1, Census Tract 903, Accomack County, Virginia",0,0,0,0,0,0,0,0,0,0,0,0,0,0,0,0,0,0,0,0,0
510010903001034,"Block 1034, Block Group 1, Census Tract 903, Accomack County, Virginia",11,3,5,3,0,0,0,0,0,9,2,4,4,3,1,0,2,0,0,0,0
510010903001036,"Block 1036, Block Group 1, Census Tract 903, Accomack County, Virginia",14,0,9,3,0,0,0,0,2,13,1,8,8,5,0,1,4,0,0,0,0
510010903001037,"Block 1037, Block Group 1, Census Tract 903, Accomack County, Virginia",7,1,4,2,0,0,0,0,0,6,1,5,0,8,2,4,2,0,0,0,0
510010903001039,"Block 1039, Block Group 1, Census Tract 903, Accomack County, Virginia",43,1,22,20,0,0,0,0,0,38,5,19,14,30,4,14,12,14,5,9,0
510010903001040,"Block 1040, Block Group 1, Census Tract 903, Accomack County, Virginia",32,0,10,20,0,0,0,0,2,31,1,24,10,22,6,9,7,0,0,0,0
510010903001042,"Block 1042, Block Group 1, Census Tract 903, Accomack County, Virginia",0,0,0,0,0,0,0,0,0,0,0,0,0,0,0,0,0,0,0,0,0
510010903001043,"Block 1043, Block Group 1, Census Tract 903, Accomack County, Virginia",11,0,9,0,0,1,0,0,1,11,0,7,0,10,3,5,2,0,0,0,0
510010903001044,"Block 1044, Block Group 1, Census Tract 903, Accomack County, Virginia",7,0,7,0,0,0,0,0,0,2,5,7,0,3,0,2,1,0,0,0,0
510010903002000,"Block 2000, Block Group 2, Census Tract 903, Accomack County, Virginia",18,1,3,13,0,0,0,0,1,9,9,11,2,6,0,2,4,0,0,0,0
510010903002001,"Block 2001, Block Group 2, Census Tract 903, Accomack County, Virginia",7,0,0,7,0,0,0,0,0,7,0,2,2,6,1,3,2,0,0,0,0
510010903002004,"Block 2004, Block Group 2, Census Tract 903, Accomack County, Virginia",0,0,0,0,0,0,0,0,0,0,0,0,0,0,0,0,0,0,0,0,0
510010903002006,"Block 2006, Block Group 2, Census Tract 903, Accomack County, Virginia",5,0,3,1,0,0,0,0,1,4,1,3,3,5,1,3,1,0,0,0,0
510010903002007,"Block 2007, Block Group 2, Census Tract 903, Accomack County, Virginia",2,0,0,2,0,0,0,0,0,2,0,1,1,0,0,0,0,0,0,0,0
510010903002008,"Block 2008, Block Group 2, Census Tract 903, Accomack County, Virginia",11,5,3,0,0,1,0,2,0,7,4,5,5,7,2,3,2,0,0,0,0
510010903002010,"Block 2010, Block Group 2, Census Tract 903, Accomack County, Virginia",4,0,4,0,0,0,0,0,0,4,0,2,2,0,0,0,0,0,0,0,0
510010903002011,"Block 2011, Block Group 2, Census Tract 903, Accomack County, Virginia",3,1,1,1,0,0,0,0,0,2,1,2,2,2,1,0,1,0,0,0,0
510010903002013,"Block 2013, Block Group 2, Census Tract 903, Accomack County, Virginia",5,0,1,4,0,0,0,0,0,3,2,1,1,3,0,2,1,0,0,0,0
510010903002014,"Block 2014, Block Group 2, Census Tract 903, Accomack County, Virginia",25,2,20,1,0,0,0,0,2,24,1,17,17,9,0,5,4,9,2,6,1
510010903002016,"Block 2016, Block Group 2, Census Tract 903, Accomack County, Virginia",2,2,0,0,0,0,0,0,0,0,2,1,1,1,0,1,0,0,0,0,0
510010903002017,"Block 2017, Block Group 2, Census Tract 903, Accomack County, Virginia",17,3,14,0,0,0,0,0,0,14,3,6,6,4,1,0,3,0,0,0,0
510010903002019,"Block 2019, Block Group 2, Census Tract 903, Accomack County, Virginia",28,0,23,0,0,0,0,0,5,17,11,15,6,8,1,3,4,1,0,0,1
510010903002020,"Block 2020, Block Group 2, Census Tract 903, Accomack County, Virginia",14,4,8,0,0,0,0,0,2,12,2,4,0,6,0,2,4,0,0,0,0
510010903002021,"Block 2021, Block Group 2, Census Tract 903, Accomack County, Virginia",35,4,30,1,0,0,0,0,0,25,10,18,6,17,2,9,6,0,0,0,0
510010903002023,"Block 2023, Block Group 2, Census Tract 903, Accomack County, Virginia",6,1,4,0,0,0,0,0,1,5,1,11,11,3,1,0,2,0,0,0,0
510010903002024,"Block 2024, Block Group 2, Census Tract 903, Accomack County, Virginia",39,3,30,4,0,0,0,0,2,29,10,13,13,20,3,3,14,0,0,0,0
510010903002025,"Block 2025, Block Group 2, Census Tract 903, Accomack County, Virginia",12,0,10,1,0,0,0,0,1,12,0,10,6,7,1,2,4,0,0,0,0
510010903002026,"Block 2026, Block Group 2, Census Tract 903, Accomack County, Virginia",0,0,0,0,0,0,0,0,0,0,0,0,0,0,0,0,0,0,0,0,0
510010903002027,"Block 2027, Block Group 2, Census Tract 903, Accomack County, Virginia",4,0,3,0,0,0,0,0,1,2,2,2,2,2,0,1,1,0,0,0,0
510010903002028,"Block 2028, Block Group 2, Census Tract 903, Accomack County, Virginia",0,0,0,0,0,0,0,0,0,0,0,0,0,0,0,0,0,1,0,0,1
510010903002029,"Block 2029, Block Group 2, Census Tract 903, Accomack County, Virginia",13,1,11,1,0,0,0,0,0,7,6,8,0,2,0,1,1,0,0,0,0
510010903002030,"Block 2030, Block Group 2, Census Tract 903, Accomack County, Virginia",0,0,0,0,0,0,0,0,0,0,0,2,2,0,0,0,0,0,0,0,0
510010903002031,"Block 2031, Block Group 2, Census Tract 903, Accomack County, Virginia",0,0,0,0,0,0,0,0,0,0,0,0,0,0,0,0,0,0,0,0,0
510010908002032,"Block 2032, Block Group 2, Census Tract 908, Accomack County, Virginia",13,5,3,5,0,0,0,0,0,13,0,5,4,4,1,2,1,3,0,3,0
510010908002034,"Block 2034, Block Group 2, Census Tract 908, Accomack County, Virginia",0,0,0,0,0,0,0,0,0,0,0,0,0,0,0,0,0,0,0,0,0
510010908002035,"Block 2035, Block Group 2, Census Tract 908, Accomack County, Virginia",58,1,55,0,0,0,0,0,2,47,11,54,26,24,9,12,3,3,0,1,2
510010908002037,"Block 2037, Block Group 2, Census Tract 908, Accomack County, Virginia",10,0,8,1,0,0,0,0,1,10,0,3,3,5,0,3,2,0,0,0,0
510010908002038,"Block 2038, Block Group 2, Census Tract 908, Accomack County, Virginia",0,0,0,0,0,0,0,0,0,0,0,1,0,0,0,0,0,0,0,0,0
510010908002040,"Block 2040, Block Group 2, Census Tract 908, Accomack County, Virginia",74,2,68,1,0,0,0,0,3,49,25,44,38,25,2,10,13,0,0,0,0
510010908002041,"Block 2041, Block Group 2, Census Tract 908, Accomack County, Virginia",0,0,0,0,0,0,0,0,0,0,0,0,0,0,0,0,0,0,0,0,0
510010908003040,"Block 3040, Block Group 3, Census Tract 908, Accomack County, Virginia",20,0,5,14,0,0,0,0,1,13,7,7,7,6,0,5,1,0,0,0,0
510010908003041,"Block 3041, Block Group 3, Census Tract 908, Accomack County, Virginia",0,0,0,0,0,0,0,0,0,0,0,0,0,0,0,0,0,0,0,0,0
510010908003042,"Block 3042, Block Group 3, Census Tract 908, Accomack County, Virginia",0,0,0,0,0,0,0,0,0,0,0,0,0,0,0,0,0,0,0,0,0
510010908003043,"Block 3043, Block Group 3, Census Tract 908, Accomack County, Virginia",0,0,0,0,0,0,0,0,0,0,0,0,0,0,0,0,0,0,0,0,0
510010908003044,"Block 3044, Block Group 3, Census Tract 908, Accomack County, Virginia",4,0,0,0,0,0,0,0,4,1,3,1,1,0,0,0,0,0,0,0,0
510010908003045,"Block 3045, Block Group 3, Census Tract 908, Accomack County, Virginia",4,0,3,1,0,0,0,0,0,3,1,3,3,1,0,0,1,0,0,0,0
510010908003046,"Block 3046, Block Group 3, Census Tract 908, Accomack County, Virginia",0,0,0,0,0,0,0,0,0,0,0,0,0,0,0,0,0,0,0,0,0
510010908003047,"Block 3047, Block Group 3, Census Tract 908, Accomack County, Virginia",0,0,0,0,0,0,0,0,0,0,0,0,0,0,0,0,0,0,0,0,0
510010908003048,"Block 3048, Block Group 3, Census Tract 908, Accomack County, Virginia",0,0,0,0,0,0,0,0,0,0,0,0,0,0,0,0,0,0,0,0,0
510010908003049,"Block 3049, Block Group 3, Census Tract 908, Accomack County, Virginia",0,0,0,0,0,0,0,0,0,0,0,0,0,0,0,0,0,0,0,0,0
510010908003050,"Block 3050, Block Group 3, Census Tract 908, Accomack County, Virginia",1,0,0,1,0,0,0,0,0,0,1,1,1,0,0,0,0,0,0,0,0
510010908003051,"Block 3051, Block Group 3, Census Tract 908, Accomack County, Virginia",0,0,0,0,0,0,0,0,0,0,0,0,0,0,0,0,0,0,0,0,0
510019801001000,"Block 1000, Block Group 1, Census Tract 9801, Accomack County, Virginia",0,0,0,0,0,0,0,0,0,0,0,0,0,0,0,0,0,18,2,2,14
510019801001001,"Block 1001, Block Group 1, Census Tract 9801, Accomack County, Virginia",0,0,0,0,0,0,0,0,0,0,0,0,0,0,0,0,0,0,0,0,0
510019801001002,"Block 1002, Block Group 1, Census Tract 9801, Accomack County, Virginia",0,0,0,0,0,0,0,0,0,0,0,0,0,0,0,0,0,0,0,0,0
510019801001003,"Block 1003, Block Group 1, Census Tract 9801, Accomack County, Virginia",0,0,0,0,0,0,0,0,0,0,0,0,0,0,0,0,0,0,0,0,0
510019801001004,"Block 1004, Block Group 1, Census Tract 9801, Accomack County, Virginia",0,0,0,0,0,0,0,0,0,0,0,0,0,0,0,0,0,0,0,0,0
510019802001072,"Block 1072, Block Group 1, Census Tract 9802, Accomack County, Virginia",0,0,0,0,0,0,0,0,0,0,0,0,0,6,0,2,4,0,0,0,0
510019802001073,"Block 1073, Block Group 1, Census Tract 9802, Accomack County, Virginia",0,0,0,0,0,0,0,0,0,0,0,0,0,5,0,3,2,0,0,0,0
510019802001074,"Block 1074, Block Group 1, Census Tract 9802, Accomack County, Virginia",0,0,0,0,0,0,0,0,0,0,0,0,0,5,1,0,4,0,0,0,0
510019802001076,"Block 1076, Block Group 1, Census Tract 9802, Accomack County, Virginia",0,0,0,0,0,0,0,0,0,0,0,0,0,5,1,2,2,0,0,0,0
510019802001077,"Block 1077, Block Group 1, Census Tract 9802, Accomack County, Virginia",0,0,0,0,0,0,0,0,0,0,0,0,0,4,0,2,2,0,0,0,0
510019901000002,"Block 0002, Block Group 0, Census Tract 9901, Accomack County, Virginia",0,0,0,0,0,0,0,0,0,0,0,0,0,0,0,0,0,0,0,0,0
510019901000003,"Block 0003, Block Group 0, Census Tract 9901, Accomack County, Virginia",0,0,0,0,0,0,0,0,0,0,0,0,0,0,0,0,0,0,0,0,0
510019901000004,"Block 0004, Block Group 0, Census Tract 9901, Accomack County, Virginia",0,0,0,0,0,0,0,0,0,0,0,0,0,0,0,0,0,0,0,0,0
510019901000005,"Block 0005, Block Group 0, Census Tract 9901, Accomack County, Virginia",0,0,0,0,0,0,0,0,0,0,0,0,0,0,0,0,0,0,0,0,0
510019901000006,"Block 0006, Block Group 0, Census Tract 9901, Accomack County, Virginia",0,0,0,0,0,0,0,0,0,0,0,0,0,0,0,0,0,0,0,0,0
510019901000007,"Block 0007, Block Group 0, Census Tract 9901, Accomack County, Virginia",0,0,0,0,0,0,0,0,0,0,0,0,0,0,0,0,0,0,0,0,0
510019901000008,"Block 0008, Block Group 0, Census Tract 9901, Accomack County, Virginia",0,0,0,0,0,0,0,0,0,0,0,0,0,0,0,0,0,0,0,0,0
510019901000009,"Block 0009, Block Group 0, Census Tract 9901, Accomack County, Virginia",0,0,0,0,0,0,0,0,0,0,0,0,0,0,0,0,0,0,0,0,0
510019901000010,"Block 0010, Block Group 0, Census Tract 9901, Accomack County, Virginia",0,0,0,0,0,0,0,0,0,0,0,0,0,0,0,0,0,0,0,0,0
510019901000011,"Block 0011, Block Group 0, Census Tract 9901, Accomack County, Virginia",0,0,0,0,0,0,0,0,0,0,0,0,0,0,0,0,0,0,0,0,0
510019901000012,"Block 0012, Block Group 0, Census Tract 9901, Accomack County, Virginia",0,0,0,0,0,0,0,0,0,0,0,0,0,0,0,0,0,0,0,0,0
510019901000013,"Block 0013, Block Group 0, Census Tract 9901, Accomack County, Virginia",0,0,0,0,0,0,0,0,0,0,0,0,0,0,0,0,0,0,0,0,0
510019901000014,"Block 0014, Block Group 0, Census Tract 9901, Accomack County, Virginia",0,0,0,0,0,0,0,0,0,0,0,0,0,0,0,0,0,0,0,0,0
510019901000015,"Block 0015, Block Group 0, Census Tract 9901, Accomack County, Virginia",0,0,0,0,0,0,0,0,0,0,0,0,0,0,0,0,0,0,0,0,0
510019901000017,"Block 0017, Block Group 0, Census Tract 9901, Accomack County, Virginia",0,0,0,0,0,0,0,0,0,0,0,0,0,0,0,0,0,0,0,0,0
510019901000018,"Block 0018, Block Group 0, Census Tract 9901, Accomack County, Virginia",0,0,0,0,0,0,0,0,0,0,0,0,0,0,0,0,0,0,0,0,0
510019901000019,"Block 0019, Block Group 0, Census Tract 9901, Accomack County, Virginia",0,0,0,0,0,0,0,0,0,0,0,0,0,0,0,0,0,0,0,0,0
510019901000021,"Block 0021, Block Group 0, Census Tract 9901, Accomack County, Virginia",0,0,0,0,0,0,0,0,0,0,0,0,0,0,0,0,0,0,0,0,0
510019901000022,"Block 0022, Block Group 0, Census Tract 9901, Accomack County, Virginia",0,0,0,0,0,0,0,0,0,0,0,0,0,0,0,0,0,0,0,0,0
510019901000024,"Block 0024, Block Group 0, Census Tract 9901, Accomack County, Virginia",0,0,0,0,0,0,0,0,0,0,0,0,0,0,0,0,0,0,0,0,0
510019902000001,"Block 0001, Block Group 0, Census Tract 9902, Accomack County, Virginia",0,0,0,0,0,0,0,0,0,0,0,0,0,0,0,0,0,0,0,0,0
510019902000003,"Block 0003, Block Group 0, Census Tract 9902, Accomack County, Virginia",0,0,0,0,0,0,0,0,0,0,0,0,0,0,0,0,0,0,0,0,0
510019902000004,"Block 0004, Block Group 0, Census Tract 9902, Accomack County, Virginia",0,0,0,0,0,0,0,0,0,0,0,0,0,0,0,0,0,0,0,0,0
510019902000006,"Block 0006, Block Group 0, Census Tract 9902, Accomack County, Virginia",0,0,0,0,0,0,0,0,0,0,0,0,0,0,0,0,0,0,0,0,0
510019902000007,"Block 0007, Block Group 0, Census Tract 9902, Accomack County, Virginia",0,0,0,0,0,0,0,0,0,0,0,0,0,0,0,0,0,0,0,0,0
510019902000009,"Block 0009, Block Group 0, Census Tract 9902, Accomack County, Virginia",0,0,0,0,0,0,0,0,0,0,0,0,0,0,0,0,0,0,0,0,0
510019902000010,"Block 0010, Block Group 0, Census Tract 9902, Accomack County, Virginia",0,0,0,0,0,0,0,0,0,0,0,0,0,0,0,0,0,0,0,0,0
510019902000011,"Block 0011, Block Group 0, Census Tract 9902, Accomack County, Virginia",0,0,0,0,0,0,0,0,0,0,0,0,0,0,0,0,0,0,0,0,0
510019902000013,"Block 0013, Block Group 0, Census Tract 9902, Accomack County, Virginia",0,0,0,0,0,0,0,0,0,0,0,0,0,0,0,0,0,0,0,0,0
510010903002032,"Block 2032, Block Group 2, Census Tract 903, Accomack County, Virginia",12,0,11,1,0,0,0,0,0,9,3,1,1,6,0,1,5,0,0,0,0
510010903002034,"Block 2034, Block Group 2, Census Tract 903, Accomack County, Virginia",0,0,0,0,0,0,0,0,0,0,0,0,0,0,0,0,0,0,0,0,0
510010903002035,"Block 2035, Block Group 2, Census Tract 903, Accomack County, Virginia",16,1,10,5,0,0,0,0,0,15,1,7,7,12,2,3,7,0,0,0,0
510010903002036,"Block 2036, Block Group 2, Census Tract 903, Accomack County, Virginia",0,0,0,0,0,0,0,0,0,0,0,0,0,0,0,0,0,0,0,0,0
510010903002037,"Block 2037, Block Group 2, Census Tract 903, Accomack County, Virginia",0,0,0,0,0,0,0,0,0,0,0,0,0,0,0,0,0,0,0,0,0
510010903002038,"Block 2038, Block Group 2, Census Tract 903, Accomack County, Virginia",19,4,15,0,0,0,0,0,0,7,12,5,5,10,1,7,2,5,3,2,0
510010903002040,"Block 2040, Block Group 2, Census Tract 903, Accomack County, Virginia",0,0,0,0,0,0,0,0,0,0,0,0,0,0,0,0,0,0,0,0,0
510010903002041,"Block 2041, Block Group 2, Census Tract 903, Accomack County, Virginia",20,1,19,0,0,0,0,0,0,16,4,11,8,13,2,1,10,20,3,6,11
510010903002043,"Block 2043, Block Group 2, Census Tract 903, Accomack County, Virginia",0,0,0,0,0,0,0,0,0,0,0,1,0,0,0,0,0,0,0,0,0
510010903002044,"Block 2044, Block Group 2, Census Tract 903, Accomack County, Virginia",0,0,0,0,0,0,0,0,0,0,0,0,0,0,0,0,0,0,0,0,0
510010903002046,"Block 2046, Block Group 2, Census Tract 903, Accomack County, Virginia",0,0,0,0,0,0,0,0,0,0,0,0,0,0,0,0,0,0,0,0,0
510010903002047,"Block 2047, Block Group 2, Census Tract 903, Accomack County, Virginia",10,1,9,0,0,0,0,0,0,9,1,4,4,4,1,1,2,1,1,0,0
510010903002048,"Block 2048, Block Group 2, Census Tract 903, Accomack County, Virginia",10,0,9,0,0,0,0,0,1,9,1,11,11,5,2,2,1,0,0,0,0
510010903002050,"Block 2050, Block Group 2, Census Tract 903, Accomack County, Virginia",0,0,0,0,0,0,0,0,0,0,0,0,0,0,0,0,0,0,0,0,0
510010903002051,"Block 2051, Block Group 2, Census Tract 903, Accomack County, Virginia",0,0,0,0,0,0,0,0,0,0,0,0,0,0,0,0,0,0,0,0,0
510010903002053,"Block 2053, Block Group 2, Census Tract 903, Accomack County, Virginia",63,1,25,37,0,0,0,0,0,55,8,32,32,38,4,17,17,7,1,3,3
510010903002054,"Block 2054, Block Group 2, Census Tract 903, Accomack County, Virginia",18,0,12,2,0,0,0,0,4,14,4,15,10,6,0,1,5,0,0,0,0
510010903002056,"Block 2056, Block Group 2, Census Tract 903, Accomack County, Virginia",45,0,29,8,1,0,0,0,7,41,4,23,23,24,3,14,7,1,0,1,0
510010903002057,"Block 2057, Block Group 2, Census Tract 903, Accomack County, Virginia",9,0,8,1,0,0,0,0,0,8,1,2,1,7,1,2,4,0,0,0,0
510010903002059,"Block 2059, Block Group 2, Census Tract 903, Accomack County, Virginia",0,0,0,0,0,0,0,0,0,0,0,0,0,0,0,0,0,0,0,0,0
510010903002060,"Block 2060, Block Group 2, Census Tract 903, Accomack County, Virginia",8,3,5,0,0,0,0,0,0,7,1,4,0,5,2,2,1,0,0,0,0
510010903003000,"Block 3000, Block Group 3, Census Tract 903, Accomack County, Virginia",0,0,0,0,0,0,0,0,0,0,0,0,0,0,0,0,0,0,0,0,0
510010903003001,"Block 3001, Block Group 3, Census Tract 903, Accomack County, Virginia",5,0,3,0,0,2,0,0,0,5,0,2,1,8,4,2,2,0,0,0,0
510010903003002,"Block 3002, Block Group 3, Census Tract 903, Accomack County, Virginia",0,0,0,0,0,0,0,0,0,0,0,0,0,0,0,0,0,0,0,0,0
510010903003003,"Block 3003, Block Group 3, Census Tract 903, Accomack County, Virginia",0,0,0,0,0,0,0,0,0,0,0,0,0,0,0,0,0,0,0,0,0
510010903003004,"Block 3004, Block Group 3, Census Tract 903, Accomack County, Virginia",0,0,0,0,0,0,0,0,0,0,0,0,0,0,0,0,0,0,0,0,0
510010903003005,"Block 3005, Block Group 3, Census Tract 903, Accomack County, Virginia",0,0,0,0,0,0,0,0,0,0,0,0,0,0,0,0,0,0,0,0,0
510010903003006,"Block 3006, Block Group 3, Census Tract 903, Accomack County, Virginia",2,0,1,1,0,0,0,0,0,1,1,4,2,1,1,0,0,0,0,0,0
510010903003007,"Block 3007, Block Group 3, Census Tract 903, Accomack County, Virginia",1,0,1,0,0,0,0,0,0,0,1,4,4,0,0,0,0,0,0,0,0
510010903003009,"Block 3009, Block Group 3, Census Tract 903, Accomack County, Virginia",0,0,0,0,0,0,0,0,0,0,0,0,0,0,0,0,0,0,0,0,0
510019801001005,"Block 1005, Block Group 1, Census Tract 9801, Accomack County, Virginia",0,0,0,0,0,0,0,0,0,0,0,0,0,0,0,0,0,0,0,0,0
510019801001008,"Block 1008, Block Group 1, Census Tract 9801, Accomack County, Virginia",0,0,0,0,0,0,0,0,0,0,0,0,0,0,0,0,0,0,0,0,0
510019801001009,"Block 1009, Block Group 1, Census Tract 9801, Accomack County, Virginia",0,0,0,0,0,0,0,0,0,0,0,0,0,0,0,0,0,0,0,0,0
510019801001011,"Block 1011, Block Group 1, Census Tract 9801, Accomack County, Virginia",0,0,0,0,0,0,0,0,0,0,0,0,0,0,0,0,0,0,0,0,0
510019801001012,"Block 1012, Block Group 1, Census Tract 9801, Accomack County, Virginia",0,0,0,0,0,0,0,0,0,0,0,0,0,0,0,0,0,0,0,0,0
510019801001014,"Block 1014, Block Group 1, Census Tract 9801, Accomack County, Virginia",0,0,0,0,0,0,0,0,0,0,0,0,0,0,0,0,0,0,0,0,0
510019801001015,"Block 1015, Block Group 1, Census Tract 9801, Accomack County, Virginia",0,0,0,0,0,0,0,0,0,0,0,0,0,0,0,0,0,0,0,0,0
510019801001017,"Block 1017, Block Group 1, Census Tract 9801, Accomack County, Virginia",0,0,0,0,0,0,0,0,0,0,0,0,0,0,0,0,0,0,0,0,0
510019801001018,"Block 1018, Block Group 1, Census Tract 9801, Accomack County, Virginia",0,0,0,0,0,0,0,0,0,0,0,0,0,0,0,0,0,0,0,0,0
510019801001020,"Block 1020, Block Group 1, Census Tract 9801, Accomack County, Virginia",0,0,0,0,0,0,0,0,0,0,0,0,0,0,0,0,0,0,0,0,0
510019801001021,"Block 1021, Block Group 1, Census Tract 9801, Accomack County, Virginia",0,0,0,0,0,0,0,0,0,0,0,0,0,0,0,0,0,0,0,0,0
510019801001022,"Block 1022, Block Group 1, Census Tract 9801, Accomack County, Virginia",0,0,0,0,0,0,0,0,0,0,0,0,0,0,0,0,0,0,0,0,0
510019801001024,"Block 1024, Block Group 1, Census Tract 9801, Accomack County, Virginia",0,0,0,0,0,0,0,0,0,0,0,0,0,0,0,0,0,0,0,0,0
510019801001025,"Block 1025, Block Group 1, Census Tract 9801, Accomack County, Virginia",0,0,0,0,0,0,0,0,0,0,0,0,0,0,0,0,0,0,0,0,0
510019801001027,"Block 1027, Block Group 1, Census Tract 9801, Accomack County, Virginia",0,0,0,0,0,0,0,0,0,0,0,0,0,0,0,0,0,0,0,0,0
510019801001028,"Block 1028, Block Group 1, Census Tract 9801, Accomack County, Virginia",0,0,0,0,0,0,0,0,0,0,0,0,0,0,0,0,0,0,0,0,0
510019801001030,"Block 1030, Block Group 1, Census Tract 9801, Accomack County, Virginia",0,0,0,0,0,0,0,0,0,0,0,0,0,0,0,0,0,0,0,0,0
510019801001031,"Block 1031, Block Group 1, Census Tract 9801, Accomack County, Virginia",0,0,0,0,0,0,0,0,0,0,0,0,0,0,0,0,0,0,0,0,0
510019801001033,"Block 1033, Block Group 1, Census Tract 9801, Accomack County, Virginia",0,0,0,0,0,0,0,0,0,0,0,0,0,0,0,0,0,0,0,0,0
510019801001034,"Block 1034, Block Group 1, Census Tract 9801, Accomack County, Virginia",0,0,0,0,0,0,0,0,0,0,0,0,0,0,0,0,0,0,0,0,0
510019801001035,"Block 1035, Block Group 1, Census Tract 9801, Accomack County, Virginia",0,0,0,0,0,0,0,0,0,0,0,0,0,0,0,0,0,0,0,0,0
510019801001037,"Block 1037, Block Group 1, Census Tract 9801, Accomack County, Virginia",0,0,0,0,0,0,0,0,0,0,0,0,0,0,0,0,0,0,0,0,0
510019801001038,"Block 1038, Block Group 1, Census Tract 9801, Accomack County, Virginia",0,0,0,0,0,0,0,0,0,0,0,0,0,0,0,0,0,0,0,0,0
510019801001040,"Block 1040, Block Group 1, Census Tract 9801, Accomack County, Virginia",0,0,0,0,0,0,0,0,0,0,0,0,0,0,0,0,0,0,0,0,0
510019801001041,"Block 1041, Block Group 1, Census Tract 9801, Accomack County, Virginia",0,0,0,0,0,0,0,0,0,0,0,0,0,0,0,0,0,0,0,0,0
510019801001042,"Block 1042, Block Group 1, Census Tract 9801, Accomack County, Virginia",0,0,0,0,0,0,0,0,0,0,0,0,0,0,0,0,0,0,0,0,0
510019801001043,"Block 1043, Block Group 1, Census Tract 9801, Accomack County, Virginia",0,0,0,0,0,0,0,0,0,0,0,0,0,0,0,0,0,0,0,0,0
510019801001044,"Block 1044, Block Group 1, Census Tract 9801, Accomack County, Virginia",0,0,0,0,0,0,0,0,0,0,0,0,0,0,0,0,0,0,0,0,0
510019801001045,"Block 1045, Block Group 1, Census Tract 9801, Accomack County, Virginia",0,0,0,0,0,0,0,0,0,0,0,0,0,0,0,0,0,0,0,0,0
510019801001046,"Block 1046, Block Group 1, Census Tract 9801, Accomack County, Virginia",0,0,0,0,0,0,0,0,0,0,0,0,0,0,0,0,0,0,0,0,0
510019801001047,"Block 1047, Block Group 1, Census Tract 9801, Accomack County, Virginia",0,0,0,0,0,0,0,0,0,0,0,0,0,0,0,0,0,0,0,0,0
510019801001048,"Block 1048, Block Group 1, Census Tract 9801, Accomack County, Virginia",0,0,0,0,0,0,0,0,0,0,0,0,0,0,0,0,0,0,0,0,0
510019801001049,"Block 1049, Block Group 1, Census Tract 9801, Accomack County, Virginia",0,0,0,0,0,0,0,0,0,0,0,0,0,0,0,0,0,0,0,0,0
510019801001050,"Block 1050, Block Group 1, Census Tract 9801, Accomack County, Virginia",0,0,0,0,0,0,0,0,0,0,0,0,0,0,0,0,0,0,0,0,0
510019801001051,"Block 1051, Block Group 1, Census Tract 9801, Accomack County, Virginia",0,0,0,0,0,0,0,0,0,0,0,0,0,0,0,0,0,0,0,0,0
510019801001052,"Block 1052, Block Group 1, Census Tract 9801, Accomack County, Virginia",0,0,0,0,0,0,0,0,0,0,0,0,0,0,0,0,0,0,0,0,0
510019801001053,"Block 1053, Block Group 1, Census Tract 9801, Accomack County, Virginia",0,0,0,0,0,0,0,0,0,0,0,0,0,0,0,0,0,0,0,0,0
510010903003010,"Block 3010, Block Group 3, Census Tract 903, Accomack County, Virginia",0,0,0,0,0,0,0,0,0,0,0,0,0,0,0,0,0,0,0,0,0
510010903003012,"Block 3012, Block Group 3, Census Tract 903, Accomack County, Virginia",7,1,3,3,0,0,0,0,0,7,0,7,7,4,0,2,2,0,0,0,0
510010903003013,"Block 3013, Block Group 3, Census Tract 903, Accomack County, Virginia",0,0,0,0,0,0,0,0,0,0,0,0,0,0,0,0,0,0,0,0,0
510019801001055,"Block 1055, Block Group 1, Census Tract 9801, Accomack County, Virginia",0,0,0,0,0,0,0,0,0,0,0,0,0,0,0,0,0,0,0,0,0
510019801001056,"Block 1056, Block Group 1, Census Tract 9801, Accomack County, Virginia",0,0,0,0,0,0,0,0,0,0,0,0,0,0,0,0,0,0,0,0,0
510019801001058,"Block 1058, Block Group 1, Census Tract 9801, Accomack County, Virginia",0,0,0,0,0,0,0,0,0,0,0,0,0,0,0,0,0,0,0,0,0
510019801001059,"Block 1059, Block Group 1, Census Tract 9801, Accomack County, Virginia",0,0,0,0,0,0,0,0,0,0,0,0,0,0,0,0,0,0,0,0,0
510019801001061,"Block 1061, Block Group 1, Census Tract 9801, Accomack County, Virginia",0,0,0,0,0,0,0,0,0,0,0,0,0,0,0,0,0,0,0,0,0
510019801001062,"Block 1062, Block Group 1, Census Tract 9801, Accomack County, Virginia",0,0,0,0,0,0,0,0,0,0,0,0,0,0,0,0,0,0,0,0,0
510019801001063,"Block 1063, Block Group 1, Census Tract 9801, Accomack County, Virginia",0,0,0,0,0,0,0,0,0,0,0,0,0,0,0,0,0,0,0,0,0
510019802001001,"Block 1001, Block Group 1, Census Tract 9802, Accomack County, Virginia",0,0,0,0,0,0,0,0,0,0,0,0,0,0,0,0,0,0,0,0,0
510019802001002,"Block 1002, Block Group 1, Census Tract 9802, Accomack County, Virginia",0,0,0,0,0,0,0,0,0,0,0,0,0,4,1,0,3,0,0,0,0
510019802001004,"Block 1004, Block Group 1, Census Tract 9802, Accomack County, Virginia",0,0,0,0,0,0,0,0,0,0,0,0,0,0,0,0,0,0,0,0,0
510019802001005,"Block 1005, Block Group 1, Census Tract 9802, Accomack County, Virginia",0,0,0,0,0,0,0,0,0,0,0,0,0,3,1,0,2,0,0,0,0
510019802001007,"Block 1007, Block Group 1, Census Tract 9802, Accomack County, Virginia",0,0,0,0,0,0,0,0,0,0,0,0,0,0,0,0,0,0,0,0,0
510019802001008,"Block 1008, Block Group 1, Census Tract 9802, Accomack County, Virginia",0,0,0,0,0,0,0,0,0,0,0,0,0,1,1,0,0,0,0,0,0
510019802001010,"Block 1010, Block Group 1, Census Tract 9802, Accomack County, Virginia",0,0,0,0,0,0,0,0,0,0,0,0,0,4,0,2,2,0,0,0,0
510019802001011,"Block 1011, Block Group 1, Census Tract 9802, Accomack County, Virginia",0,0,0,0,0,0,0,0,0,0,0,0,0,3,0,1,2,0,0,0,0
510019802001012,"Block 1012, Block Group 1, Census Tract 9802, Accomack County, Virginia",0,0,0,0,0,0,0,0,0,0,0,0,0,6,2,0,4,0,0,0,0
510019802001014,"Block 1014, Block Group 1, Census Tract 9802, Accomack County, Virginia",0,0,0,0,0,0,0,0,0,0,0,0,0,6,2,2,2,0,0,0,0
510019802001015,"Block 1015, Block Group 1, Census Tract 9802, Accomack County, Virginia",0,0,0,0,0,0,0,0,0,0,0,0,0,0,0,0,0,0,0,0,0
510019802001017,"Block 1017, Block Group 1, Census Tract 9802, Accomack County, Virginia",0,0,0,0,0,0,0,0,0,0,0,0,0,0,0,0,0,0,0,0,0
510019802001018,"Block 1018, Block Group 1, Census Tract 9802, Accomack County, Virginia",0,0,0,0,0,0,0,0,0,0,0,0,0,5,0,2,3,0,0,0,0
510019802001020,"Block 1020, Block Group 1, Census Tract 9802, Accomack County, Virginia",0,0,0,0,0,0,0,0,0,0,0,0,0,0,0,0,0,0,0,0,0
510019802001021,"Block 1021, Block Group 1, Census Tract 9802, Accomack County, Virginia",0,0,0,0,0,0,0,0,0,0,0,1,1,6,1,1,4,697,20,23,654
510019802001022,"Block 1022, Block Group 1, Census Tract 9802, Accomack County, Virginia",0,0,0,0,0,0,0,0,0,0,0,0,0,4,1,3,0,0,0,0,0
510019802001024,"Block 1024, Block Group 1, Census Tract 9802, Accomack County, Virginia",0,0,0,0,0,0,0,0,0,0,0,0,0,6,1,4,1,0,0,0,0
510019802001025,"Block 1025, Block Group 1, Census Tract 9802, Accomack County, Virginia",0,0,0,0,0,0,0,0,0,0,0,0,0,6,1,3,2,1,0,0,1
510019802001027,"Block 1027, Block Group 1, Census Tract 9802, Accomack County, Virginia",0,0,0,0,0,0,0,0,0,0,0,0,0,8,4,0,4,0,0,0,0
510019802001028,"Block 1028, Block Group 1, Census Tract 9802, Accomack County, Virginia",0,0,0,0,0,0,0,0,0,0,0,0,0,0,0,0,0,0,0,0,0
510019802001029,"Block 1029, Block Group 1, Census Tract 9802, Accomack County, Virginia",0,0,0,0,0,0,0,0,0,0,0,0,0,5,1,0,4,0,0,0,0
510019802001030,"Block 1030, Block Group 1, Census Tract 9802, Accomack County, Virginia",0,0,0,0,0,0,0,0,0,0,0,0,0,0,0,0,0,0,0,0,0
510019802001031,"Block 1031, Block Group 1, Census Tract 9802, Accomack County, Virginia",0,0,0,0,0,0,0,0,0,0,0,0,0,1,0,1,0,0,0,0,0
510019802001032,"Block 1032, Block Group 1, Census Tract 9802, Accomack County, Virginia",0,0,0,0,0,0,0,0,0,0,0,0,0,4,1,0,3,0,0,0,0
510019802001033,"Block 1033, Block Group 1, Census Tract 9802, Accomack County, Virginia",0,0,0,0,0,0,0,0,0,0,0,0,0,6,0,1,5,0,0,0,0
510019802001034,"Block 1034, Block Group 1, Census Tract 9802, Accomack County, Virginia",0,0,0,0,0,0,0,0,0,0,0,0,0,0,0,0,0,0,0,0,0
510019802001035,"Block 1035, Block Group 1, Census Tract 9802, Accomack County, Virginia",0,0,0,0,0,0,0,0,0,0,0,0,0,0,0,0,0,0,0,0,0
510019802001036,"Block 1036, Block Group 1, Census Tract 9802, Accomack County, Virginia",0,0,0,0,0,0,0,0,0,0,0,0,0,0,0,0,0,0,0,0,0
510019802001037,"Block 1037, Block Group 1, Census Tract 9802, Accomack County, Virginia",0,0,0,0,0,0,0,0,0,0,0,0,0,4,2,0,2,0,0,0,0
510019802001038,"Block 1038, Block Group 1, Census Tract 9802, Accomack County, Virginia",0,0,0,0,0,0,0,0,0,0,0,0,0,0,0,0,0,0,0,0,0
510019802001039,"Block 1039, Block Group 1, Census Tract 9802, Accomack County, Virginia",0,0,0,0,0,0,0,0,0,0,0,0,0,0,0,0,0,0,0,0,0
510019802001040,"Block 1040, Block Group 1, Census Tract 9802, Accomack County, Virginia",0,0,0,0,0,0,0,0,0,0,0,0,0,5,0,1,4,12,2,8,2
510019802001042,"Block 1042, Block Group 1, Census Tract 9802, Accomack County, Virginia",0,0,0,0,0,0,0,0,0,0,0,0,0,3,1,1,1,0,0,0,0
510019802001043,"Block 1043, Block Group 1, Census Tract 9802, Accomack County, Virginia",0,0,0,0,0,0,0,0,0,0,0,0,0,0,0,0,0,0,0,0,0
510019802001045,"Block 1045, Block Group 1, Census Tract 9802, Accomack County, Virginia",0,0,0,0,0,0,0,0,0,0,0,0,0,0,0,0,0,0,0,0,0
510019802001046,"Block 1046, Block Group 1, Census Tract 9802, Accomack County, Virginia",0,0,0,0,0,0,0,0,0,0,0,0,0,7,1,3,3,0,0,0,0
510019802001048,"Block 1048, Block Group 1, Census Tract 9802, Accomack County, Virginia",0,0,0,0,0,0,0,0,0,0,0,0,0,0,0,0,0,0,0,0,0
510019802001049,"Block 1049, Block Group 1, Census Tract 9802, Accomack County, Virginia",0,0,0,0,0,0,0,0,0,0,0,0,0,4,1,3,0,0,0,0,0
510019802001050,"Block 1050, Block Group 1, Census Tract 9802, Accomack County, Virginia",0,0,0,0,0,0,0,0,0,0,0,0,0,0,0,0,0,0,0,0,0
510019802001052,"Block 1052, Block Group 1, Census Tract 9802, Accomack County, Virginia",0,0,0,0,0,0,0,0,0,0,0,0,0,0,0,0,0,0,0,0,0
510019802001053,"Block 1053, Block Group 1, Census Tract 9802, Accomack County, Virginia",0,0,0,0,0,0,0,0,0,0,0,0,0,0,0,0,0,0,0,0,0
510019802001055,"Block 1055, Block Group 1, Census Tract 9802, Accomack County, Virginia",0,0,0,0,0,0,0,0,0,0,0,0,0,0,0,0,0,0,0,0,0
510019802001056,"Block 1056, Block Group 1, Census Tract 9802, Accomack County, Virginia",0,0,0,0,0,0,0,0,0,0,0,0,0,5,2,3,0,0,0,0,0
510019802001058,"Block 1058, Block Group 1, Census Tract 9802, Accomack County, Virginia",0,0,0,0,0,0,0,0,0,0,0,0,0,7,0,2,5,0,0,0,0
510019802001059,"Block 1059, Block Group 1, Census Tract 9802, Accomack County, Virginia",0,0,0,0,0,0,0,0,0,0,0,0,0,3,1,0,2,0,0,0,0
510019802001061,"Block 1061, Block Group 1, Census Tract 9802, Accomack County, Virginia",0,0,0,0,0,0,0,0,0,0,0,0,0,11,2,4,5,0,0,0,0
510019802001062,"Block 1062, Block Group 1, Census Tract 9802, Accomack County, Virginia",0,0,0,0,0,0,0,0,0,0,0,0,0,4,0,3,1,0,0,0,0
510019802001063,"Block 1063, Block Group 1, Census Tract 9802, Accomack County, Virginia",0,0,0,0,0,0,0,0,0,0,0,0,0,3,1,1,1,0,0,0,0
510019802001065,"Block 1065, Block Group 1, Census Tract 9802, Accomack County, Virginia",0,0,0,0,0,0,0,0,0,0,0,0,0,0,0,0,0,0,0,0,0
510019802001066,"Block 1066, Block Group 1, Census Tract 9802, Accomack County, Virginia",0,0,0,0,0,0,0,0,0,0,0,0,0,2,0,1,1,0,0,0,0
510010901022024,"Block 2024, Block Group 2, Census Tract 901.02, Accomack County, Virginia",12,0,12,0,0,0,0,0,0,11,1,37,0,4,0,2,2,0,0,0,0
510010901022025,"Block 2025, Block Group 2, Census Tract 901.02, Accomack County, Virginia",2,0,0,0,1,0,0,0,1,1,1,3,1,1,0,1,0,0,0,0,0
510010901022027,"Block 2027, Block Group 2, Census Tract 901.02, Accomack County, Virginia",9,1,6,1,0,0,0,0,1,9,0,6,3,4,0,1,3,0,0,0,0
510010901022028,"Block 2028, Block Group 2, Census Tract 901.02, Accomack County, Virginia",0,0,0,0,0,0,0,0,0,0,0,0,0,0,0,0,0,0,0,0,0
510010901022030,"Block 2030, Block Group 2, Census Tract 901.02, Accomack County, Virginia",8,0,7,0,0,0,0,0,1,7,1,13,13,5,1,3,1,0,0,0,0
510010901022031,"Block 2031, Block Group 2, Census Tract 901.02, Accomack County, Virginia",2,1,0,0,0,0,0,1,0,1,1,12,0,1,0,0,1,0,0,0,0
510010901022032,"Block 2032, Block Group 2, Census Tract 901.02, Accomack County, Virginia",2,2,0,0,0,0,0,0,0,0,2,21,5,0,0,0,0,0,0,0,0
510010901022034,"Block 2034, Block Group 2, Census Tract 901.02, Accomack County, Virginia",8,0,8,0,0,0,0,0,0,4,4,12,12,3,0,2,1,0,0,0,0
510010901022035,"Block 2035, Block Group 2, Census Tract 901.02, Accomack County, Virginia",0,0,0,0,0,0,0,0,0,0,0,0,0,0,0,0,0,0,0,0,0
510010903003015,"Block 3015, Block Group 3, Census Tract 903, Accomack County, Virginia",0,0,0,0,0,0,0,0,0,0,0,0,0,0,0,0,0,0,0,0,0
510010903003016,"Block 3016, Block Group 3, Census Tract 903, Accomack County, Virginia",0,0,0,0,0,0,0,0,0,0,0,0,0,0,0,0,0,0,0,0,0
510010903003017,"Block 3017, Block Group 3, Census Tract 903, Accomack County, Virginia",0,0,0,0,0,0,0,0,0,0,0,0,0,0,0,0,0,0,0,0,0
510010903003018,"Block 3018, Block Group 3, Census Tract 903, Accomack County, Virginia",14,1,10,0,0,0,0,0,3,9,5,9,6,7,2,0,5,0,0,0,0
510010903003019,"Block 3019, Block Group 3, Census Tract 903, Accomack County, Virginia",4,0,3,0,1,0,0,0,0,1,3,1,1,1,0,1,0,0,0,0,0
510010903003020,"Block 3020, Block Group 3, Census Tract 903, Accomack County, Virginia",0,0,0,0,0,0,0,0,0,0,0,0,0,0,0,0,0,0,0,0,0
510010903003021,"Block 3021, Block Group 3, Census Tract 903, Accomack County, Virginia",0,0,0,0,0,0,0,0,0,0,0,0,0,0,0,0,0,0,0,0,0
510010903003022,"Block 3022, Block Group 3, Census Tract 903, Accomack County, Virginia",13,1,11,0,0,0,0,0,1,12,1,7,0,8,1,4,3,0,0,0,0
510010903003023,"Block 3023, Block Group 3, Census Tract 903, Accomack County, Virginia",26,0,26,0,0,0,0,0,0,26,0,17,16,8,0,3,5,2,0,0,2
510010904012025,"Block 2025, Block Group 2, Census Tract 904.01, Accomack County, Virginia",2,0,1,1,0,0,0,0,0,2,0,2,0,1,1,0,0,0,0,0,0
510010904012026,"Block 2026, Block Group 2, Census Tract 904.01, Accomack County, Virginia",70,16,20,33,0,0,0,0,1,52,18,34,34,34,6,14,14,12,3,7,2
510010904012027,"Block 2027, Block Group 2, Census Tract 904.01, Accomack County, Virginia",14,7,3,3,0,0,0,0,1,13,1,3,3,12,1,2,9,0,0,0,0
510010904012029,"Block 2029, Block Group 2, Census Tract 904.01, Accomack County, Virginia",24,1,21,0,0,0,0,0,2,24,0,5,5,9,1,3,5,0,0,0,0
510010904012030,"Block 2030, Block Group 2, Census Tract 904.01, Accomack County, Virginia",5,1,3,0,0,0,0,0,1,4,1,5,5,1,0,0,1,0,0,0,0
510010904012032,"Block 2032, Block Group 2, Census Tract 904.01, Accomack County, Virginia",23,1,22,0,0,0,0,0,0,21,2,15,10,11,2,2,7,0,0,0,0
510010904012033,"Block 2033, Block Group 2, Census Tract 904.01, Accomack County, Virginia",12,0,10,0,0,0,0,0,2,10,2,11,10,8,0,2,6,0,0,0,0
510010907005048,"Block 5048, Block Group 5, Census Tract 907, Accomack County, Virginia",38,6,0,30,0,0,0,0,2,36,2,25,22,21,4,5,12,0,0,0,0
510010907005050,"Block 5050, Block Group 5, Census Tract 907, Accomack County, Virginia",35,1,5,28,0,0,0,0,1,26,9,12,12,14,0,5,9,2,0,2,0
510010907005051,"Block 5051, Block Group 5, Census Tract 907, Accomack County, Virginia",16,3,3,7,0,0,0,2,1,16,0,7,7,3,1,2,0,0,0,0,0
510010907005053,"Block 5053, Block Group 5, Census Tract 907, Accomack County, Virginia",0,0,0,0,0,0,0,0,0,0,0,0,0,0,0,0,0,0,0,0,0
510010907005054,"Block 5054, Block Group 5, Census Tract 907, Accomack County, Virginia",7,1,1,4,0,0,0,1,0,6,1,5,5,3,1,1,1,0,0,0,0
510010907005056,"Block 5056, Block Group 5, Census Tract 907, Accomack County, Virginia",0,0,0,0,0,0,0,0,0,0,0,0,0,0,0,0,0,0,0,0,0
510010907005057,"Block 5057, Block Group 5, Census Tract 907, Accomack County, Virginia",0,0,0,0,0,0,0,0,0,0,0,0,0,0,0,0,0,0,0,0,0
510010908002042,"Block 2042, Block Group 2, Census Tract 908, Accomack County, Virginia",0,0,0,0,0,0,0,0,0,0,0,0,0,0,0,0,0,0,0,0,0
510010908002044,"Block 2044, Block Group 2, Census Tract 908, Accomack County, Virginia",0,0,0,0,0,0,0,0,0,0,0,0,0,0,0,0,0,0,0,0,0
510010908002045,"Block 2045, Block Group 2, Census Tract 908, Accomack County, Virginia",3,2,0,1,0,0,0,0,0,3,0,1,1,0,0,0,0,0,0,0,0
510010908002047,"Block 2047, Block Group 2, Census Tract 908, Accomack County, Virginia",0,0,0,0,0,0,0,0,0,0,0,0,0,0,0,0,0,0,0,0,0
510010908002048,"Block 2048, Block Group 2, Census Tract 908, Accomack County, Virginia",0,0,0,0,0,0,0,0,0,0,0,0,0,0,0,0,0,0,0,0,0
510010908002049,"Block 2049, Block Group 2, Census Tract 908, Accomack County, Virginia",26,2,15,9,0,0,0,0,0,24,2,15,15,6,1,3,2,0,0,0,0
510010908002051,"Block 2051, Block Group 2, Census Tract 908, Accomack County, Virginia",25,0,2,22,0,0,0,1,0,20,5,9,7,11,2,3,6,0,0,0,0
510010908002052,"Block 2052, Block Group 2, Census Tract 908, Accomack County, Virginia",34,4,23,6,0,0,0,0,1,26,8,13,13,6,1,3,2,0,0,0,0
510010908002053,"Block 2053, Block Group 2, Census Tract 908, Accomack County, Virginia",14,3,8,1,0,0,0,0,2,9,5,4,0,6,1,2,3,0,0,0,0
510010908002054,"Block 2054, Block Group 2, Census Tract 908, Accomack County, Virginia",25,3,21,0,0,0,0,0,1,25,0,16,7,10,0,3,7,0,0,0,0
510010908002055,"Block 2055, Block Group 2, Census Tract 908, Accomack County, Virginia",34,5,29,0,0,0,0,0,0,26,8,16,16,15,3,5,7,0,0,0,0
510010908002056,"Block 2056, Block Group 2, Census Tract 908, Accomack County, Virginia",95,3,32,54,0,2,0,0,4,74,21,49,49,36,8,15,13,0,0,0,0
510010908002057,"Block 2057, Block Group 2, Census Tract 908, Accomack County, Virginia",66,4,13,49,0,0,0,0,0,54,12,33,26,20,3,7,10,5,0,3,2
510010908002058,"Block 2058, Block Group 2, Census Tract 908, Accomack County, Virginia",96,36,10,47,0,0,0,0,3,72,24,45,45,26,3,10,13,2,1,1,0
510010908002059,"Block 2059, Block Group 2, Census Tract 908, Accomack County, Virginia",0,0,0,0,0,0,0,0,0,0,0,0,0,0,0,0,0,0,0,0,0
510010908002060,"Block 2060, Block Group 2, Census Tract 908, Accomack County, Virginia",30,26,4,0,0,0,0,0,0,22,8,1,1,12,1,4,7,0,0,0,0
510010908002061,"Block 2061, Block Group 2, Census Tract 908, Accomack County, Virginia",36,7,5,23,0,0,0,0,1,35,1,20,20,11,1,4,6,0,0,0,0
510010908002062,"Block 2062, Block Group 2, Census Tract 908, Accomack County, Virginia",7,0,3,4,0,0,0,0,0,4,3,4,0,1,0,0,1,0,0,0,0
510010908002063,"Block 2063, Block Group 2, Census Tract 908, Accomack County, Virginia",70,0,5,65,0,0,0,0,0,55,15,41,34,27,6,11,10,4,2,1,1
510010908002064,"Block 2064, Block Group 2, Census Tract 908, Accomack County, Virginia",15,2,0,10,0,1,0,2,0,8,7,5,5,6,2,2,2,0,0,0,0
510010908002065,"Block 2065, Block Group 2, Census Tract 908, Accomack County, Virginia",17,5,0,12,0,0,0,0,0,13,4,9,7,10,1,6,3,0,0,0,0
510010908002066,"Block 2066, Block Group 2, Census Tract 908, Accomack County, Virginia",59,20,36,1,0,0,0,2,0,49,10,30,30,28,2,11,15,0,0,0,0
510010908002068,"Block 2068, Block Group 2, Census Tract 908, Accomack County, Virginia",9,2,0,7,0,0,0,0,0,7,2,3,3,10,3,4,3,3,0,2,1
510010908002069,"Block 2069, Block Group 2, Census Tract 908, Accomack County, Virginia",0,0,0,0,0,0,0,0,0,0,0,0,0,0,0,0,0,0,0,0,0
510010908002071,"Block 2071, Block Group 2, Census Tract 908, Accomack County, Virginia",11,0,3,8,0,0,0,0,0,8,3,9,9,4,0,2,2,0,0,0,0
510010908002072,"Block 2072, Block Group 2, Census Tract 908, Accomack County, Virginia",16,2,8,6,0,0,0,0,0,10,6,3,3,8,0,5,3,0,0,0,0
510010908002074,"Block 2074, Block Group 2, Census Tract 908, Accomack County, Virginia",19,0,7,12,0,0,0,0,0,13,6,4,4,10,1,4,5,0,0,0,0
510010908002075,"Block 2075, Block Group 2, Census Tract 908, Accomack County, Virginia",16,0,5,11,0,0,0,0,0,10,6,6,6,3,0,2,1,0,0,0,0
510010908002076,"Block 2076, Block Group 2, Census Tract 908, Accomack County, Virginia",7,3,0,4,0,0,0,0,0,4,3,1,1,4,0,1,3,0,0,0,0
510010908002078,"Block 2078, Block Group 2, Census Tract 908, Accomack County, Virginia",4,0,2,2,0,0,0,0,0,3,1,4,4,0,0,0,0,0,0,0,0
510010908002079,"Block 2079, Block Group 2, Census Tract 908, Accomack County, Virginia",4,1,3,0,0,0,0,0,0,3,1,1,1,0,0,0,0,0,0,0,0
510010908002082,"Block 2082, Block Group 2, Census Tract 908, Accomack County, Virginia",8,2,5,1,0,0,0,0,0,7,1,3,3,5,1,3,1,0,0,0,0
510010908002084,"Block 2084, Block Group 2, Census Tract 908, Accomack County, Virginia",8,2,4,2,0,0,0,0,0,6,2,2,2,1,0,1,0,0,0,0,0
510010908002085,"Block 2085, Block Group 2, Census Tract 908, Accomack County, Virginia",22,4,12,5,0,0,0,0,1,16,6,8,8,8,2,1,5,0,0,0,0
510010903003024,"Block 3024, Block Group 3, Census Tract 903, Accomack County, Virginia",17,1,16,0,0,0,0,0,0,11,6,9,8,7,1,3,3,0,0,0,0
510010903003025,"Block 3025, Block Group 3, Census Tract 903, Accomack County, Virginia",10,5,2,0,0,0,0,0,3,8,2,5,0,5,1,1,3,0,0,0,0
510010903003026,"Block 3026, Block Group 3, Census Tract 903, Accomack County, Virginia",14,3,11,0,0,0,0,0,0,14,0,3,3,2,0,2,0,0,0,0,0
510010903003027,"Block 3027, Block Group 3, Census Tract 903, Accomack County, Virginia",9,5,2,0,0,0,0,0,2,6,3,1,1,3,1,0,2,0,0,0,0
510010903003028,"Block 3028, Block Group 3, Census Tract 903, Accomack County, Virginia",10,1,3,5,0,0,0,0,1,9,1,1,1,11,3,3,5,0,0,0,0
510010903003030,"Block 3030, Block Group 3, Census Tract 903, Accomack County, Virginia",11,1,10,0,0,0,0,0,0,11,0,7,7,3,2,0,1,0,0,0,0
510010903003031,"Block 3031, Block Group 3, Census Tract 903, Accomack County, Virginia",28,0,27,0,0,0,0,0,1,28,0,19,16,14,3,6,5,0,0,0,0
510010903003033,"Block 3033, Block Group 3, Census Tract 903, Accomack County, Virginia",0,0,0,0,0,0,0,0,0,0,0,0,0,0,0,0,0,0,0,0,0
510010903003034,"Block 3034, Block Group 3, Census Tract 903, Accomack County, Virginia",0,0,0,0,0,0,0,0,0,0,0,0,0,0,0,0,0,0,0,0,0
510010903003035,"Block 3035, Block Group 3, Census Tract 903, Accomack County, Virginia",0,0,0,0,0,0,0,0,0,0,0,0,0,0,0,0,0,0,0,0,0
510010903003037,"Block 3037, Block Group 3, Census Tract 903, Accomack County, Virginia",0,0,0,0,0,0,0,0,0,0,0,0,0,0,0,0,0,0,0,0,0
510010903003038,"Block 3038, Block Group 3, Census Tract 903, Accomack County, Virginia",24,10,14,0,0,0,0,0,0,23,1,16,16,9,0,6,3,0,0,0,0
510010903003040,"Block 3040, Block Group 3, Census Tract 903, Accomack County, Virginia",22,4,11,4,0,0,0,0,3,17,5,7,7,10,1,2,7,0,0,0,0
510010903003041,"Block 3041, Block Group 3, Census Tract 903, Accomack County, Virginia",65,23,35,6,0,0,0,1,0,54,11,29,29,24,4,7,13,0,0,0,0
510010903003043,"Block 3043, Block Group 3, Census Tract 903, Accomack County, Virginia",11,2,7,0,0,0,0,0,2,11,0,5,5,5,2,0,3,0,0,0,0
510010903003046,"Block 3046, Block Group 3, Census Tract 903, Accomack County, Virginia",16,2,12,0,0,0,0,1,1,14,2,8,8,8,2,3,3,1,0,0,1
510010903003047,"Block 3047, Block Group 3, Census Tract 903, Accomack County, Virginia",8,7,0,1,0,0,0,0,0,2,6,1,1,4,1,0,3,0,0,0,0
510010903003048,"Block 3048, Block Group 3, Census Tract 903, Accomack County, Virginia",20,5,4,7,0,0,0,0,4,9,11,4,4,11,2,4,5,0,0,0,0
510010903003050,"Block 3050, Block Group 3, Census Tract 903, Accomack County, Virginia",5,2,0,1,0,0,0,0,2,4,1,1,1,2,1,0,1,0,0,0,0
510010903003051,"Block 3051, Block Group 3, Census Tract 903, Accomack County, Virginia",21,4,12,3,0,0,0,0,2,15,6,3,3,13,2,3,8,0,0,0,0
510010903003053,"Block 3053, Block Group 3, Census Tract 903, Accomack County, Virginia",9,3,1,5,0,0,0,0,0,7,2,1,1,4,0,3,1,0,0,0,0
510010903003054,"Block 3054, Block Group 3, Census Tract 903, Accomack County, Virginia",7,1,5,1,0,0,0,0,0,5,2,8,8,5,1,1,3,0,0,0,0
510010903003056,"Block 3056, Block Group 3, Census Tract 903, Accomack County, Virginia",13,1,8,0,0,0,0,0,4,5,8,7,3,8,0,5,3,0,0,0,0
510010903003057,"Block 3057, Block Group 3, Census Tract 903, Accomack County, Virginia",0,0,0,0,0,0,0,0,0,0,0,0,0,0,0,0,0,0,0,0,0
510010903003059,"Block 3059, Block Group 3, Census Tract 903, Accomack County, Virginia",14,2,11,0,0,0,0,0,1,12,2,6,6,5,1,1,3,0,0,0,0
510010903003060,"Block 3060, Block Group 3, Census Tract 903, Accomack County, Virginia",15,2,11,1,0,0,0,0,1,14,1,3,3,5,0,4,1,0,0,0,0
510010903003061,"Block 3061, Block Group 3, Census Tract 903, Accomack County, Virginia",7,2,3,2,0,0,0,0,0,4,3,3,3,6,1,3,2,0,0,0,0
510010903003063,"Block 3063, Block Group 3, Census Tract 903, Accomack County, Virginia",42,6,31,5,0,0,0,0,0,28,14,21,21,27,4,10,13,4,0,3,1
510010903003064,"Block 3064, Block Group 3, Census Tract 903, Accomack County, Virginia",2,0,0,2,0,0,0,0,0,2,0,4,2,1,0,1,0,0,0,0,0
510010903003065,"Block 3065, Block Group 3, Census Tract 903, Accomack County, Virginia",25,3,22,0,0,0,0,0,0,20,5,17,17,9,0,2,7,0,0,0,0
510010903003066,"Block 3066, Block Group 3, Census Tract 903, Accomack County, Virginia",13,0,10,2,0,0,0,0,1,12,1,9,7,5,0,3,2,0,0,0,0
510010903003067,"Block 3067, Block Group 3, Census Tract 903, Accomack County, Virginia",25,12,12,0,0,0,0,0,1,22,3,7,7,14,2,6,6,1,0,0,1
510010903003068,"Block 3068, Block Group 3, Census Tract 903, Accomack County, Virginia",30,2,15,10,0,0,0,0,3,19,11,15,15,20,4,6,10,0,0,0,0
510010903003069,"Block 3069, Block Group 3, Census Tract 903, Accomack County, Virginia",18,1,16,0,0,1,0,0,0,16,2,8,4,6,2,1,3,0,0,0,0
510010903003070,"Block 3070, Block Group 3, Census Tract 903, Accomack County, Virginia",6,2,4,0,0,0,0,0,0,5,1,3,2,2,1,1,0,0,0,0,0
510010903003071,"Block 3071, Block Group 3, Census Tract 903, Accomack County, Virginia",33,9,15,5,0,2,0,0,2,28,5,10,7,18,2,7,9,0,0,0,0
510010903003072,"Block 3072, Block Group 3, Census Tract 903, Accomack County, Virginia",13,6,5,1,0,0,0,0,1,10,3,2,2,8,1,1,6,0,0,0,0
510010904012034,"Block 2034, Block Group 2, Census Tract 904.01, Accomack County, Virginia",50,4,41,5,0,0,0,0,0,43,7,32,26,41,6,11,24,1,1,0,0
510010904012036,"Block 2036, Block Group 2, Census Tract 904.01, Accomack County, Virginia",0,0,0,0,0,0,0,0,0,0,0,0,0,0,0,0,0,0,0,0,0
510010904012037,"Block 2037, Block Group 2, Census Tract 904.01, Accomack County, Virginia",0,0,0,0,0,0,0,0,0,0,0,0,0,0,0,0,0,0,0,0,0
510010904012039,"Block 2039, Block Group 2, Census Tract 904.01, Accomack County, Virginia",0,0,0,0,0,0,0,0,0,0,0,0,0,0,0,0,0,0,0,0,0
510010904012040,"Block 2040, Block Group 2, Census Tract 904.01, Accomack County, Virginia",0,0,0,0,0,0,0,0,0,0,0,0,0,0,0,0,0,0,0,0,0
510010904012042,"Block 2042, Block Group 2, Census Tract 904.01, Accomack County, Virginia",0,0,0,0,0,0,0,0,0,0,0,0,0,0,0,0,0,0,0,0,0
510010908002086,"Block 2086, Block Group 2, Census Tract 908, Accomack County, Virginia",12,1,11,0,0,0,0,0,0,11,1,6,6,5,1,1,3,0,0,0,0
510010908002088,"Block 2088, Block Group 2, Census Tract 908, Accomack County, Virginia",7,0,4,3,0,0,0,0,0,6,1,1,1,1,0,0,1,0,0,0,0
510010908002089,"Block 2089, Block Group 2, Census Tract 908, Accomack County, Virginia",16,0,3,13,0,0,0,0,0,13,3,13,0,5,0,1,4,0,0,0,0
510010908002091,"Block 2091, Block Group 2, Census Tract 908, Accomack County, Virginia",0,0,0,0,0,0,0,0,0,0,0,0,0,0,0,0,0,0,0,0,0
510010908002092,"Block 2092, Block Group 2, Census Tract 908, Accomack County, Virginia",0,0,0,0,0,0,0,0,0,0,0,0,0,0,0,0,0,0,0,0,0
510010908002094,"Block 2094, Block Group 2, Census Tract 908, Accomack County, Virginia",0,0,0,0,0,0,0,0,0,0,0,0,0,0,0,0,0,0,0,0,0
510010908002095,"Block 2095, Block Group 2, Census Tract 908, Accomack County, Virginia",16,1,15,0,0,0,0,0,0,12,4,6,2,4,0,2,2,0,0,0,0
510010908002097,"Block 2097, Block Group 2, Census Tract 908, Accomack County, Virginia",1,1,0,0,0,0,0,0,0,1,0,1,1,0,0,0,0,2,0,2,0
510010908002098,"Block 2098, Block Group 2, Census Tract 908, Accomack County, Virginia",16,4,4,8,0,0,0,0,0,14,2,8,8,8,1,4,3,0,0,0,0
510010908002099,"Block 2099, Block Group 2, Census Tract 908, Accomack County, Virginia",20,2,0,17,0,0,0,0,1,13,7,11,11,6,1,4,1,36,6,9,21
510010908002101,"Block 2101, Block Group 2, Census Tract 908, Accomack County, Virginia",5,0,5,0,0,0,0,0,0,5,0,2,0,3,2,0,1,0,0,0,0
510010908002102,"Block 2102, Block Group 2, Census Tract 908, Accomack County, Virginia",1,0,1,0,0,0,0,0,0,1,0,1,1,0,0,0,0,0,0,0,0
510010908002103,"Block 2103, Block Group 2, Census Tract 908, Accomack County, Virginia",9,0,8,1,0,0,0,0,0,6,3,4,4,2,0,1,1,0,0,0,0
510010908002104,"Block 2104, Block Group 2, Census Tract 908, Accomack County, Virginia",0,0,0,0,0,0,0,0,0,0,0,0,0,0,0,0,0,0,0,0,0
510010908002105,"Block 2105, Block Group 2, Census Tract 908, Accomack County, Virginia",8,1,2,5,0,0,0,0,0,2,6,2,2,0,0,0,0,0,0,0,0
510010908002106,"Block 2106, Block Group 2, Census Tract 908, Accomack County, Virginia",25,0,14,11,0,0,0,0,0,11,14,9,9,9,1,4,4,0,0,0,0
510010908002107,"Block 2107, Block Group 2, Census Tract 908, Accomack County, Virginia",37,0,27,9,0,0,0,0,1,26,11,23,9,16,3,6,7,11,3,7,1
510010908002108,"Block 2108, Block Group 2, Census Tract 908, Accomack County, Virginia",0,0,0,0,0,0,0,0,0,0,0,0,0,0,0,0,0,0,0,0,0
510010908002109,"Block 2109, Block Group 2, Census Tract 908, Accomack County, Virginia",9,0,5,0,0,0,0,0,4,5,4,3,3,0,0,0,0,0,0,0,0
510010908002110,"Block 2110, Block Group 2, Census Tract 908, Accomack County, Virginia",0,0,0,0,0,0,0,0,0,0,0,0,0,0,0,0,0,0,0,0,0
510010908002111,"Block 2111, Block Group 2, Census Tract 908, Accomack County, Virginia",0,0,0,0,0,0,0,0,0,0,0,0,0,0,0,0,0,0,0,0,0
510010908002112,"Block 2112, Block Group 2, Census Tract 908, Accomack County, Virginia",0,0,0,0,0,0,0,0,0,0,0,0,0,0,0,0,0,0,0,0,0
510010908002113,"Block 2113, Block Group 2, Census Tract 908, Accomack County, Virginia",0,0,0,0,0,0,0,0,0,0,0,0,0,0,0,0,0,0,0,0,0
510010908002114,"Block 2114, Block Group 2, Census Tract 908, Accomack County, Virginia",0,0,0,0,0,0,0,0,0,0,0,0,0,0,0,0,0,0,0,0,0
510010908002115,"Block 2115, Block Group 2, Census Tract 908, Accomack County, Virginia",15,2,9,4,0,0,0,0,0,9,6,1,1,2,0,1,1,0,0,0,0
510010908002116,"Block 2116, Block Group 2, Census Tract 908, Accomack County, Virginia",10,3,1,6,0,0,0,0,0,10,0,6,2,3,1,2,0,0,0,0,0
510010908002117,"Block 2117, Block Group 2, Census Tract 908, Accomack County, Virginia",7,0,7,0,0,0,0,0,0,7,0,6,6,4,1,0,3,0,0,0,0
510010908002119,"Block 2119, Block Group 2, Census Tract 908, Accomack County, Virginia",5,1,4,0,0,0,0,0,0,5,0,8,1,3,1,1,1,0,0,0,0
510010908002120,"Block 2120, Block Group 2, Census Tract 908, Accomack County, Virginia",9,0,7,0,0,0,0,0,2,8,1,8,8,5,1,1,3,0,0,0,0
510010908002122,"Block 2122, Block Group 2, Census Tract 908, Accomack County, Virginia",0,0,0,0,0,0,0,0,0,0,0,0,0,0,0,0,0,0,0,0,0
510010908002123,"Block 2123, Block Group 2, Census Tract 908, Accomack County, Virginia",0,0,0,0,0,0,0,0,0,0,0,0,0,0,0,0,0,0,0,0,0
510010908002125,"Block 2125, Block Group 2, Census Tract 908, Accomack County, Virginia",0,0,0,0,0,0,0,0,0,0,0,0,0,0,0,0,0,0,0,0,0
510010908002126,"Block 2126, Block Group 2, Census Tract 908, Accomack County, Virginia",0,0,0,0,0,0,0,0,0,0,0,0,0,0,0,0,0,0,0,0,0
510010908002127,"Block 2127, Block Group 2, Census Tract 908, Accomack County, Virginia",0,0,0,0,0,0,0,0,0,0,0,0,0,0,0,0,0,0,0,0,0
510010908002129,"Block 2129, Block Group 2, Census Tract 908, Accomack County, Virginia",0,0,0,0,0,0,0,0,0,0,0,0,0,0,0,0,0,0,0,0,0
510010908002130,"Block 2130, Block Group 2, Census Tract 908, Accomack County, Virginia",0,0,0,0,0,0,0,0,0,0,0,0,0,0,0,0,0,0,0,0,0
510010908002133,"Block 2133, Block Group 2, Census Tract 908, Accomack County, Virginia",0,0,0,0,0,0,0,0,0,0,0,0,0,0,0,0,0,0,0,0,0
510010903003073,"Block 3073, Block Group 3, Census Tract 903, Accomack County, Virginia",0,0,0,0,0,0,0,0,0,0,0,0,0,0,0,0,0,0,0,0,0
510010903003074,"Block 3074, Block Group 3, Census Tract 903, Accomack County, Virginia",35,4,27,2,0,0,0,0,2,27,8,24,24,14,5,4,5,0,0,0,0
510010903003075,"Block 3075, Block Group 3, Census Tract 903, Accomack County, Virginia",15,0,10,4,0,0,0,0,1,14,1,11,11,9,2,2,5,0,0,0,0
510010903003076,"Block 3076, Block Group 3, Census Tract 903, Accomack County, Virginia",28,4,14,3,0,0,0,0,7,24,4,17,10,15,3,7,5,0,0,0,0
510010903003077,"Block 3077, Block Group 3, Census Tract 903, Accomack County, Virginia",20,17,0,2,0,0,0,0,1,15,5,6,5,10,1,4,5,2,0,0,2
510010904011000,"Block 1000, Block Group 1, Census Tract 904.01, Accomack County, Virginia",53,5,45,2,0,0,0,0,1,42,11,27,15,21,4,5,12,0,0,0,0
510010904011001,"Block 1001, Block Group 1, Census Tract 904.01, Accomack County, Virginia",0,0,0,0,0,0,0,0,0,0,0,0,0,0,0,0,0,0,0,0,0
510010904011003,"Block 1003, Block Group 1, Census Tract 904.01, Accomack County, Virginia",14,1,9,4,0,0,0,0,0,10,4,15,8,4,1,1,2,0,0,0,0
510010904011004,"Block 1004, Block Group 1, Census Tract 904.01, Accomack County, Virginia",0,0,0,0,0,0,0,0,0,0,0,0,0,0,0,0,0,0,0,0,0
510010904011005,"Block 1005, Block Group 1, Census Tract 904.01, Accomack County, Virginia",91,29,62,0,0,0,0,0,0,61,30,48,44,37,5,18,14,2,0,2,0
510010904011007,"Block 1007, Block Group 1, Census Tract 904.01, Accomack County, Virginia",3,1,2,0,0,0,0,0,0,3,0,3,3,1,0,0,1,0,0,0,0
510010904011008,"Block 1008, Block Group 1, Census Tract 904.01, Accomack County, Virginia",0,0,0,0,0,0,0,0,0,0,0,0,0,0,0,0,0,0,0,0,0
510010904011010,"Block 1010, Block Group 1, Census Tract 904.01, Accomack County, Virginia",30,3,27,0,0,0,0,0,0,29,1,18,18,13,1,3,9,0,0,0,0
510010904011011,"Block 1011, Block Group 1, Census Tract 904.01, Accomack County, Virginia",8,4,4,0,0,0,0,0,0,5,3,3,3,4,1,1,2,0,0,0,0
510010904011013,"Block 1013, Block Group 1, Census Tract 904.01, Accomack County, Virginia",22,4,5,11,0,0,0,0,2,18,4,14,14,11,2,4,5,0,0,0,0
510010904011014,"Block 1014, Block Group 1, Census Tract 904.01, Accomack County, Virginia",7,0,2,3,0,0,0,0,2,1,6,1,1,4,1,0,3,0,0,0,0
510010904011015,"Block 1015, Block Group 1, Census Tract 904.01, Accomack County, Virginia",0,0,0,0,0,0,0,0,0,0,0,0,0,0,0,0,0,0,0,0,0
510010904011017,"Block 1017, Block Group 1, Census Tract 904.01, Accomack County, Virginia",0,0,0,0,0,0,0,0,0,0,0,0,0,0,0,0,0,0,0,0,0
510010904011018,"Block 1018, Block Group 1, Census Tract 904.01, Accomack County, Virginia",0,0,0,0,0,0,0,0,0,0,0,0,0,0,0,0,0,0,0,0,0
510010904011020,"Block 1020, Block Group 1, Census Tract 904.01, Accomack County, Virginia",0,0,0,0,0,0,0,0,0,0,0,0,0,0,0,0,0,0,0,0,0
510010904011021,"Block 1021, Block Group 1, Census Tract 904.01, Accomack County, Virginia",38,8,14,16,0,0,0,0,0,26,12,20,15,14,5,6,3,0,0,0,0
510010904011023,"Block 1023, Block Group 1, Census Tract 904.01, Accomack County, Virginia",7,3,1,3,0,0,0,0,0,2,5,1,0,2,0,1,1,0,0,0,0
510010904011024,"Block 1024, Block Group 1, Census Tract 904.01, Accomack County, Virginia",188,2,44,142,0,0,0,0,0,125,63,67,57,77,11,29,37,2,2,0,0
510010904011025,"Block 1025, Block Group 1, Census Tract 904.01, Accomack County, Virginia",16,6,9,0,0,0,0,0,1,13,3,13,10,7,1,4,2,0,0,0,0
510010904011027,"Block 1027, Block Group 1, Census Tract 904.01, Accomack County, Virginia",47,38,2,7,0,0,0,0,0,26,21,14,6,12,3,2,7,0,0,0,0
510010904011028,"Block 1028, Block Group 1, Census Tract 904.01, Accomack County, Virginia",18,4,2,12,0,0,0,0,0,16,2,12,3,11,0,6,5,3,1,2,0
510010904011030,"Block 1030, Block Group 1, Census Tract 904.01, Accomack County, Virginia",51,41,1,5,0,0,0,0,4,49,2,8,6,15,3,9,3,0,0,0,0
510010904011031,"Block 1031, Block Group 1, Census Tract 904.01, Accomack County, Virginia",3,2,0,0,0,0,0,0,1,2,1,1,0,2,0,1,1,0,0,0,0
510010904011033,"Block 1033, Block Group 1, Census Tract 904.01, Accomack County, Virginia",15,5,7,3,0,0,0,0,0,11,4,5,5,9,0,5,4,0,0,0,0
510010904011034,"Block 1034, Block Group 1, Census Tract 904.01, Accomack County, Virginia",11,4,1,6,0,0,0,0,0,8,3,3,0,6,2,3,1,0,0,0,0
510010904011036,"Block 1036, Block Group 1, Census Tract 904.01, Accomack County, Virginia",18,14,0,4,0,0,0,0,0,8,10,2,2,6,2,4,0,0,0,0,0
510010904011037,"Block 1037, Block Group 1, Census Tract 904.01, Accomack County, Virginia",3,1,0,0,0,0,0,0,2,3,0,7,7,1,0,1,0,0,0,0,0
510010904011038,"Block 1038, Block Group 1, Census Tract 904.01, Accomack County, Virginia",20,18,1,1,0,0,0,0,0,10,10,8,7,3,0,0,3,0,0,0,0
510010904011039,"Block 1039, Block Group 1, Census Tract 904.01, Accomack County, Virginia",0,0,0,0,0,0,0,0,0,0,0,0,0,0,0,0,0,0,0,0,0
510010904011040,"Block 1040, Block Group 1, Census Tract 904.01, Accomack County, Virginia",9,2,3,3,0,0,0,0,1,3,6,2,0,1,0,0,1,0,0,0,0
510010904011041,"Block 1041, Block Group 1, Census Tract 904.01, Accomack County, Virginia",10,5,0,5,0,0,0,0,0,9,1,4,1,4,1,0,3,14,1,10,3
510010904011042,"Block 1042, Block Group 1, Census Tract 904.01, Accomack County, Virginia",23,8,4,11,0,0,0,0,0,19,4,13,10,10,2,4,4,2,0,2,0
510010908002135,"Block 2135, Block Group 2, Census Tract 908, Accomack County, Virginia",12,2,3,7,0,0,0,0,0,5,7,12,12,5,0,1,4,0,0,0,0
510010908002136,"Block 2136, Block Group 2, Census Tract 908, Accomack County, Virginia",4,2,0,0,0,0,0,0,2,4,0,3,3,1,1,0,0,0,0,0,0
510010908002137,"Block 2137, Block Group 2, Census Tract 908, Accomack County, Virginia",13,0,6,7,0,0,0,0,0,13,0,9,0,2,0,1,1,0,0,0,0
510010908002139,"Block 2139, Block Group 2, Census Tract 908, Accomack County, Virginia",4,0,3,0,0,0,0,0,1,3,1,19,9,3,1,0,2,0,0,0,0
510010908002140,"Block 2140, Block Group 2, Census Tract 908, Accomack County, Virginia",0,0,0,0,0,0,0,0,0,0,0,8,0,0,0,0,0,0,0,0,0
510010908002142,"Block 2142, Block Group 2, Census Tract 908, Accomack County, Virginia",1,0,1,0,0,0,0,0,0,1,0,4,0,0,0,0,0,0,0,0,0
510010908002143,"Block 2143, Block Group 2, Census Tract 908, Accomack County, Virginia",13,0,11,2,0,0,0,0,0,12,1,6,6,4,1,0,3,0,0,0,0
510010908002145,"Block 2145, Block Group 2, Census Tract 908, Accomack County, Virginia",0,0,0,0,0,0,0,0,0,0,0,0,0,0,0,0,0,0,0,0,0
510010908002146,"Block 2146, Block Group 2, Census Tract 908, Accomack County, Virginia",0,0,0,0,0,0,0,0,0,0,0,0,0,0,0,0,0,0,0,0,0
510010908002148,"Block 2148, Block Group 2, Census Tract 908, Accomack County, Virginia",0,0,0,0,0,0,0,0,0,0,0,0,0,0,0,0,0,0,0,0,0
510010908002149,"Block 2149, Block Group 2, Census Tract 908, Accomack County, Virginia",0,0,0,0,0,0,0,0,0,0,0,0,0,0,0,0,0,0,0,0,0
510010908002150,"Block 2150, Block Group 2, Census Tract 908, Accomack County, Virginia",0,0,0,0,0,0,0,0,0,0,0,0,0,0,0,0,0,0,0,0,0
510010908002152,"Block 2152, Block Group 2, Census Tract 908, Accomack County, Virginia",0,0,0,0,0,0,0,0,0,0,0,0,0,0,0,0,0,0,0,0,0
510010908002153,"Block 2153, Block Group 2, Census Tract 908, Accomack County, Virginia",0,0,0,0,0,0,0,0,0,0,0,0,0,0,0,0,0,0,0,0,0
510010908002154,"Block 2154, Block Group 2, Census Tract 908, Accomack County, Virginia",0,0,0,0,0,0,0,0,0,0,0,0,0,0,0,0,0,0,0,0,0
510010908002155,"Block 2155, Block Group 2, Census Tract 908, Accomack County, Virginia",0,0,0,0,0,0,0,0,0,0,0,0,0,0,0,0,0,0,0,0,0
510010908002156,"Block 2156, Block Group 2, Census Tract 908, Accomack County, Virginia",0,0,0,0,0,0,0,0,0,0,0,0,0,0,0,0,0,0,0,0,0
510010908003000,"Block 3000, Block Group 3, Census Tract 908, Accomack County, Virginia",0,0,0,0,0,0,0,0,0,0,0,0,0,0,0,0,0,0,0,0,0
510010908003001,"Block 3001, Block Group 3, Census Tract 908, Accomack County, Virginia",0,0,0,0,0,0,0,0,0,0,0,0,0,0,0,0,0,0,0,0,0
510010908003002,"Block 3002, Block Group 3, Census Tract 908, Accomack County, Virginia",0,0,0,0,0,0,0,0,0,0,0,0,0,0,0,0,0,0,0,0,0
510010908003003,"Block 3003, Block Group 3, Census Tract 908, Accomack County, Virginia",0,0,0,0,0,0,0,0,0,0,0,0,0,0,0,0,0,0,0,0,0
510010908003004,"Block 3004, Block Group 3, Census Tract 908, Accomack County, Virginia",0,0,0,0,0,0,0,0,0,0,0,0,0,0,0,0,0,0,0,0,0
510010908003005,"Block 3005, Block Group 3, Census Tract 908, Accomack County, Virginia",0,0,0,0,0,0,0,0,0,0,0,0,0,0,0,0,0,0,0,0,0
510010908003006,"Block 3006, Block Group 3, Census Tract 908, Accomack County, Virginia",20,0,20,0,0,0,0,0,0,15,5,7,5,5,2,0,3,0,0,0,0
510010908003007,"Block 3007, Block Group 3, Census Tract 908, Accomack County, Virginia",6,0,6,0,0,0,0,0,0,4,2,2,2,4,0,2,2,0,0,0,0
510010908003008,"Block 3008, Block Group 3, Census Tract 908, Accomack County, Virginia",7,0,0,7,0,0,0,0,0,7,0,3,3,2,0,2,0,2,0,2,0
510010908003009,"Block 3009, Block Group 3, Census Tract 908, Accomack County, Virginia",20,0,1,19,0,0,0,0,0,17,3,13,13,10,1,7,2,1,1,0,0
510010908003010,"Block 3010, Block Group 3, Census Tract 908, Accomack County, Virginia",0,0,0,0,0,0,0,0,0,0,0,0,0,0,0,0,0,0,0,0,0
510010908003011,"Block 3011, Block Group 3, Census Tract 908, Accomack County, Virginia",12,0,1,11,0,0,0,0,0,11,1,9,9,2,1,0,1,1,0,1,0
510010908003013,"Block 3013, Block Group 3, Census Tract 908, Accomack County, Virginia",12,0,0,10,0,0,0,0,2,12,0,11,8,1,0,1,0,0,0,0,0
510010908003014,"Block 3014, Block Group 3, Census Tract 908, Accomack County, Virginia",12,0,1,11,0,0,0,0,0,10,2,6,6,5,0,4,1,0,0,0,0
510010908003016,"Block 3016, Block Group 3, Census Tract 908, Accomack County, Virginia",10,3,2,5,0,0,0,0,0,6,4,9,9,3,1,1,1,0,0,0,0
510010908003017,"Block 3017, Block Group 3, Census Tract 908, Accomack County, Virginia",32,1,0,29,0,0,0,0,2,23,9,17,17,16,3,8,5,0,0,0,0
510010908003019,"Block 3019, Block Group 3, Census Tract 908, Accomack County, Virginia",4,0,3,0,0,0,0,0,1,3,1,2,2,0,0,0,0,0,0,0,0
510010908003022,"Block 3022, Block Group 3, Census Tract 908, Accomack County, Virginia",9,0,4,4,0,0,0,0,1,8,1,8,2,3,1,1,1,0,0,0,0
510010908003023,"Block 3023, Block Group 3, Census Tract 908, Accomack County, Virginia",0,0,0,0,0,0,0,0,0,0,0,1,1,0,0,0,0,0,0,0,0
510010908003024,"Block 3024, Block Group 3, Census Tract 908, Accomack County, Virginia",0,0,0,0,0,0,0,0,0,0,0,0,0,0,0,0,0,0,0,0,0
510010901022036,"Block 2036, Block Group 2, Census Tract 901.02, Accomack County, Virginia",10,0,8,0,0,0,0,0,2,8,2,29,9,4,1,1,2,0,0,0,0
510010901022037,"Block 2037, Block Group 2, Census Tract 901.02, Accomack County, Virginia",7,0,5,0,0,0,0,0,2,6,1,15,0,4,0,1,3,15,3,7,5
510010901022039,"Block 2039, Block Group 2, Census Tract 901.02, Accomack County, Virginia",0,0,0,0,0,0,0,0,0,0,0,0,0,0,0,0,0,0,0,0,0
510010901022040,"Block 2040, Block Group 2, Census Tract 901.02, Accomack County, Virginia",4,1,1,2,0,0,0,0,0,2,2,17,8,7,1,3,3,0,0,0,0
510010901022041,"Block 2041, Block Group 2, Census Tract 901.02, Accomack County, Virginia",4,0,4,0,0,0,0,0,0,3,1,17,0,0,0,0,0,0,0,0,0
510010901022043,"Block 2043, Block Group 2, Census Tract 901.02, Accomack County, Virginia",0,0,0,0,0,0,0,0,0,0,0,12,0,0,0,0,0,0,0,0,0
510010901022044,"Block 2044, Block Group 2, Census Tract 901.02, Accomack County, Virginia",1,1,0,0,0,0,0,0,0,1,0,33,0,2,1,0,1,0,0,0,0
510010901022046,"Block 2046, Block Group 2, Census Tract 901.02, Accomack County, Virginia",0,0,0,0,0,0,0,0,0,0,0,0,0,0,0,0,0,0,0,0,0
510010901022047,"Block 2047, Block Group 2, Census Tract 901.02, Accomack County, Virginia",0,0,0,0,0,0,0,0,0,0,0,0,0,0,0,0,0,0,0,0,0
510010901022049,"Block 2049, Block Group 2, Census Tract 901.02, Accomack County, Virginia",31,0,29,0,0,0,0,0,2,28,3,33,10,17,4,5,8,0,0,0,0
510010901022050,"Block 2050, Block Group 2, Census Tract 901.02, Accomack County, Virginia",11,2,9,0,0,0,0,0,0,10,1,9,0,5,1,2,2,0,0,0,0
510010901022051,"Block 2051, Block Group 2, Census Tract 901.02, Accomack County, Virginia",14,1,12,0,0,1,0,0,0,13,1,31,11,11,2,3,6,0,0,0,0
510010901022052,"Block 2052, Block Group 2, Census Tract 901.02, Accomack County, Virginia",0,0,0,0,0,0,0,0,0,0,0,0,0,0,0,0,0,0,0,0,0
510010901022053,"Block 2053, Block Group 2, Census Tract 901.02, Accomack County, Virginia",0,0,0,0,0,0,0,0,0,0,0,0,0,0,0,0,0,0,0,0,0
510010901022054,"Block 2054, Block Group 2, Census Tract 901.02, Accomack County, Virginia",0,0,0,0,0,0,0,0,0,0,0,0,0,0,0,0,0,0,0,0,0
510010901022055,"Block 2055, Block Group 2, Census Tract 901.02, Accomack County, Virginia",0,0,0,0,0,0,0,0,0,0,0,0,0,0,0,0,0,0,0,0,0
510010902011000,"Block 1000, Block Group 1, Census Tract 902.01, Accomack County, Virginia",10,0,6,0,4,0,0,0,0,10,0,5,5,4,2,1,1,7,0,3,4
510010902011001,"Block 1001, Block Group 1, Census Tract 902.01, Accomack County, Virginia",0,0,0,0,0,0,0,0,0,0,0,0,0,0,0,0,0,0,0,0,0
510010902012057,"Block 2057, Block Group 2, Census Tract 902.01, Accomack County, Virginia",16,0,16,0,0,0,0,0,0,10,6,7,7,6,1,2,3,0,0,0,0
510010902012058,"Block 2058, Block Group 2, Census Tract 902.01, Accomack County, Virginia",0,0,0,0,0,0,0,0,0,0,0,0,0,0,0,0,0,0,0,0,0
510010902012059,"Block 2059, Block Group 2, Census Tract 902.01, Accomack County, Virginia",0,0,0,0,0,0,0,0,0,0,0,0,0,0,0,0,0,0,0,0,0
510010902012060,"Block 2060, Block Group 2, Census Tract 902.01, Accomack County, Virginia",152,1,146,0,0,0,0,0,5,127,25,100,74,48,6,10,32,0,0,0,0
510010902012061,"Block 2061, Block Group 2, Census Tract 902.01, Accomack County, Virginia",154,5,133,13,0,1,0,0,2,125,29,92,74,50,13,8,29,0,0,0,0
510010902012062,"Block 2062, Block Group 2, Census Tract 902.01, Accomack County, Virginia",74,4,62,0,0,0,0,0,8,59,15,39,27,18,0,7,11,0,0,0,0
510010902012063,"Block 2063, Block Group 2, Census Tract 902.01, Accomack County, Virginia",92,0,82,10,0,0,0,0,0,76,16,46,37,36,4,9,23,0,0,0,0
510010902012064,"Block 2064, Block Group 2, Census Tract 902.01, Accomack County, Virginia",35,6,23,4,0,0,0,0,2,26,9,19,19,8,0,2,6,0,0,0,0
510010902012065,"Block 2065, Block Group 2, Census Tract 902.01, Accomack County, Virginia",38,0,37,0,0,0,0,0,1,34,4,23,22,11,1,5,5,0,0,0,0
510010902012066,"Block 2066, Block Group 2, Census Tract 902.01, Accomack County, Virginia",12,0,10,1,0,0,0,0,1,10,2,13,0,4,1,0,3,0,0,0,0
510010902012067,"Block 2067, Block Group 2, Census Tract 902.01, Accomack County, Virginia",21,1,17,0,0,0,0,0,3,18,3,12,0,9,3,5,1,0,0,0,0
510010902012068,"Block 2068, Block Group 2, Census Tract 902.01, Accomack County, Virginia",26,0,17,8,0,1,0,0,0,15,11,5,2,9,0,5,4,0,0,0,0
510010902012069,"Block 2069, Block Group 2, Census Tract 902.01, Accomack County, Virginia",22,0,19,0,0,0,0,0,3,21,1,10,10,8,0,3,5,0,0,0,0
510010904011043,"Block 1043, Block Group 1, Census Tract 904.01, Accomack County, Virginia",0,0,0,0,0,0,0,0,0,0,0,0,0,0,0,0,0,0,0,0,0
510010904011044,"Block 1044, Block Group 1, Census Tract 904.01, Accomack County, Virginia",0,0,0,0,0,0,0,0,0,0,0,0,0,0,0,0,0,0,0,0,0
510010904011045,"Block 1045, Block Group 1, Census Tract 904.01, Accomack County, Virginia",0,0,0,0,0,0,0,0,0,0,0,0,0,0,0,0,0,0,0,0,0
510010904011046,"Block 1046, Block Group 1, Census Tract 904.01, Accomack County, Virginia",0,0,0,0,0,0,0,0,0,0,0,0,0,0,0,0,0,0,0,0,0
510010904011047,"Block 1047, Block Group 1, Census Tract 904.01, Accomack County, Virginia",0,0,0,0,0,0,0,0,0,0,0,0,0,0,0,0,0,0,0,0,0
510010904012000,"Block 2000, Block Group 2, Census Tract 904.01, Accomack County, Virginia",25,8,9,7,0,1,0,0,0,24,1,11,10,14,2,4,8,17,1,7,9
510010904012001,"Block 2001, Block Group 2, Census Tract 904.01, Accomack County, Virginia",42,0,33,9,0,0,0,0,0,35,7,20,18,17,0,7,10,0,0,0,0
510010904012002,"Block 2002, Block Group 2, Census Tract 904.01, Accomack County, Virginia",11,7,0,4,0,0,0,0,0,11,0,4,4,5,1,2,2,10,1,7,2
510010904012003,"Block 2003, Block Group 2, Census Tract 904.01, Accomack County, Virginia",0,0,0,0,0,0,0,0,0,0,0,0,0,0,0,0,0,0,0,0,0
510010904012005,"Block 2005, Block Group 2, Census Tract 904.01, Accomack County, Virginia",0,0,0,0,0,0,0,0,0,0,0,0,0,0,0,0,0,0,0,0,0
510010904012006,"Block 2006, Block Group 2, Census Tract 904.01, Accomack County, Virginia",0,0,0,0,0,0,0,0,0,0,0,0,0,0,0,0,0,0,0,0,0
510010904012008,"Block 2008, Block Group 2, Census Tract 904.01, Accomack County, Virginia",16,1,8,6,0,0,0,0,1,15,1,7,7,6,1,2,3,0,0,0,0
510010904012009,"Block 2009, Block Group 2, Census Tract 904.01, Accomack County, Virginia",42,4,32,5,0,0,0,0,1,37,5,18,18,15,1,9,5,0,0,0,0
510010904012011,"Block 2011, Block Group 2, Census Tract 904.01, Accomack County, Virginia",17,6,9,0,0,0,0,0,2,13,4,2,0,8,3,2,3,0,0,0,0
510010904012012,"Block 2012, Block Group 2, Census Tract 904.01, Accomack County, Virginia",10,7,2,1,0,0,0,0,0,6,4,1,0,1,1,0,0,0,0,0,0
510010904012013,"Block 2013, Block Group 2, Census Tract 904.01, Accomack County, Virginia",14,1,11,2,0,0,0,0,0,10,4,7,5,3,1,1,1,0,0,0,0
510010904012015,"Block 2015, Block Group 2, Census Tract 904.01, Accomack County, Virginia",60,0,54,3,0,0,0,0,3,50,10,28,28,21,5,5,11,0,0,0,0
510010904012016,"Block 2016, Block Group 2, Census Tract 904.01, Accomack County, Virginia",2,0,0,0,0,2,0,0,0,2,0,2,0,4,0,1,3,1,1,0,0
510010904012018,"Block 2018, Block Group 2, Census Tract 904.01, Accomack County, Virginia",10,1,3,5,0,0,0,0,1,8,2,4,2,3,0,1,2,0,0,0,0
510010904012019,"Block 2019, Block Group 2, Census Tract 904.01, Accomack County, Virginia",0,0,0,0,0,0,0,0,0,0,0,0,0,0,0,0,0,0,0,0,0
510010904012021,"Block 2021, Block Group 2, Census Tract 904.01, Accomack County, Virginia",4,2,0,2,0,0,0,0,0,3,1,1,1,0,0,0,0,0,0,0,0
510010904012022,"Block 2022, Block Group 2, Census Tract 904.01, Accomack County, Virginia",10,1,8,0,0,0,0,0,1,9,1,5,0,4,0,2,2,0,0,0,0
510010904012024,"Block 2024, Block Group 2, Census Tract 904.01, Accomack County, Virginia",45,8,0,37,0,0,0,0,0,35,10,29,22,17,0,7,10,0,0,0,0
510010904012043,"Block 2043, Block Group 2, Census Tract 904.01, Accomack County, Virginia",0,0,0,0,0,0,0,0,0,0,0,0,0,0,0,0,0,0,0,0,0
510010904012044,"Block 2044, Block Group 2, Census Tract 904.01, Accomack County, Virginia",14,5,6,3,0,0,0,0,0,11,3,3,3,8,2,4,2,0,0,0,0
510010904012045,"Block 2045, Block Group 2, Census Tract 904.01, Accomack County, Virginia",7,1,3,2,0,0,0,0,1,2,5,2,0,7,1,2,4,0,0,0,0
510010907005060,"Block 5060, Block Group 5, Census Tract 907, Accomack County, Virginia",0,0,0,0,0,0,0,0,0,0,0,0,0,0,0,0,0,0,0,0,0
510010907005061,"Block 5061, Block Group 5, Census Tract 907, Accomack County, Virginia",0,0,0,0,0,0,0,0,0,0,0,0,0,0,0,0,0,0,0,0,0
510010907005063,"Block 5063, Block Group 5, Census Tract 907, Accomack County, Virginia",0,0,0,0,0,0,0,0,0,0,0,0,0,0,0,0,0,0,0,0,0
510010907005064,"Block 5064, Block Group 5, Census Tract 907, Accomack County, Virginia",0,0,0,0,0,0,0,0,0,0,0,0,0,0,0,0,0,0,0,0,0
510010907005066,"Block 5066, Block Group 5, Census Tract 907, Accomack County, Virginia",45,1,15,27,2,0,0,0,0,36,9,25,16,24,6,13,5,3,0,3,0
510010907005067,"Block 5067, Block Group 5, Census Tract 907, Accomack County, Virginia",13,3,0,9,0,0,0,1,0,9,4,6,6,3,0,1,2,0,0,0,0
510010907005069,"Block 5069, Block Group 5, Census Tract 907, Accomack County, Virginia",28,1,27,0,0,0,0,0,0,22,6,13,4,13,0,4,9,0,0,0,0
510010907005070,"Block 5070, Block Group 5, Census Tract 907, Accomack County, Virginia",100,0,71,20,1,0,0,1,7,82,18,47,47,29,3,12,14,5,1,1,3
510010907005072,"Block 5072, Block Group 5, Census Tract 907, Accomack County, Virginia",47,0,45,0,0,0,0,0,2,38,9,17,13,19,5,3,11,0,0,0,0
510010907005073,"Block 5073, Block Group 5, Census Tract 907, Accomack County, Virginia",14,2,1,11,0,0,0,0,0,12,2,7,0,5,1,3,1,0,0,0,0
510010907005074,"Block 5074, Block Group 5, Census Tract 907, Accomack County, Virginia",176,4,160,7,0,3,0,2,0,147,29,87,86,63,10,23,30,5,0,3,2
510010907005076,"Block 5076, Block Group 5, Census Tract 907, Accomack County, Virginia",0,0,0,0,0,0,0,0,0,0,0,0,0,0,0,0,0,0,0,0,0
510010907005077,"Block 5077, Block Group 5, Census Tract 907, Accomack County, Virginia",0,0,0,0,0,0,0,0,0,0,0,0,0,0,0,0,0,0,0,0,0
510010907005078,"Block 5078, Block Group 5, Census Tract 907, Accomack County, Virginia",0,0,0,0,0,0,0,0,0,0,0,0,0,0,0,0,0,0,0,0,0
510010907005079,"Block 5079, Block Group 5, Census Tract 907, Accomack County, Virginia",16,0,16,0,0,0,0,0,0,12,4,3,3,7,1,3,3,0,0,0,0
510010907005080,"Block 5080, Block Group 5, Census Tract 907, Accomack County, Virginia",31,0,26,3,0,0,0,0,2,29,2,14,14,8,1,3,4,0,0,0,0
510010907005081,"Block 5081, Block Group 5, Census Tract 907, Accomack County, Virginia",0,0,0,0,0,0,0,0,0,0,0,0,0,0,0,0,0,0,0,0,0
510010908001000,"Block 1000, Block Group 1, Census Tract 908, Accomack County, Virginia",71,2,8,61,0,0,0,0,0,51,20,34,30,20,2,14,4,0,0,0,0
510010908003026,"Block 3026, Block Group 3, Census Tract 908, Accomack County, Virginia",7,0,7,0,0,0,0,0,0,7,0,4,2,3,0,0,3,80,25,35,20
510010908003027,"Block 3027, Block Group 3, Census Tract 908, Accomack County, Virginia",59,3,43,12,0,0,0,0,1,49,10,29,29,28,3,10,15,10,0,6,4
510010902011002,"Block 1002, Block Group 1, Census Tract 902.01, Accomack County, Virginia",0,0,0,0,0,0,0,0,0,0,0,0,0,0,0,0,0,0,0,0,0
510010902011003,"Block 1003, Block Group 1, Census Tract 902.01, Accomack County, Virginia",0,0,0,0,0,0,0,0,0,0,0,0,0,0,0,0,0,0,0,0,0
510010902011004,"Block 1004, Block Group 1, Census Tract 902.01, Accomack County, Virginia",0,0,0,0,0,0,0,0,0,0,0,0,0,0,0,0,0,0,0,0,0
510010902011005,"Block 1005, Block Group 1, Census Tract 902.01, Accomack County, Virginia",10,0,9,0,0,1,0,0,0,8,2,3,0,6,0,3,3,0,0,0,0
510010902011006,"Block 1006, Block Group 1, Census Tract 902.01, Accomack County, Virginia",11,1,8,2,0,0,0,0,0,10,1,4,4,5,1,1,3,0,0,0,0
510010902011007,"Block 1007, Block Group 1, Census Tract 902.01, Accomack County, Virginia",15,2,5,8,0,0,0,0,0,9,6,5,5,12,5,3,4,0,0,0,0
510010902011008,"Block 1008, Block Group 1, Census Tract 902.01, Accomack County, Virginia",12,1,6,3,0,0,0,0,2,8,4,1,1,5,1,1,3,0,0,0,0
510010902011009,"Block 1009, Block Group 1, Census Tract 902.01, Accomack County, Virginia",7,0,5,0,0,2,0,0,0,7,0,1,1,6,2,3,1,0,0,0,0
510010902011011,"Block 1011, Block Group 1, Census Tract 902.01, Accomack County, Virginia",12,0,12,0,0,0,0,0,0,5,7,4,4,2,0,0,2,7,3,0,4
510010902011012,"Block 1012, Block Group 1, Census Tract 902.01, Accomack County, Virginia",0,0,0,0,0,0,0,0,0,0,0,0,0,0,0,0,0,0,0,0,0
510010902011014,"Block 1014, Block Group 1, Census Tract 902.01, Accomack County, Virginia",13,1,5,5,0,0,0,0,2,8,5,8,7,9,5,2,2,0,0,0,0
510010902011015,"Block 1015, Block Group 1, Census Tract 902.01, Accomack County, Virginia",13,0,13,0,0,0,0,0,0,13,0,10,10,3,2,0,1,0,0,0,0
510010902011017,"Block 1017, Block Group 1, Census Tract 902.01, Accomack County, Virginia",27,1,11,12,0,0,0,0,3,17,10,11,11,9,0,3,6,0,0,0,0
510010902011018,"Block 1018, Block Group 1, Census Tract 902.01, Accomack County, Virginia",0,0,0,0,0,0,0,0,0,0,0,0,0,0,0,0,0,0,0,0,0
510010902011019,"Block 1019, Block Group 1, Census Tract 902.01, Accomack County, Virginia",0,0,0,0,0,0,0,0,0,0,0,0,0,0,0,0,0,0,0,0,0
510010902011021,"Block 1021, Block Group 1, Census Tract 902.01, Accomack County, Virginia",0,0,0,0,0,0,0,0,0,0,0,0,0,0,0,0,0,0,0,0,0
510010902011022,"Block 1022, Block Group 1, Census Tract 902.01, Accomack County, Virginia",2,0,1,0,0,1,0,0,0,1,1,7,2,0,0,0,0,50,4,28,18
510010902011024,"Block 1024, Block Group 1, Census Tract 902.01, Accomack County, Virginia",0,0,0,0,0,0,0,0,0,0,0,0,0,0,0,0,0,0,0,0,0
510010902011025,"Block 1025, Block Group 1, Census Tract 902.01, Accomack County, Virginia",143,0,26,117,0,0,0,0,0,115,28,69,69,65,11,23,31,26,3,9,14
510010902011027,"Block 1027, Block Group 1, Census Tract 902.01, Accomack County, Virginia",45,2,38,5,0,0,0,0,0,45,0,25,25,19,2,6,11,0,0,0,0
510010902011028,"Block 1028, Block Group 1, Census Tract 902.01, Accomack County, Virginia",22,2,12,0,0,0,0,1,7,9,13,12,9,5,0,4,1,0,0,0,0
510010902011029,"Block 1029, Block Group 1, Census Tract 902.01, Accomack County, Virginia",46,1,37,3,0,0,0,0,5,27,19,12,12,14,2,7,5,0,0,0,0
510010902011031,"Block 1031, Block Group 1, Census Tract 902.01, Accomack County, Virginia",6,0,5,0,0,1,0,0,0,1,5,1,0,3,0,2,1,0,0,0,0
510010902011032,"Block 1032, Block Group 1, Census Tract 902.01, Accomack County, Virginia",52,1,4,47,0,0,0,0,0,43,9,27,26,30,6,9,15,0,0,0,0
510010902011034,"Block 1034, Block Group 1, Census Tract 902.01, Accomack County, Virginia",98,0,0,98,0,0,0,0,0,81,17,57,48,37,6,13,18,2,0,1,1
510010902011035,"Block 1035, Block Group 1, Census Tract 902.01, Accomack County, Virginia",4,2,0,2,0,0,0,0,0,2,2,4,4,2,0,0,2,0,0,0,0
510010902011037,"Block 1037, Block Group 1, Census Tract 902.01, Accomack County, Virginia",0,0,0,0,0,0,0,0,0,0,0,0,0,0,0,0,0,0,0,0,0
510010902011038,"Block 1038, Block Group 1, Census Tract 902.01, Accomack County, Virginia",38,3,10,25,0,0,0,0,0,36,2,18,16,13,1,4,8,0,0,0,0
510010902011039,"Block 1039, Block Group 1, Census Tract 902.01, Accomack County, Virginia",221,4,110,102,0,0,0,0,5,169,52,107,99,87,10,39,38,0,0,0,0
510010902011041,"Block 1041, Block Group 1, Census Tract 902.01, Accomack County, Virginia",27,1,17,3,0,2,0,0,4,22,5,9,9,10,1,5,4,0,0,0,0
510010902011042,"Block 1042, Block Group 1, Census Tract 902.01, Accomack County, Virginia",68,1,47,19,0,0,0,0,1,53,15,33,30,30,5,11,14,0,0,0,0
510010902011044,"Block 1044, Block Group 1, Census Tract 902.01, Accomack County, Virginia",14,0,12,1,0,0,0,0,1,10,4,8,8,5,1,3,1,0,0,0,0
510010902011045,"Block 1045, Block Group 1, Census Tract 902.01, Accomack County, Virginia",0,0,0,0,0,0,0,0,0,0,0,0,0,0,0,0,0,0,0,0,0
510010902011046,"Block 1046, Block Group 1, Census Tract 902.01, Accomack County, Virginia",21,2,15,1,1,0,0,0,2,19,2,9,0,7,0,4,3,0,0,0,0
510010902011047,"Block 1047, Block Group 1, Census Tract 902.01, Accomack County, Virginia",22,4,12,3,0,0,0,0,3,10,12,10,10,7,0,1,6,0,0,0,0
510010902011048,"Block 1048, Block Group 1, Census Tract 902.01, Accomack County, Virginia",6,2,3,1,0,0,0,0,0,6,0,0,0,3,1,2,0,0,0,0,0
510010902011049,"Block 1049, Block Group 1, Census Tract 902.01, Accomack County, Virginia",0,0,0,0,0,0,0,0,0,0,0,0,0,0,0,0,0,0,0,0,0
510010904012047,"Block 2047, Block Group 2, Census Tract 904.01, Accomack County, Virginia",0,0,0,0,0,0,0,0,0,0,0,0,0,0,0,0,0,0,0,0,0
510010904012048,"Block 2048, Block Group 2, Census Tract 904.01, Accomack County, Virginia",21,1,17,3,0,0,0,0,0,16,5,14,5,11,0,3,8,3,2,1,0
510010904012050,"Block 2050, Block Group 2, Census Tract 904.01, Accomack County, Virginia",0,0,0,0,0,0,0,0,0,0,0,0,0,0,0,0,0,0,0,0,0
510010904012051,"Block 2051, Block Group 2, Census Tract 904.01, Accomack County, Virginia",6,4,0,1,0,0,0,0,1,5,1,3,3,1,0,0,1,0,0,0,0
510010904012052,"Block 2052, Block Group 2, Census Tract 904.01, Accomack County, Virginia",0,0,0,0,0,0,0,0,0,0,0,0,0,0,0,0,0,0,0,0,0
510010904012054,"Block 2054, Block Group 2, Census Tract 904.01, Accomack County, Virginia",24,0,0,22,0,0,0,0,2,14,10,5,5,11,1,6,4,0,0,0,0
510010904012055,"Block 2055, Block Group 2, Census Tract 904.01, Accomack County, Virginia",10,1,8,1,0,0,0,0,0,5,5,1,1,3,1,0,2,0,0,0,0
510010904012057,"Block 2057, Block Group 2, Census Tract 904.01, Accomack County, Virginia",23,3,20,0,0,0,0,0,0,16,7,7,0,8,1,4,3,0,0,0,0
510010904012058,"Block 2058, Block Group 2, Census Tract 904.01, Accomack County, Virginia",65,1,51,13,0,0,0,0,0,62,3,44,41,31,4,9,18,0,0,0,0
510010904012060,"Block 2060, Block Group 2, Census Tract 904.01, Accomack County, Virginia",0,0,0,0,0,0,0,0,0,0,0,0,0,0,0,0,0,0,0,0,0
510010904012061,"Block 2061, Block Group 2, Census Tract 904.01, Accomack County, Virginia",21,0,6,14,0,0,0,0,1,16,5,6,6,10,3,3,4,0,0,0,0
510010904012062,"Block 2062, Block Group 2, Census Tract 904.01, Accomack County, Virginia",6,0,1,3,0,0,0,0,2,4,2,3,3,3,0,2,1,0,0,0,0
510010904012064,"Block 2064, Block Group 2, Census Tract 904.01, Accomack County, Virginia",28,12,5,11,0,0,0,0,0,23,5,8,8,6,0,3,3,2,0,1,1
510010904012065,"Block 2065, Block Group 2, Census Tract 904.01, Accomack County, Virginia",0,0,0,0,0,0,0,0,0,0,0,0,0,0,0,0,0,29,0,22,7
510010904012067,"Block 2067, Block Group 2, Census Tract 904.01, Accomack County, Virginia",62,24,1,30,0,7,0,0,0,44,18,27,22,35,2,21,12,1,0,1,0
510010904012068,"Block 2068, Block Group 2, Census Tract 904.01, Accomack County, Virginia",0,0,0,0,0,0,0,0,0,0,0,0,0,0,0,0,0,0,0,0,0
510010904012070,"Block 2070, Block Group 2, Census Tract 904.01, Accomack County, Virginia",0,0,0,0,0,0,0,0,0,0,0,0,0,0,0,0,0,0,0,0,0
510010904012071,"Block 2071, Block Group 2, Census Tract 904.01, Accomack County, Virginia",0,0,0,0,0,0,0,0,0,0,0,0,0,0,0,0,0,0,0,0,0
510010904012072,"Block 2072, Block Group 2, Census Tract 904.01, Accomack County, Virginia",0,0,0,0,0,0,0,0,0,0,0,0,0,0,0,0,0,0,0,0,0
510010904012074,"Block 2074, Block Group 2, Census Tract 904.01, Accomack County, Virginia",0,0,0,0,0,0,0,0,0,0,0,0,0,0,0,0,0,0,0,0,0
510010904012075,"Block 2075, Block Group 2, Census Tract 904.01, Accomack County, Virginia",0,0,0,0,0,0,0,0,0,0,0,0,0,0,0,0,0,0,0,0,0
510010904012077,"Block 2077, Block Group 2, Census Tract 904.01, Accomack County, Virginia",0,0,0,0,0,0,0,0,0,0,0,0,0,0,0,0,0,0,0,0,0
510010904012078,"Block 2078, Block Group 2, Census Tract 904.01, Accomack County, Virginia",0,0,0,0,0,0,0,0,0,0,0,0,0,0,0,0,0,0,0,0,0
510010904012080,"Block 2080, Block Group 2, Census Tract 904.01, Accomack County, Virginia",9,0,8,0,0,1,0,0,0,8,1,2,2,6,1,2,3,0,0,0,0
510010904012081,"Block 2081, Block Group 2, Census Tract 904.01, Accomack County, Virginia",0,0,0,0,0,0,0,0,0,0,0,0,0,0,0,0,0,0,0,0,0
510010904012082,"Block 2082, Block Group 2, Census Tract 904.01, Accomack County, Virginia",0,0,0,0,0,0,0,0,0,0,0,0,0,0,0,0,0,0,0,0,0
510010904012083,"Block 2083, Block Group 2, Census Tract 904.01, Accomack County, Virginia",0,0,0,0,0,0,0,0,0,0,0,0,0,0,0,0,0,0,0,0,0
510010904012084,"Block 2084, Block Group 2, Census Tract 904.01, Accomack County, Virginia",0,0,0,0,0,0,0,0,0,0,0,0,0,0,0,0,0,0,0,0,0
510010904012085,"Block 2085, Block Group 2, Census Tract 904.01, Accomack County, Virginia",0,0,0,0,0,0,0,0,0,0,0,0,0,0,0,0,0,0,0,0,0
510010904012086,"Block 2086, Block Group 2, Census Tract 904.01, Accomack County, Virginia",0,0,0,0,0,0,0,0,0,0,0,0,0,0,0,0,0,0,0,0,0
510010904012087,"Block 2087, Block Group 2, Census Tract 904.01, Accomack County, Virginia",0,0,0,0,0,0,0,0,0,0,0,0,0,0,0,0,0,0,0,0,0
510010904012088,"Block 2088, Block Group 2, Census Tract 904.01, Accomack County, Virginia",0,0,0,0,0,0,0,0,0,0,0,0,0,0,0,0,0,0,0,0,0
510010904012089,"Block 2089, Block Group 2, Census Tract 904.01, Accomack County, Virginia",0,0,0,0,0,0,0,0,0,0,0,0,0,0,0,0,0,0,0,0,0
510010904012090,"Block 2090, Block Group 2, Census Tract 904.01, Accomack County, Virginia",0,0,0,0,0,0,0,0,0,0,0,0,0,0,0,0,0,0,0,0,0
510010904012091,"Block 2091, Block Group 2, Census Tract 904.01, Accomack County, Virginia",91,19,6,66,0,0,0,0,0,68,23,69,47,31,4,8,19,2,2,0,0
510010904012092,"Block 2092, Block Group 2, Census Tract 904.01, Accomack County, Virginia",7,2,1,1,0,0,0,0,3,3,4,4,1,1,0,0,1,0,0,0,0
510010904012093,"Block 2093, Block Group 2, Census Tract 904.01, Accomack County, Virginia",22,8,0,14,0,0,0,0,0,16,6,10,6,10,1,4,5,0,0,0,0
510010904022005,"Block 2005, Block Group 2, Census Tract 904.02, Accomack County, Virginia",0,0,0,0,0,0,0,0,0,0,0,0,0,0,0,0,0,0,0,0,0
510010904022006,"Block 2006, Block Group 2, Census Tract 904.02, Accomack County, Virginia",27,13,14,0,0,0,0,0,0,19,8,11,11,10,2,2,6,0,0,0,0
510010904022007,"Block 2007, Block Group 2, Census Tract 904.02, Accomack County, Virginia",25,2,21,2,0,0,0,0,0,18,7,9,9,11,0,9,2,0,0,0,0
510010904022008,"Block 2008, Block Group 2, Census Tract 904.02, Accomack County, Virginia",0,0,0,0,0,0,0,0,0,0,0,0,0,0,0,0,0,0,0,0,0
510010904022009,"Block 2009, Block Group 2, Census Tract 904.02, Accomack County, Virginia",13,5,2,3,0,0,0,0,3,5,8,9,0,4,0,2,2,0,0,0,0
510010904022010,"Block 2010, Block Group 2, Census Tract 904.02, Accomack County, Virginia",89,12,31,45,0,0,0,0,1,75,14,54,43,34,8,10,16,6,0,4,2
510010904022011,"Block 2011, Block Group 2, Census Tract 904.02, Accomack County, Virginia",0,0,0,0,0,0,0,0,0,0,0,0,0,0,0,0,0,0,0,0,0
510010904022012,"Block 2012, Block Group 2, Census Tract 904.02, Accomack County, Virginia",30,4,0,26,0,0,0,0,0,17,13,22,17,12,0,4,8,1,1,0,0
510010904022014,"Block 2014, Block Group 2, Census Tract 904.02, Accomack County, Virginia",14,8,0,3,0,0,0,0,3,10,4,8,2,5,2,1,2,0,0,0,0
510010904022015,"Block 2015, Block Group 2, Census Tract 904.02, Accomack County, Virginia",0,0,0,0,0,0,0,0,0,0,0,0,0,0,0,0,0,0,0,0,0
510010908001001,"Block 1001, Block Group 1, Census Tract 908, Accomack County, Virginia",0,0,0,0,0,0,0,0,0,0,0,0,0,0,0,0,0,0,0,0,0
510010908001002,"Block 1002, Block Group 1, Census Tract 908, Accomack County, Virginia",63,19,11,31,0,0,0,0,2,47,16,27,27,14,3,9,2,3,2,1,0
510010908001003,"Block 1003, Block Group 1, Census Tract 908, Accomack County, Virginia",2,1,0,1,0,0,0,0,0,2,0,1,1,1,1,0,0,0,0,0,0
510010908001004,"Block 1004, Block Group 1, Census Tract 908, Accomack County, Virginia",0,0,0,0,0,0,0,0,0,0,0,0,0,0,0,0,0,0,0,0,0
510010908001005,"Block 1005, Block Group 1, Census Tract 908, Accomack County, Virginia",20,14,4,0,0,0,0,0,2,20,0,8,8,3,0,0,3,0,0,0,0
510010908001006,"Block 1006, Block Group 1, Census Tract 908, Accomack County, Virginia",13,1,10,2,0,0,0,0,0,9,4,7,7,5,0,4,1,0,0,0,0
510010908001007,"Block 1007, Block Group 1, Census Tract 908, Accomack County, Virginia",10,0,4,6,0,0,0,0,0,10,0,8,8,6,1,2,3,0,0,0,0
510010908001008,"Block 1008, Block Group 1, Census Tract 908, Accomack County, Virginia",19,2,8,9,0,0,0,0,0,19,0,16,16,9,2,3,4,0,0,0,0
510010908001009,"Block 1009, Block Group 1, Census Tract 908, Accomack County, Virginia",75,14,46,12,0,0,0,0,3,59,16,28,26,26,4,12,10,0,0,0,0
510010908001010,"Block 1010, Block Group 1, Census Tract 908, Accomack County, Virginia",0,0,0,0,0,0,0,0,0,0,0,0,0,0,0,0,0,0,0,0,0
510010908001012,"Block 1012, Block Group 1, Census Tract 908, Accomack County, Virginia",11,6,5,0,0,0,0,0,0,10,1,1,1,3,1,2,0,39,3,20,16
510010908001013,"Block 1013, Block Group 1, Census Tract 908, Accomack County, Virginia",10,0,7,2,0,0,0,0,1,9,1,7,0,2,1,1,0,0,0,0,0
510010908001015,"Block 1015, Block Group 1, Census Tract 908, Accomack County, Virginia",12,7,4,1,0,0,0,0,0,3,9,3,0,1,0,0,1,0,0,0,0
510010908001016,"Block 1016, Block Group 1, Census Tract 908, Accomack County, Virginia",5,0,5,0,0,0,0,0,0,5,0,1,1,1,0,1,0,0,0,0,0
510010908001018,"Block 1018, Block Group 1, Census Tract 908, Accomack County, Virginia",31,0,18,12,0,0,0,0,1,31,0,16,16,12,0,7,5,0,0,0,0
510010908001019,"Block 1019, Block Group 1, Census Tract 908, Accomack County, Virginia",0,0,0,0,0,0,0,0,0,0,0,0,0,0,0,0,0,0,0,0,0
510010908001020,"Block 1020, Block Group 1, Census Tract 908, Accomack County, Virginia",31,0,28,2,0,0,0,0,1,26,5,12,12,20,4,6,10,0,0,0,0
510010908001022,"Block 1022, Block Group 1, Census Tract 908, Accomack County, Virginia",5,1,0,4,0,0,0,0,0,5,0,9,4,2,0,1,1,0,0,0,0
510010908001023,"Block 1023, Block Group 1, Census Tract 908, Accomack County, Virginia",0,0,0,0,0,0,0,0,0,0,0,0,0,0,0,0,0,0,0,0,0
510010908001026,"Block 1026, Block Group 1, Census Tract 908, Accomack County, Virginia",0,0,0,0,0,0,0,0,0,0,0,1,1,0,0,0,0,0,0,0,0
510010908001028,"Block 1028, Block Group 1, Census Tract 908, Accomack County, Virginia",0,0,0,0,0,0,0,0,0,0,0,0,0,0,0,0,0,0,0,0,0
510010908001029,"Block 1029, Block Group 1, Census Tract 908, Accomack County, Virginia",7,3,3,0,0,0,0,0,1,0,7,1,1,3,1,1,1,0,0,0,0
510010908001030,"Block 1030, Block Group 1, Census Tract 908, Accomack County, Virginia",0,0,0,0,0,0,0,0,0,0,0,0,0,0,0,0,0,0,0,0,0
510010908001032,"Block 1032, Block Group 1, Census Tract 908, Accomack County, Virginia",0,0,0,0,0,0,0,0,0,0,0,0,0,0,0,0,0,0,0,0,0
510010908001033,"Block 1033, Block Group 1, Census Tract 908, Accomack County, Virginia",0,0,0,0,0,0,0,0,0,0,0,0,0,0,0,0,0,0,0,0,0
510010908001035,"Block 1035, Block Group 1, Census Tract 908, Accomack County, Virginia",0,0,0,0,0,0,0,0,0,0,0,0,0,0,0,0,0,0,0,0,0
510010908001036,"Block 1036, Block Group 1, Census Tract 908, Accomack County, Virginia",0,0,0,0,0,0,0,0,0,0,0,0,0,0,0,0,0,0,0,0,0
510010908001038,"Block 1038, Block Group 1, Census Tract 908, Accomack County, Virginia",0,0,0,0,0,0,0,0,0,0,0,0,0,0,0,0,0,0,0,0,0
510010908001039,"Block 1039, Block Group 1, Census Tract 908, Accomack County, Virginia",0,0,0,0,0,0,0,0,0,0,0,0,0,0,0,0,0,0,0,0,0
510010908001041,"Block 1041, Block Group 1, Census Tract 908, Accomack County, Virginia",0,0,0,0,0,0,0,0,0,0,0,0,0,0,0,0,0,0,0,0,0
510010908001042,"Block 1042, Block Group 1, Census Tract 908, Accomack County, Virginia",0,0,0,0,0,0,0,0,0,0,0,0,0,0,0,0,0,0,0,0,0
510010908001043,"Block 1043, Block Group 1, Census Tract 908, Accomack County, Virginia",0,0,0,0,0,0,0,0,0,0,0,0,0,0,0,0,0,0,0,0,0
510010908001045,"Block 1045, Block Group 1, Census Tract 908, Accomack County, Virginia",0,0,0,0,0,0,0,0,0,0,0,0,0,0,0,0,0,0,0,0,0
510010908001046,"Block 1046, Block Group 1, Census Tract 908, Accomack County, Virginia",28,0,26,0,0,0,0,0,2,27,1,16,0,8,2,4,2,0,0,0,0
510010908001047,"Block 1047, Block Group 1, Census Tract 908, Accomack County, Virginia",2,2,0,0,0,0,0,0,0,0,2,5,0,0,0,0,0,1,0,1,0
510010908001048,"Block 1048, Block Group 1, Census Tract 908, Accomack County, Virginia",19,5,10,2,0,0,0,0,2,17,2,4,0,7,2,3,2,0,0,0,0
510010908001049,"Block 1049, Block Group 1, Census Tract 908, Accomack County, Virginia",0,0,0,0,0,0,0,0,0,0,0,4,0,0,0,0,0,0,0,0,0
510010902011050,"Block 1050, Block Group 1, Census Tract 902.01, Accomack County, Virginia",0,0,0,0,0,0,0,0,0,0,0,0,0,0,0,0,0,0,0,0,0
510010902011051,"Block 1051, Block Group 1, Census Tract 902.01, Accomack County, Virginia",12,1,10,0,0,0,0,0,1,12,0,6,3,5,1,2,2,19,0,16,3
510010902011052,"Block 1052, Block Group 1, Census Tract 902.01, Accomack County, Virginia",0,0,0,0,0,0,0,0,0,0,0,0,0,0,0,0,0,0,0,0,0
510010902011053,"Block 1053, Block Group 1, Census Tract 902.01, Accomack County, Virginia",65,4,37,24,0,0,0,0,0,54,11,34,34,24,5,8,11,0,0,0,0
510010902011054,"Block 1054, Block Group 1, Census Tract 902.01, Accomack County, Virginia",3,1,1,0,0,1,0,0,0,3,0,3,0,1,0,0,1,0,0,0,0
510010902011055,"Block 1055, Block Group 1, Census Tract 902.01, Accomack County, Virginia",30,0,7,22,0,0,0,0,1,25,5,19,8,13,3,2,8,2,0,0,2
510010902011056,"Block 1056, Block Group 1, Census Tract 902.01, Accomack County, Virginia",71,4,63,0,0,0,0,1,3,58,13,42,40,25,4,3,18,167,14,23,130
510010902011057,"Block 1057, Block Group 1, Census Tract 902.01, Accomack County, Virginia",1,0,1,0,0,0,0,0,0,0,1,4,4,0,0,0,0,97,0,7,90
510010902011058,"Block 1058, Block Group 1, Census Tract 902.01, Accomack County, Virginia",97,16,57,6,0,1,0,5,12,71,26,47,37,28,6,7,15,0,0,0,0
510010902011059,"Block 1059, Block Group 1, Census Tract 902.01, Accomack County, Virginia",6,0,4,0,2,0,0,0,0,4,2,2,2,4,2,1,1,4,0,4,0
510010902011061,"Block 1061, Block Group 1, Census Tract 902.01, Accomack County, Virginia",25,1,21,2,0,1,0,0,0,12,13,12,2,7,1,4,2,4,2,1,1
510010902011062,"Block 1062, Block Group 1, Census Tract 902.01, Accomack County, Virginia",14,0,14,0,0,0,0,0,0,10,4,5,5,5,0,1,4,3,0,1,2
510010902012000,"Block 2000, Block Group 2, Census Tract 902.01, Accomack County, Virginia",0,0,0,0,0,0,0,0,0,0,0,0,0,0,0,0,0,0,0,0,0
510010902012001,"Block 2001, Block Group 2, Census Tract 902.01, Accomack County, Virginia",103,0,99,4,0,0,0,0,0,89,14,79,48,28,1,13,14,0,0,0,0
510010902012003,"Block 2003, Block Group 2, Census Tract 902.01, Accomack County, Virginia",13,0,9,2,0,0,0,0,2,5,8,3,0,4,1,1,2,0,0,0,0
510010902012004,"Block 2004, Block Group 2, Census Tract 902.01, Accomack County, Virginia",164,6,151,2,0,3,0,0,2,159,5,193,95,52,10,11,31,2,0,0,2
510010902012005,"Block 2005, Block Group 2, Census Tract 902.01, Accomack County, Virginia",0,0,0,0,0,0,0,0,0,0,0,0,0,0,0,0,0,0,0,0,0
510010902012007,"Block 2007, Block Group 2, Census Tract 902.01, Accomack County, Virginia",0,0,0,0,0,0,0,0,0,0,0,0,0,0,0,0,0,0,0,0,0
510010902012008,"Block 2008, Block Group 2, Census Tract 902.01, Accomack County, Virginia",23,0,23,0,0,0,0,0,0,19,4,27,8,13,1,2,10,0,0,0,0
510010902012010,"Block 2010, Block Group 2, Census Tract 902.01, Accomack County, Virginia",45,2,36,1,2,0,0,0,4,39,6,31,29,12,2,3,7,0,0,0,0
510010902012011,"Block 2011, Block Group 2, Census Tract 902.01, Accomack County, Virginia",18,0,18,0,0,0,0,0,0,18,0,7,7,5,1,3,1,3,0,3,0
510010902012013,"Block 2013, Block Group 2, Census Tract 902.01, Accomack County, Virginia",158,2,153,2,0,0,0,0,1,140,18,576,81,49,5,14,30,2,0,0,2
510010902012014,"Block 2014, Block Group 2, Census Tract 902.01, Accomack County, Virginia",14,1,11,1,0,0,0,0,1,14,0,33,19,6,0,2,4,0,0,0,0
510010902012015,"Block 2015, Block Group 2, Census Tract 902.01, Accomack County, Virginia",30,0,28,1,1,0,0,0,0,29,1,49,14,12,1,5,6,1,0,1,0
510010902012017,"Block 2017, Block Group 2, Census Tract 902.01, Accomack County, Virginia",40,0,36,4,0,0,0,0,0,35,5,48,23,11,5,0,6,0,0,0,0
510010902012018,"Block 2018, Block Group 2, Census Tract 902.01, Accomack County, Virginia",11,0,9,2,0,0,0,0,0,4,7,2,1,4,0,1,3,0,0,0,0
510010902012020,"Block 2020, Block Group 2, Census Tract 902.01, Accomack County, Virginia",32,0,30,0,0,0,0,2,0,29,3,132,19,5,1,1,3,0,0,0,0
510010902012021,"Block 2021, Block Group 2, Census Tract 902.01, Accomack County, Virginia",1,0,0,1,0,0,0,0,0,1,0,23,0,0,0,0,0,0,0,0,0
510010902012023,"Block 2023, Block Group 2, Census Tract 902.01, Accomack County, Virginia",13,2,4,6,0,0,0,0,1,10,3,7,7,3,0,1,2,0,0,0,0
510010902012024,"Block 2024, Block Group 2, Census Tract 902.01, Accomack County, Virginia",5,0,1,4,0,0,0,0,0,5,0,5,5,1,1,0,0,0,0,0,0
510010902012025,"Block 2025, Block Group 2, Census Tract 902.01, Accomack County, Virginia",18,0,14,4,0,0,0,0,0,17,1,93,7,12,7,4,1,0,0,0,0
510010902012027,"Block 2027, Block Group 2, Census Tract 902.01, Accomack County, Virginia",16,0,16,0,0,0,0,0,0,15,1,31,6,7,2,2,3,0,0,0,0
510010902012028,"Block 2028, Block Group 2, Census Tract 902.01, Accomack County, Virginia",21,0,14,1,0,0,0,0,6,20,1,20,2,1,0,1,0,0,0,0,0
510010902012030,"Block 2030, Block Group 2, Census Tract 902.01, Accomack County, Virginia",6,0,5,0,0,0,0,0,1,5,1,42,11,1,0,0,1,0,0,0,0
510010902012031,"Block 2031, Block Group 2, Census Tract 902.01, Accomack County, Virginia",1,1,0,0,0,0,0,0,0,0,1,40,4,0,0,0,0,0,0,0,0
510010902012032,"Block 2032, Block Group 2, Census Tract 902.01, Accomack County, Virginia",33,0,30,0,0,0,0,3,0,33,0,100,9,10,1,2,7,0,0,0,0
510010902012033,"Block 2033, Block Group 2, Census Tract 902.01, Accomack County, Virginia",41,0,40,0,0,0,0,1,0,38,3,73,17,18,3,3,12,0,0,0,0
510010904012094,"Block 2094, Block Group 2, Census Tract 904.01, Accomack County, Virginia",0,0,0,0,0,0,0,0,0,0,0,1,0,0,0,0,0,0,0,0,0
510010904012095,"Block 2095, Block Group 2, Census Tract 904.01, Accomack County, Virginia",22,1,20,1,0,0,0,0,0,18,4,16,16,10,1,2,7,1,0,1,0
510010904012096,"Block 2096, Block Group 2, Census Tract 904.01, Accomack County, Virginia",11,0,3,8,0,0,0,0,0,11,0,6,2,3,0,0,3,0,0,0,0
510010904012097,"Block 2097, Block Group 2, Census Tract 904.01, Accomack County, Virginia",12,4,8,0,0,0,0,0,0,4,8,3,3,5,0,2,3,29,5,17,7
510010904021000,"Block 1000, Block Group 1, Census Tract 904.02, Accomack County, Virginia",0,0,0,0,0,0,0,0,0,0,0,0,0,0,0,0,0,0,0,0,0
510010904021002,"Block 1002, Block Group 1, Census Tract 904.02, Accomack County, Virginia",0,0,0,0,0,0,0,0,0,0,0,0,0,0,0,0,0,0,0,0,0
510010904021003,"Block 1003, Block Group 1, Census Tract 904.02, Accomack County, Virginia",0,0,0,0,0,0,0,0,0,0,0,0,0,0,0,0,0,0,0,0,0
510010904021005,"Block 1005, Block Group 1, Census Tract 904.02, Accomack County, Virginia",0,0,0,0,0,0,0,0,0,0,0,0,0,0,0,0,0,0,0,0,0
510010904021006,"Block 1006, Block Group 1, Census Tract 904.02, Accomack County, Virginia",0,0,0,0,0,0,0,0,0,0,0,0,0,0,0,0,0,0,0,0,0
510010904021008,"Block 1008, Block Group 1, Census Tract 904.02, Accomack County, Virginia",11,0,6,3,0,2,0,0,0,10,1,3,0,9,2,3,4,0,0,0,0
510010904021009,"Block 1009, Block Group 1, Census Tract 904.02, Accomack County, Virginia",0,0,0,0,0,0,0,0,0,0,0,0,0,0,0,0,0,0,0,0,0
510010904021010,"Block 1010, Block Group 1, Census Tract 904.02, Accomack County, Virginia",12,1,11,0,0,0,0,0,0,9,3,18,8,8,2,1,5,0,0,0,0
510010904021012,"Block 1012, Block Group 1, Census Tract 904.02, Accomack County, Virginia",0,0,0,0,0,0,0,0,0,0,0,0,0,0,0,0,0,0,0,0,0
510010904021013,"Block 1013, Block Group 1, Census Tract 904.02, Accomack County, Virginia",9,1,0,5,0,0,0,0,3,4,5,6,0,3,2,1,0,0,0,0,0
510010904021015,"Block 1015, Block Group 1, Census Tract 904.02, Accomack County, Virginia",0,0,0,0,0,0,0,0,0,0,0,0,0,0,0,0,0,0,0,0,0
510010904021016,"Block 1016, Block Group 1, Census Tract 904.02, Accomack County, Virginia",0,0,0,0,0,0,0,0,0,0,0,0,0,0,0,0,0,0,0,0,0
510010904021018,"Block 1018, Block Group 1, Census Tract 904.02, Accomack County, Virginia",0,0,0,0,0,0,0,0,0,0,0,0,0,0,0,0,0,0,0,0,0
510010904021019,"Block 1019, Block Group 1, Census Tract 904.02, Accomack County, Virginia",0,0,0,0,0,0,0,0,0,0,0,0,0,0,0,0,0,0,0,0,0
510010904021020,"Block 1020, Block Group 1, Census Tract 904.02, Accomack County, Virginia",0,0,0,0,0,0,0,0,0,0,0,0,0,0,0,0,0,0,0,0,0
510010904021022,"Block 1022, Block Group 1, Census Tract 904.02, Accomack County, Virginia",45,0,41,3,0,0,0,0,1,40,5,24,24,17,1,4,12,0,0,0,0
510010904021023,"Block 1023, Block Group 1, Census Tract 904.02, Accomack County, Virginia",13,2,11,0,0,0,0,0,0,12,1,7,0,5,0,4,1,4,2,1,1
510010904021025,"Block 1025, Block Group 1, Census Tract 904.02, Accomack County, Virginia",30,9,4,17,0,0,0,0,0,18,12,5,5,8,4,2,2,0,0,0,0
510010904021026,"Block 1026, Block Group 1, Census Tract 904.02, Accomack County, Virginia",0,0,0,0,0,0,0,0,0,0,0,0,0,0,0,0,0,0,0,0,0
510010904021028,"Block 1028, Block Group 1, Census Tract 904.02, Accomack County, Virginia",36,31,3,2,0,0,0,0,0,23,13,10,5,12,2,4,6,0,0,0,0
510010904021029,"Block 1029, Block Group 1, Census Tract 904.02, Accomack County, Virginia",0,0,0,0,0,0,0,0,0,0,0,0,0,0,0,0,0,0,0,0,0
510010904021030,"Block 1030, Block Group 1, Census Tract 904.02, Accomack County, Virginia",0,0,0,0,0,0,0,0,0,0,0,0,0,0,0,0,0,0,0,0,0
510010904021032,"Block 1032, Block Group 1, Census Tract 904.02, Accomack County, Virginia",58,48,10,0,0,0,0,0,0,34,24,13,13,13,2,4,7,0,0,0,0
510010904021033,"Block 1033, Block Group 1, Census Tract 904.02, Accomack County, Virginia",0,0,0,0,0,0,0,0,0,0,0,0,0,0,0,0,0,0,0,0,0
510010904021035,"Block 1035, Block Group 1, Census Tract 904.02, Accomack County, Virginia",20,17,0,1,0,0,0,0,2,12,8,7,7,3,1,1,1,0,0,0,0
510010904021036,"Block 1036, Block Group 1, Census Tract 904.02, Accomack County, Virginia",9,1,7,0,0,0,0,0,1,7,2,2,1,2,0,0,2,0,0,0,0
510010904021037,"Block 1037, Block Group 1, Census Tract 904.02, Accomack County, Virginia",18,0,4,14,0,0,0,0,0,13,5,5,5,8,1,3,4,0,0,0,0
510010904021038,"Block 1038, Block Group 1, Census Tract 904.02, Accomack County, Virginia",5,0,3,1,0,0,0,0,1,3,2,2,2,3,0,2,1,4,0,2,2
510010904021039,"Block 1039, Block Group 1, Census Tract 904.02, Accomack County, Virginia",6,6,0,0,0,0,0,0,0,0,6,3,3,2,0,1,1,0,0,0,0
510010904021040,"Block 1040, Block Group 1, Census Tract 904.02, Accomack County, Virginia",0,0,0,0,0,0,0,0,0,0,0,0,0,0,0,0,0,0,0,0,0
510010904021041,"Block 1041, Block Group 1, Census Tract 904.02, Accomack County, Virginia",8,4,0,3,0,0,0,0,1,5,3,6,6,1,1,0,0,33,10,18,5
510010904021042,"Block 1042, Block Group 1, Census Tract 904.02, Accomack County, Virginia",0,0,0,0,0,0,0,0,0,0,0,0,0,0,0,0,0,0,0,0,0
510010904021043,"Block 1043, Block Group 1, Census Tract 904.02, Accomack County, Virginia",11,0,7,4,0,0,0,0,0,10,1,13,13,7,1,2,4,0,0,0,0
510010904022017,"Block 2017, Block Group 2, Census Tract 904.02, Accomack County, Virginia",0,0,0,0,0,0,0,0,0,0,0,0,0,0,0,0,0,0,0,0,0
510010904022020,"Block 2020, Block Group 2, Census Tract 904.02, Accomack County, Virginia",46,4,31,11,0,0,0,0,0,38,8,22,22,21,8,4,9,50,8,21,21
510010904022021,"Block 2021, Block Group 2, Census Tract 904.02, Accomack County, Virginia",157,29,57,68,0,2,0,0,1,149,8,24,12,57,11,19,27,101,9,35,57
510010904022022,"Block 2022, Block Group 2, Census Tract 904.02, Accomack County, Virginia",9,2,5,0,0,2,0,0,0,9,0,12,8,4,0,1,3,25,3,12,10
510010908001051,"Block 1051, Block Group 1, Census Tract 908, Accomack County, Virginia",10,1,8,0,0,0,0,0,1,8,2,8,8,2,0,0,2,0,0,0,0
510010908001052,"Block 1052, Block Group 1, Census Tract 908, Accomack County, Virginia",36,2,25,9,0,0,0,0,0,31,5,20,13,16,2,4,10,0,0,0,0
510010908001053,"Block 1053, Block Group 1, Census Tract 908, Accomack County, Virginia",7,0,7,0,0,0,0,0,0,7,0,2,0,5,1,1,3,0,0,0,0
510010908001054,"Block 1054, Block Group 1, Census Tract 908, Accomack County, Virginia",4,2,2,0,0,0,0,0,0,4,0,6,4,1,1,0,0,0,0,0,0
510010908001055,"Block 1055, Block Group 1, Census Tract 908, Accomack County, Virginia",2,0,2,0,0,0,0,0,0,1,1,13,9,0,0,0,0,0,0,0,0
510010908001056,"Block 1056, Block Group 1, Census Tract 908, Accomack County, Virginia",8,0,8,0,0,0,0,0,0,8,0,8,6,4,0,3,1,0,0,0,0
510010908001057,"Block 1057, Block Group 1, Census Tract 908, Accomack County, Virginia",8,1,5,2,0,0,0,0,0,8,0,8,2,0,0,0,0,0,0,0,0
510010908001058,"Block 1058, Block Group 1, Census Tract 908, Accomack County, Virginia",1,0,1,0,0,0,0,0,0,1,0,7,7,1,0,0,1,0,0,0,0
510010908001059,"Block 1059, Block Group 1, Census Tract 908, Accomack County, Virginia",18,1,17,0,0,0,0,0,0,18,0,8,8,4,0,2,2,0,0,0,0
510010908001060,"Block 1060, Block Group 1, Census Tract 908, Accomack County, Virginia",11,0,6,5,0,0,0,0,0,10,1,5,5,7,0,2,5,0,0,0,0
510010908001061,"Block 1061, Block Group 1, Census Tract 908, Accomack County, Virginia",10,2,0,6,1,0,0,0,1,10,0,2,1,11,1,4,6,0,0,0,0
510010908001063,"Block 1063, Block Group 1, Census Tract 908, Accomack County, Virginia",19,3,2,14,0,0,0,0,0,16,3,9,9,9,3,2,4,0,0,0,0
510010908001064,"Block 1064, Block Group 1, Census Tract 908, Accomack County, Virginia",10,1,4,3,0,0,0,1,1,8,2,1,1,8,2,1,5,0,0,0,0
510010908001066,"Block 1066, Block Group 1, Census Tract 908, Accomack County, Virginia",13,0,13,0,0,0,0,0,0,11,2,7,0,6,1,1,4,1,0,1,0
510010908001067,"Block 1067, Block Group 1, Census Tract 908, Accomack County, Virginia",4,2,2,0,0,0,0,0,0,4,0,4,0,0,0,0,0,0,0,0,0
510010908001069,"Block 1069, Block Group 1, Census Tract 908, Accomack County, Virginia",5,0,5,0,0,0,0,0,0,5,0,3,0,4,1,2,1,0,0,0,0
510010908001070,"Block 1070, Block Group 1, Census Tract 908, Accomack County, Virginia",19,0,17,2,0,0,0,0,0,14,5,17,16,11,0,1,10,0,0,0,0
510010908001071,"Block 1071, Block Group 1, Census Tract 908, Accomack County, Virginia",9,0,9,0,0,0,0,0,0,7,2,11,11,3,0,1,2,0,0,0,0
510010908001073,"Block 1073, Block Group 1, Census Tract 908, Accomack County, Virginia",8,0,8,0,0,0,0,0,0,8,0,10,2,5,2,1,2,0,0,0,0
510010908001074,"Block 1074, Block Group 1, Census Tract 908, Accomack County, Virginia",18,0,18,0,0,0,0,0,0,18,0,10,10,8,0,2,6,0,0,0,0
510010908001077,"Block 1077, Block Group 1, Census Tract 908, Accomack County, Virginia",0,0,0,0,0,0,0,0,0,0,0,0,0,0,0,0,0,0,0,0,0
510010908001079,"Block 1079, Block Group 1, Census Tract 908, Accomack County, Virginia",0,0,0,0,0,0,0,0,0,0,0,0,0,0,0,0,0,0,0,0,0
510010908001080,"Block 1080, Block Group 1, Census Tract 908, Accomack County, Virginia",4,1,3,0,0,0,0,0,0,1,3,3,3,2,1,0,1,0,0,0,0
510010908001081,"Block 1081, Block Group 1, Census Tract 908, Accomack County, Virginia",45,2,8,34,0,0,0,0,1,31,14,22,10,22,6,7,9,0,0,0,0
510010908001083,"Block 1083, Block Group 1, Census Tract 908, Accomack County, Virginia",6,2,1,1,0,0,0,0,2,5,1,3,3,3,0,1,2,0,0,0,0
510010908001084,"Block 1084, Block Group 1, Census Tract 908, Accomack County, Virginia",37,4,1,32,0,0,0,0,0,32,5,16,16,21,7,7,7,0,0,0,0
510010908001086,"Block 1086, Block Group 1, Census Tract 908, Accomack County, Virginia",4,3,1,0,0,0,0,0,0,3,1,1,1,1,0,0,1,0,0,0,0
510010908001087,"Block 1087, Block Group 1, Census Tract 908, Accomack County, Virginia",0,0,0,0,0,0,0,0,0,0,0,0,0,0,0,0,0,0,0,0,0
510010908002001,"Block 2001, Block Group 2, Census Tract 908, Accomack County, Virginia",0,0,0,0,0,0,0,0,0,0,0,0,0,0,0,0,0,0,0,0,0
510010908002002,"Block 2002, Block Group 2, Census Tract 908, Accomack County, Virginia",0,0,0,0,0,0,0,0,0,0,0,0,0,0,0,0,0,0,0,0,0
510010908002004,"Block 2004, Block Group 2, Census Tract 908, Accomack County, Virginia",0,0,0,0,0,0,0,0,0,0,0,0,0,0,0,0,0,0,0,0,0
510010908002005,"Block 2005, Block Group 2, Census Tract 908, Accomack County, Virginia",0,0,0,0,0,0,0,0,0,0,0,0,0,0,0,0,0,0,0,0,0
510010908002006,"Block 2006, Block Group 2, Census Tract 908, Accomack County, Virginia",0,0,0,0,0,0,0,0,0,0,0,0,0,0,0,0,0,0,0,0,0
510010908002008,"Block 2008, Block Group 2, Census Tract 908, Accomack County, Virginia",0,0,0,0,0,0,0,0,0,0,0,0,0,0,0,0,0,0,0,0,0
510010908002009,"Block 2009, Block Group 2, Census Tract 908, Accomack County, Virginia",0,0,0,0,0,0,0,0,0,0,0,0,0,0,0,0,0,0,0,0,0
510010908002010,"Block 2010, Block Group 2, Census Tract 908, Accomack County, Virginia",0,0,0,0,0,0,0,0,0,0,0,0,0,0,0,0,0,0,0,0,0
510010908001050,"Block 1050, Block Group 1, Census Tract 908, Accomack County, Virginia",0,0,0,0,0,0,0,0,0,0,0,0,0,0,0,0,0,0,0,0,0
510010902012034,"Block 2034, Block Group 2, Census Tract 902.01, Accomack County, Virginia",22,0,22,0,0,0,0,0,0,22,0,28,11,9,3,0,6,0,0,0,0
510010902012035,"Block 2035, Block Group 2, Census Tract 902.01, Accomack County, Virginia",28,0,28,0,0,0,0,0,0,28,0,87,20,6,1,1,4,0,0,0,0
510010902012036,"Block 2036, Block Group 2, Census Tract 902.01, Accomack County, Virginia",19,0,19,0,0,0,0,0,0,18,1,68,19,6,1,2,3,0,0,0,0
510010902012037,"Block 2037, Block Group 2, Census Tract 902.01, Accomack County, Virginia",0,0,0,0,0,0,0,0,0,0,0,18,0,0,0,0,0,0,0,0,0
510010902012038,"Block 2038, Block Group 2, Census Tract 902.01, Accomack County, Virginia",0,0,0,0,0,0,0,0,0,0,0,0,0,0,0,0,0,0,0,0,0
510010902012039,"Block 2039, Block Group 2, Census Tract 902.01, Accomack County, Virginia",4,0,3,1,0,0,0,0,0,2,2,4,0,1,0,1,0,0,0,0,0
510010902012040,"Block 2040, Block Group 2, Census Tract 902.01, Accomack County, Virginia",0,0,0,0,0,0,0,0,0,0,0,0,0,0,0,0,0,0,0,0,0
510010902012041,"Block 2041, Block Group 2, Census Tract 902.01, Accomack County, Virginia",0,0,0,0,0,0,0,0,0,0,0,0,0,0,0,0,0,0,0,0,0
510010902012042,"Block 2042, Block Group 2, Census Tract 902.01, Accomack County, Virginia",0,0,0,0,0,0,0,0,0,0,0,0,0,0,0,0,0,0,0,0,0
510010902012043,"Block 2043, Block Group 2, Census Tract 902.01, Accomack County, Virginia",66,2,57,4,0,1,0,0,2,59,7,38,32,19,4,3,12,0,0,0,0
510010902012044,"Block 2044, Block Group 2, Census Tract 902.01, Accomack County, Virginia",0,0,0,0,0,0,0,0,0,0,0,0,0,0,0,0,0,0,0,0,0
510010902012046,"Block 2046, Block Group 2, Census Tract 902.01, Accomack County, Virginia",0,0,0,0,0,0,0,0,0,0,0,0,0,0,0,0,0,0,0,0,0
510010902012047,"Block 2047, Block Group 2, Census Tract 902.01, Accomack County, Virginia",46,4,33,3,0,4,0,0,2,37,9,22,22,16,4,3,9,3,0,2,1
510010902012048,"Block 2048, Block Group 2, Census Tract 902.01, Accomack County, Virginia",22,2,19,0,0,0,0,1,0,17,5,18,18,8,1,2,5,0,0,0,0
510010902012050,"Block 2050, Block Group 2, Census Tract 902.01, Accomack County, Virginia",0,0,0,0,0,0,0,0,0,0,0,0,0,0,0,0,0,0,0,0,0
510010902012051,"Block 2051, Block Group 2, Census Tract 902.01, Accomack County, Virginia",34,0,34,0,0,0,0,0,0,29,5,21,6,18,3,8,7,2,0,2,0
510010902012053,"Block 2053, Block Group 2, Census Tract 902.01, Accomack County, Virginia",49,8,36,1,0,0,0,0,4,41,8,26,18,18,2,5,11,7,1,0,6
510010902012054,"Block 2054, Block Group 2, Census Tract 902.01, Accomack County, Virginia",49,1,44,0,0,0,0,0,4,48,1,35,24,14,0,5,9,0,0,0,0
510010902012056,"Block 2056, Block Group 2, Census Tract 902.01, Accomack County, Virginia",38,0,38,0,0,0,0,0,0,36,2,27,9,17,3,1,13,0,0,0,0
510010902012070,"Block 2070, Block Group 2, Census Tract 902.01, Accomack County, Virginia",25,0,23,2,0,0,0,0,0,16,9,13,13,6,1,2,3,0,0,0,0
510010902012071,"Block 2071, Block Group 2, Census Tract 902.01, Accomack County, Virginia",6,1,4,0,1,0,0,0,0,3,3,5,0,2,0,1,1,0,0,0,0
510010902012072,"Block 2072, Block Group 2, Census Tract 902.01, Accomack County, Virginia",28,0,27,1,0,0,0,0,0,22,6,13,13,8,1,0,7,0,0,0,0
510010902012073,"Block 2073, Block Group 2, Census Tract 902.01, Accomack County, Virginia",6,2,4,0,0,0,0,0,0,0,6,2,0,1,1,0,0,0,0,0,0
510010902012074,"Block 2074, Block Group 2, Census Tract 902.01, Accomack County, Virginia",123,0,120,0,0,3,0,0,0,111,12,95,65,59,7,14,38,45,10,12,23
510010904021044,"Block 1044, Block Group 1, Census Tract 904.02, Accomack County, Virginia",213,43,26,140,0,0,0,0,4,172,41,100,95,80,9,38,33,12,0,11,1
510010904021045,"Block 1045, Block Group 1, Census Tract 904.02, Accomack County, Virginia",6,0,0,5,0,0,0,0,1,0,6,2,1,0,0,0,0,0,0,0,0
510010904021046,"Block 1046, Block Group 1, Census Tract 904.02, Accomack County, Virginia",0,0,0,0,0,0,0,0,0,0,0,0,0,0,0,0,0,0,0,0,0
510010904021047,"Block 1047, Block Group 1, Census Tract 904.02, Accomack County, Virginia",128,106,8,12,1,0,0,0,1,75,53,44,39,25,3,13,9,0,0,0,0
510010904021048,"Block 1048, Block Group 1, Census Tract 904.02, Accomack County, Virginia",0,0,0,0,0,0,0,0,0,0,0,0,0,0,0,0,0,0,0,0,0
510010904021049,"Block 1049, Block Group 1, Census Tract 904.02, Accomack County, Virginia",22,10,1,11,0,0,0,0,0,15,7,7,5,5,0,2,3,0,0,0,0
510010904021050,"Block 1050, Block Group 1, Census Tract 904.02, Accomack County, Virginia",27,10,1,15,0,0,0,0,1,22,5,11,10,6,0,4,2,0,0,0,0
510010904021052,"Block 1052, Block Group 1, Census Tract 904.02, Accomack County, Virginia",0,0,0,0,0,0,0,0,0,0,0,0,0,0,0,0,0,0,0,0,0
510010904021053,"Block 1053, Block Group 1, Census Tract 904.02, Accomack County, Virginia",60,41,3,15,0,1,0,0,0,41,19,31,29,19,1,10,8,0,0,0,0
510010904021055,"Block 1055, Block Group 1, Census Tract 904.02, Accomack County, Virginia",76,2,0,74,0,0,0,0,0,55,21,44,30,35,7,15,13,1,1,0,0
510010904021056,"Block 1056, Block Group 1, Census Tract 904.02, Accomack County, Virginia",6,0,5,1,0,0,0,0,0,6,0,5,5,3,1,1,1,0,0,0,0
510010904021058,"Block 1058, Block Group 1, Census Tract 904.02, Accomack County, Virginia",60,42,15,0,1,0,0,0,2,41,19,25,21,14,2,6,6,0,0,0,0
510010904021059,"Block 1059, Block Group 1, Census Tract 904.02, Accomack County, Virginia",0,0,0,0,0,0,0,0,0,0,0,0,0,0,0,0,0,0,0,0,0
510010904021060,"Block 1060, Block Group 1, Census Tract 904.02, Accomack County, Virginia",62,6,8,46,0,0,0,0,2,48,14,35,23,24,3,12,9,0,0,0,0
510010904021062,"Block 1062, Block Group 1, Census Tract 904.02, Accomack County, Virginia",13,0,9,2,0,0,0,0,2,13,0,4,0,8,0,5,3,0,0,0,0
510010904021063,"Block 1063, Block Group 1, Census Tract 904.02, Accomack County, Virginia",12,5,7,0,0,0,0,0,0,8,4,6,6,4,0,0,4,0,0,0,0
510010904021065,"Block 1065, Block Group 1, Census Tract 904.02, Accomack County, Virginia",23,0,17,6,0,0,0,0,0,21,2,14,14,8,3,2,3,2,2,0,0
510010904021066,"Block 1066, Block Group 1, Census Tract 904.02, Accomack County, Virginia",0,0,0,0,0,0,0,0,0,0,0,0,0,0,0,0,0,0,0,0,0
510010904021068,"Block 1068, Block Group 1, Census Tract 904.02, Accomack County, Virginia",12,0,12,0,0,0,0,0,0,12,0,10,10,4,0,2,2,0,0,0,0
510010904021069,"Block 1069, Block Group 1, Census Tract 904.02, Accomack County, Virginia",2,0,0,0,0,0,0,0,2,2,0,1,1,1,1,0,0,0,0,0,0
510010904021070,"Block 1070, Block Group 1, Census Tract 904.02, Accomack County, Virginia",0,0,0,0,0,0,0,0,0,0,0,0,0,0,0,0,0,0,0,0,0
510010904021072,"Block 1072, Block Group 1, Census Tract 904.02, Accomack County, Virginia",0,0,0,0,0,0,0,0,0,0,0,0,0,0,0,0,0,0,0,0,0
510010904021073,"Block 1073, Block Group 1, Census Tract 904.02, Accomack County, Virginia",0,0,0,0,0,0,0,0,0,0,0,0,0,0,0,0,0,0,0,0,0
510010904021075,"Block 1075, Block Group 1, Census Tract 904.02, Accomack County, Virginia",0,0,0,0,0,0,0,0,0,0,0,0,0,0,0,0,0,0,0,0,0
510010904022000,"Block 2000, Block Group 2, Census Tract 904.02, Accomack County, Virginia",0,0,0,0,0,0,0,0,0,0,0,0,0,0,0,0,0,0,0,0,0
510010904022002,"Block 2002, Block Group 2, Census Tract 904.02, Accomack County, Virginia",17,2,12,2,0,0,0,0,1,11,6,10,10,5,0,2,3,33,3,26,4
510010904022003,"Block 2003, Block Group 2, Census Tract 904.02, Accomack County, Virginia",0,0,0,0,0,0,0,0,0,0,0,0,0,0,0,0,0,5,1,4,0
510010904022004,"Block 2004, Block Group 2, Census Tract 904.02, Accomack County, Virginia",35,22,5,5,0,0,0,0,3,29,6,14,14,7,0,4,3,20,4,9,7
510010908002011,"Block 2011, Block Group 2, Census Tract 908, Accomack County, Virginia",0,0,0,0,0,0,0,0,0,0,0,0,0,0,0,0,0,0,0,0,0
510010908002012,"Block 2012, Block Group 2, Census Tract 908, Accomack County, Virginia",0,0,0,0,0,0,0,0,0,0,0,0,0,0,0,0,0,0,0,0,0
510010908002013,"Block 2013, Block Group 2, Census Tract 908, Accomack County, Virginia",29,0,25,4,0,0,0,0,0,23,6,18,12,17,5,4,8,9,0,5,4
510010908002014,"Block 2014, Block Group 2, Census Tract 908, Accomack County, Virginia",0,0,0,0,0,0,0,0,0,0,0,0,0,0,0,0,0,0,0,0,0
510010908002015,"Block 2015, Block Group 2, Census Tract 908, Accomack County, Virginia",0,0,0,0,0,0,0,0,0,0,0,0,0,0,0,0,0,0,0,0,0
510010908002016,"Block 2016, Block Group 2, Census Tract 908, Accomack County, Virginia",0,0,0,0,0,0,0,0,0,0,0,0,0,0,0,0,0,0,0,0,0
510010908002017,"Block 2017, Block Group 2, Census Tract 908, Accomack County, Virginia",0,0,0,0,0,0,0,0,0,0,0,0,0,0,0,0,0,0,0,0,0
510010908002018,"Block 2018, Block Group 2, Census Tract 908, Accomack County, Virginia",0,0,0,0,0,0,0,0,0,0,0,0,0,0,0,0,0,0,0,0,0
510010908002019,"Block 2019, Block Group 2, Census Tract 908, Accomack County, Virginia",0,0,0,0,0,0,0,0,0,0,0,0,0,0,0,0,0,0,0,0,0
510010908002020,"Block 2020, Block Group 2, Census Tract 908, Accomack County, Virginia",0,0,0,0,0,0,0,0,0,0,0,0,0,0,0,0,0,0,0,0,0
510010908002021,"Block 2021, Block Group 2, Census Tract 908, Accomack County, Virginia",0,0,0,0,0,0,0,0,0,0,0,0,0,0,0,0,0,0,0,0,0
510010908002022,"Block 2022, Block Group 2, Census Tract 908, Accomack County, Virginia",0,0,0,0,0,0,0,0,0,0,0,0,0,0,0,0,0,0,0,0,0
510010908002024,"Block 2024, Block Group 2, Census Tract 908, Accomack County, Virginia",0,0,0,0,0,0,0,0,0,0,0,0,0,0,0,0,0,0,0,0,0
510010908002025,"Block 2025, Block Group 2, Census Tract 908, Accomack County, Virginia",0,0,0,0,0,0,0,0,0,0,0,0,0,0,0,0,0,0,0,0,0
510010908002027,"Block 2027, Block Group 2, Census Tract 908, Accomack County, Virginia",0,0,0,0,0,0,0,0,0,0,0,0,0,0,0,0,0,0,0,0,0
510010908002028,"Block 2028, Block Group 2, Census Tract 908, Accomack County, Virginia",0,0,0,0,0,0,0,0,0,0,0,0,0,0,0,0,0,0,0,0,0
510010908002029,"Block 2029, Block Group 2, Census Tract 908, Accomack County, Virginia",89,4,81,0,0,1,0,0,3,75,14,64,41,40,9,12,19,0,0,0,0
510010908002031,"Block 2031, Block Group 2, Census Tract 908, Accomack County, Virginia",0,0,0,0,0,0,0,0,0,0,0,0,0,0,0,0,0,0,0,0,0
510010902012075,"Block 2075, Block Group 2, Census Tract 902.01, Accomack County, Virginia",18,0,18,0,0,0,0,0,0,16,2,17,14,2,0,0,2,0,0,0,0
510010902012076,"Block 2076, Block Group 2, Census Tract 902.01, Accomack County, Virginia",0,0,0,0,0,0,0,0,0,0,0,0,0,0,0,0,0,0,0,0,0
510010902012077,"Block 2077, Block Group 2, Census Tract 902.01, Accomack County, Virginia",22,4,16,0,0,0,0,0,2,20,2,13,10,7,1,3,3,0,0,0,0
510010902012078,"Block 2078, Block Group 2, Census Tract 902.01, Accomack County, Virginia",4,1,0,3,0,0,0,0,0,4,0,4,0,1,0,0,1,0,0,0,0
510010902012079,"Block 2079, Block Group 2, Census Tract 902.01, Accomack County, Virginia",0,0,0,0,0,0,0,0,0,0,0,0,0,0,0,0,0,0,0,0,0
510010902012080,"Block 2080, Block Group 2, Census Tract 902.01, Accomack County, Virginia",0,0,0,0,0,0,0,0,0,0,0,0,0,0,0,0,0,0,0,0,0
510010902012081,"Block 2081, Block Group 2, Census Tract 902.01, Accomack County, Virginia",0,0,0,0,0,0,0,0,0,0,0,0,0,0,0,0,0,0,0,0,0
510010902012083,"Block 2083, Block Group 2, Census Tract 902.01, Accomack County, Virginia",0,0,0,0,0,0,0,0,0,0,0,0,0,0,0,0,0,0,0,0,0
510010902012084,"Block 2084, Block Group 2, Census Tract 902.01, Accomack County, Virginia",29,0,26,3,0,0,0,0,0,18,11,14,0,12,0,4,8,0,0,0,0
510010902012086,"Block 2086, Block Group 2, Census Tract 902.01, Accomack County, Virginia",0,0,0,0,0,0,0,0,0,0,0,0,0,0,0,0,0,0,0,0,0
510010902012087,"Block 2087, Block Group 2, Census Tract 902.01, Accomack County, Virginia",28,1,24,2,0,0,0,0,1,23,5,10,10,5,1,0,4,0,0,0,0
510010902012089,"Block 2089, Block Group 2, Census Tract 902.01, Accomack County, Virginia",5,0,5,0,0,0,0,0,0,4,1,54,9,1,0,0,1,0,0,0,0
510010902012090,"Block 2090, Block Group 2, Census Tract 902.01, Accomack County, Virginia",6,0,6,0,0,0,0,0,0,5,1,36,2,0,0,0,0,0,0,0,0
510010902012091,"Block 2091, Block Group 2, Census Tract 902.01, Accomack County, Virginia",42,0,42,0,0,0,0,0,0,42,0,104,26,21,4,7,10,0,0,0,0
510010902012093,"Block 2093, Block Group 2, Census Tract 902.01, Accomack County, Virginia",9,0,9,0,0,0,0,0,0,9,0,30,1,2,0,1,1,0,0,0,0
510010902012094,"Block 2094, Block Group 2, Census Tract 902.01, Accomack County, Virginia",10,2,8,0,0,0,0,0,0,10,0,6,6,5,2,1,2,0,0,0,0
510010902012096,"Block 2096, Block Group 2, Census Tract 902.01, Accomack County, Virginia",6,0,4,1,0,1,0,0,0,6,0,4,1,1,0,1,0,0,0,0,0
510010902012097,"Block 2097, Block Group 2, Census Tract 902.01, Accomack County, Virginia",4,0,4,0,0,0,0,0,0,1,3,30,8,3,0,0,3,0,0,0,0
510010902021001,"Block 1001, Block Group 1, Census Tract 902.02, Accomack County, Virginia",4,0,4,0,0,0,0,0,0,4,0,3,3,2,0,1,1,0,0,0,0
510010902021002,"Block 1002, Block Group 1, Census Tract 902.02, Accomack County, Virginia",0,0,0,0,0,0,0,0,0,0,0,0,0,0,0,0,0,0,0,0,0
510010902021003,"Block 1003, Block Group 1, Census Tract 902.02, Accomack County, Virginia",4,0,4,0,0,0,0,0,0,0,4,1,0,1,0,0,1,0,0,0,0
510010902021005,"Block 1005, Block Group 1, Census Tract 902.02, Accomack County, Virginia",0,0,0,0,0,0,0,0,0,0,0,0,0,0,0,0,0,0,0,0,0
510010902021006,"Block 1006, Block Group 1, Census Tract 902.02, Accomack County, Virginia",0,0,0,0,0,0,0,0,0,0,0,0,0,0,0,0,0,0,0,0,0
510010902021008,"Block 1008, Block Group 1, Census Tract 902.02, Accomack County, Virginia",0,0,0,0,0,0,0,0,0,0,0,0,0,0,0,0,0,32,7,20,5
510010902021009,"Block 1009, Block Group 1, Census Tract 902.02, Accomack County, Virginia",0,0,0,0,0,0,0,0,0,0,0,0,0,0,0,0,0,0,0,0,0
510010902021011,"Block 1011, Block Group 1, Census Tract 902.02, Accomack County, Virginia",0,0,0,0,0,0,0,0,0,0,0,0,0,0,0,0,0,0,0,0,0
510010902021012,"Block 1012, Block Group 1, Census Tract 902.02, Accomack County, Virginia",0,0,0,0,0,0,0,0,0,0,0,0,0,0,0,0,0,0,0,0,0
510010902021013,"Block 1013, Block Group 1, Census Tract 902.02, Accomack County, Virginia",2,2,0,0,0,0,0,0,0,2,0,1,1,3,1,1,1,0,0,0,0
510010902021015,"Block 1015, Block Group 1, Census Tract 902.02, Accomack County, Virginia",0,0,0,0,0,0,0,0,0,0,0,0,0,0,0,0,0,0,0,0,0
510010902021016,"Block 1016, Block Group 1, Census Tract 902.02, Accomack County, Virginia",44,0,38,0,0,0,0,0,6,35,9,20,20,14,2,4,8,12,1,4,7
510010902021018,"Block 1018, Block Group 1, Census Tract 902.02, Accomack County, Virginia",10,0,0,5,1,4,0,0,0,10,0,8,7,4,0,3,1,0,0,0,0
510010902021019,"Block 1019, Block Group 1, Census Tract 902.02, Accomack County, Virginia",16,0,14,0,0,0,0,0,2,13,3,4,4,8,1,4,3,0,0,0,0
510010902021020,"Block 1020, Block Group 1, Census Tract 902.02, Accomack County, Virginia",52,0,42,7,0,2,0,0,1,42,10,22,22,20,5,7,8,2,0,0,2
510010902021021,"Block 1021, Block Group 1, Census Tract 902.02, Accomack County, Virginia",0,0,0,0,0,0,0,0,0,0,0,0,0,0,0,0,0,0,0,0,0
510010902021022,"Block 1022, Block Group 1, Census Tract 902.02, Accomack County, Virginia",10,2,1,2,0,4,0,0,1,7,3,5,5,4,0,3,1,0,0,0,0
510010902021023,"Block 1023, Block Group 1, Census Tract 902.02, Accomack County, Virginia",0,0,0,0,0,0,0,0,0,0,0,0,0,0,0,0,0,0,0,0,0
510010902021024,"Block 1024, Block Group 1, Census Tract 902.02, Accomack County, Virginia",0,0,0,0,0,0,0,0,0,0,0,0,0,0,0,0,0,5,0,0,5
510010902022045,"Block 2045, Block Group 2, Census Tract 902.02, Accomack County, Virginia",31,0,27,2,0,0,0,2,0,26,5,19,15,9,1,0,8,1,0,1,0
510010902022046,"Block 2046, Block Group 2, Census Tract 902.02, Accomack County, Virginia",15,0,15,0,0,0,0,0,0,14,1,11,11,6,2,3,1,0,0,0,0
510010902022048,"Block 2048, Block Group 2, Census Tract 902.02, Accomack County, Virginia",31,21,5,0,0,0,0,1,4,20,11,7,7,7,1,3,3,0,0,0,0
510010902022049,"Block 2049, Block Group 2, Census Tract 902.02, Accomack County, Virginia",0,0,0,0,0,0,0,0,0,0,0,0,0,0,0,0,0,0,0,0,0
510010902022050,"Block 2050, Block Group 2, Census Tract 902.02, Accomack County, Virginia",0,0,0,0,0,0,0,0,0,0,0,0,0,0,0,0,0,0,0,0,0
510010902022051,"Block 2051, Block Group 2, Census Tract 902.02, Accomack County, Virginia",0,0,0,0,0,0,0,0,0,0,0,0,0,0,0,0,0,0,0,0,0
510010902022052,"Block 2052, Block Group 2, Census Tract 902.02, Accomack County, Virginia",0,0,0,0,0,0,0,0,0,0,0,0,0,0,0,0,0,0,0,0,0
510010902022053,"Block 2053, Block Group 2, Census Tract 902.02, Accomack County, Virginia",9,2,6,1,0,0,0,0,0,8,1,5,5,5,1,2,2,0,0,0,0
510010902023000,"Block 3000, Block Group 3, Census Tract 902.02, Accomack County, Virginia",79,10,38,31,0,0,0,0,0,66,13,43,43,37,9,12,16,2,2,0,0
510010902023001,"Block 3001, Block Group 3, Census Tract 902.02, Accomack County, Virginia",0,0,0,0,0,0,0,0,0,0,0,0,0,0,0,0,0,0,0,0,0
510010902023002,"Block 3002, Block Group 3, Census Tract 902.02, Accomack County, Virginia",48,0,28,20,0,0,0,0,0,37,11,20,20,18,4,4,10,0,0,0,0
510010902023003,"Block 3003, Block Group 3, Census Tract 902.02, Accomack County, Virginia",21,0,9,10,0,0,0,0,2,18,3,14,14,8,2,3,3,0,0,0,0
510010904022023,"Block 2023, Block Group 2, Census Tract 904.02, Accomack County, Virginia",16,0,13,3,0,0,0,0,0,13,3,11,11,5,3,0,2,1,1,0,0
510010904022024,"Block 2024, Block Group 2, Census Tract 904.02, Accomack County, Virginia",43,7,25,11,0,0,0,0,0,27,16,25,25,14,2,7,5,0,0,0,0
510010904022025,"Block 2025, Block Group 2, Census Tract 904.02, Accomack County, Virginia",24,3,20,0,0,0,0,0,1,22,2,18,14,8,0,4,4,0,0,0,0
510010904022026,"Block 2026, Block Group 2, Census Tract 904.02, Accomack County, Virginia",67,18,40,8,0,0,0,0,1,58,9,32,28,34,4,14,16,0,0,0,0
510010904022027,"Block 2027, Block Group 2, Census Tract 904.02, Accomack County, Virginia",10,4,5,1,0,0,0,0,0,5,5,2,2,6,0,1,5,19,3,14,2
510010904022028,"Block 2028, Block Group 2, Census Tract 904.02, Accomack County, Virginia",6,0,6,0,0,0,0,0,0,6,0,8,8,4,1,1,2,0,0,0,0
511319301002040,"Block 2040, Block Group 2, Census Tract 9301, Northampton County, Virginia",5,1,0,4,0,0,0,0,0,5,0,1,1,3,0,1,2,0,0,0,0
511319301002043,"Block 2043, Block Group 2, Census Tract 9301, Northampton County, Virginia",33,6,23,3,0,0,0,0,1,27,6,13,11,8,2,3,3,0,0,0,0
511319301002047,"Block 2047, Block Group 2, Census Tract 9301, Northampton County, Virginia",15,0,3,10,0,2,0,0,0,13,2,8,6,2,1,0,1,0,0,0,0
511319301003001,"Block 3001, Block Group 3, Census Tract 9301, Northampton County, Virginia",36,0,30,6,0,0,0,0,0,32,4,17,17,18,6,8,4,0,0,0,0
511319301003004,"Block 3004, Block Group 3, Census Tract 9301, Northampton County, Virginia",9,3,5,0,0,0,0,0,1,6,3,3,3,0,0,0,0,0,0,0,0
511319301003008,"Block 3008, Block Group 3, Census Tract 9301, Northampton County, Virginia",11,4,6,1,0,0,0,0,0,11,0,2,2,5,1,3,1,0,0,0,0
511319301003011,"Block 3011, Block Group 3, Census Tract 9301, Northampton County, Virginia",16,2,8,3,0,1,0,0,2,14,2,8,8,7,2,2,3,40,8,22,10
511319301003028,"Block 3028, Block Group 3, Census Tract 9301, Northampton County, Virginia",17,0,9,5,0,0,0,0,3,13,4,13,13,3,0,2,1,1,1,0,0
511319301003031,"Block 3031, Block Group 3, Census Tract 9301, Northampton County, Virginia",39,10,12,17,0,0,0,0,0,26,13,24,20,13,2,7,4,4,3,1,0
511319301003035,"Block 3035, Block Group 3, Census Tract 9301, Northampton County, Virginia",19,6,8,2,0,0,0,0,3,16,3,6,1,4,1,0,3,0,0,0,0
511319301003038,"Block 3038, Block Group 3, Census Tract 9301, Northampton County, Virginia",24,1,12,11,0,0,0,0,0,18,6,12,12,2,0,1,1,0,0,0,0
511319301003041,"Block 3041, Block Group 3, Census Tract 9301, Northampton County, Virginia",9,0,9,0,0,0,0,0,0,9,0,6,0,4,3,0,1,0,0,0,0
511319301003045,"Block 3045, Block Group 3, Census Tract 9301, Northampton County, Virginia",24,5,16,2,0,0,0,0,1,11,13,8,8,11,0,6,5,23,4,6,13
511319301003048,"Block 3048, Block Group 3, Census Tract 9301, Northampton County, Virginia",0,0,0,0,0,0,0,0,0,0,0,0,0,0,0,0,0,0,0,0,0
511319301003051,"Block 3051, Block Group 3, Census Tract 9301, Northampton County, Virginia",32,5,23,4,0,0,0,0,0,24,8,15,15,8,1,4,3,27,12,10,5
511319301003055,"Block 3055, Block Group 3, Census Tract 9301, Northampton County, Virginia",0,0,0,0,0,0,0,0,0,0,0,0,0,0,0,0,0,22,7,12,3
511319301003058,"Block 3058, Block Group 3, Census Tract 9301, Northampton County, Virginia",11,1,1,9,0,0,0,0,0,11,0,6,6,6,1,2,3,3,0,3,0
511319301004002,"Block 4002, Block Group 4, Census Tract 9301, Northampton County, Virginia",26,2,16,5,0,0,0,0,3,19,7,11,11,10,4,3,3,5,3,1,1
511319301004018,"Block 4018, Block Group 4, Census Tract 9301, Northampton County, Virginia",15,3,1,10,1,0,0,0,0,9,6,6,0,5,1,3,1,0,0,0,0
511319301004022,"Block 4022, Block Group 4, Census Tract 9301, Northampton County, Virginia",20,4,15,0,0,0,0,0,1,19,1,4,4,10,3,1,6,0,0,0,0
511319301004025,"Block 4025, Block Group 4, Census Tract 9301, Northampton County, Virginia",8,0,7,0,0,0,0,0,1,8,0,6,6,2,1,1,0,8,2,6,0
511319301004028,"Block 4028, Block Group 4, Census Tract 9301, Northampton County, Virginia",16,0,15,0,0,1,0,0,0,14,2,7,7,6,2,1,3,0,0,0,0
511319301004032,"Block 4032, Block Group 4, Census Tract 9301, Northampton County, Virginia",22,0,21,1,0,0,0,0,0,15,7,10,10,6,2,2,2,23,6,15,2
511319301004035,"Block 4035, Block Group 4, Census Tract 9301, Northampton County, Virginia",12,2,9,0,0,0,0,0,1,10,2,3,3,3,0,0,3,0,0,0,0
511319302003033,"Block 3033, Block Group 3, Census Tract 9302, Northampton County, Virginia",0,0,0,0,0,0,0,0,0,0,0,0,0,0,0,0,0,0,0,0,0
511319302003037,"Block 3037, Block Group 3, Census Tract 9302, Northampton County, Virginia",2,2,0,0,0,0,0,0,0,0,2,3,0,1,0,0,1,0,0,0,0
511319302003040,"Block 3040, Block Group 3, Census Tract 9302, Northampton County, Virginia",84,15,59,9,1,0,0,0,0,76,8,62,58,26,1,12,13,26,2,11,13
511319302003043,"Block 3043, Block Group 3, Census Tract 9302, Northampton County, Virginia",0,0,0,0,0,0,0,0,0,0,0,0,0,0,0,0,0,0,0,0,0
511319302003059,"Block 3059, Block Group 3, Census Tract 9302, Northampton County, Virginia",0,0,0,0,0,0,0,0,0,0,0,0,0,0,0,0,0,0,0,0,0
511319302004001,"Block 4001, Block Group 4, Census Tract 9302, Northampton County, Virginia",0,0,0,0,0,0,0,0,0,0,0,0,0,0,0,0,0,0,0,0,0
511319302004005,"Block 4005, Block Group 4, Census Tract 9302, Northampton County, Virginia",7,5,2,0,0,0,0,0,0,3,4,4,4,0,0,0,0,1,1,0,0
511319302004008,"Block 4008, Block Group 4, Census Tract 9302, Northampton County, Virginia",0,0,0,0,0,0,0,0,0,0,0,0,0,0,0,0,0,12,2,3,7
511319302004011,"Block 4011, Block Group 4, Census Tract 9302, Northampton County, Virginia",0,0,0,0,0,0,0,0,0,0,0,0,0,0,0,0,0,0,0,0,0
511319302004015,"Block 4015, Block Group 4, Census Tract 9302, Northampton County, Virginia",20,9,10,1,0,0,0,0,0,11,9,22,22,7,2,3,2,0,0,0,0
511319302004018,"Block 4018, Block Group 4, Census Tract 9302, Northampton County, Virginia",17,3,13,0,0,0,0,0,1,8,9,8,8,6,2,0,4,0,0,0,0
511319303021009,"Block 1009, Block Group 1, Census Tract 9303.02, Northampton County, Virginia",0,0,0,0,0,0,0,0,0,0,0,0,0,0,0,0,0,0,0,0,0
511319303021027,"Block 1027, Block Group 1, Census Tract 9303.02, Northampton County, Virginia",0,0,0,0,0,0,0,0,0,0,0,0,0,0,0,0,0,0,0,0,0
511319303021030,"Block 1030, Block Group 1, Census Tract 9303.02, Northampton County, Virginia",30,1,21,8,0,0,0,0,0,28,2,27,27,13,3,3,7,8,2,0,6
511319303021034,"Block 1034, Block Group 1, Census Tract 9303.02, Northampton County, Virginia",0,0,0,0,0,0,0,0,0,0,0,0,0,0,0,0,0,0,0,0,0
511319303021037,"Block 1037, Block Group 1, Census Tract 9303.02, Northampton County, Virginia",0,0,0,0,0,0,0,0,0,0,0,0,0,0,0,0,0,0,0,0,0
511319303021040,"Block 1040, Block Group 1, Census Tract 9303.02, Northampton County, Virginia",0,0,0,0,0,0,0,0,0,0,0,0,0,0,0,0,0,0,0,0,0
511319303021044,"Block 1044, Block Group 1, Census Tract 9303.02, Northampton County, Virginia",8,0,0,8,0,0,0,0,0,5,3,4,4,4,0,0,4,0,0,0,0
511319303021047,"Block 1047, Block Group 1, Census Tract 9303.02, Northampton County, Virginia",0,0,0,0,0,0,0,0,0,0,0,0,0,0,0,0,0,0,0,0,0
511319303021051,"Block 1051, Block Group 1, Census Tract 9303.02, Northampton County, Virginia",16,4,9,3,0,0,0,0,0,13,3,5,3,6,2,2,2,10,7,3,0
511319303021054,"Block 1054, Block Group 1, Census Tract 9303.02, Northampton County, Virginia",0,0,0,0,0,0,0,0,0,0,0,0,0,0,0,0,0,0,0,0,0
511319303021057,"Block 1057, Block Group 1, Census Tract 9303.02, Northampton County, Virginia",6,4,0,0,0,0,0,0,2,6,0,1,1,1,1,0,0,0,0,0,0
511319302004021,"Block 4021, Block Group 4, Census Tract 9302, Northampton County, Virginia",0,0,0,0,0,0,0,0,0,0,0,0,0,0,0,0,0,0,0,0,0
511319302004025,"Block 4025, Block Group 4, Census Tract 9302, Northampton County, Virginia",0,0,0,0,0,0,0,0,0,0,0,0,0,0,0,0,0,0,0,0,0
511319302004028,"Block 4028, Block Group 4, Census Tract 9302, Northampton County, Virginia",55,0,32,23,0,0,0,0,0,46,9,44,35,17,7,5,5,1,0,1,0
511319302004031,"Block 4031, Block Group 4, Census Tract 9302, Northampton County, Virginia",22,1,15,5,0,0,0,0,1,21,1,15,15,9,1,3,5,0,0,0,0
511319302004047,"Block 4047, Block Group 4, Census Tract 9302, Northampton County, Virginia",0,0,0,0,0,0,0,0,0,0,0,0,0,0,0,0,0,0,0,0,0
511319302004051,"Block 4051, Block Group 4, Census Tract 9302, Northampton County, Virginia",0,0,0,0,0,0,0,0,0,0,0,0,0,0,0,0,0,0,0,0,0
511319302004054,"Block 4054, Block Group 4, Census Tract 9302, Northampton County, Virginia",3,0,3,0,0,0,0,0,0,3,0,8,8,0,0,0,0,0,0,0,0
511319302004057,"Block 4057, Block Group 4, Census Tract 9302, Northampton County, Virginia",10,1,4,5,0,0,0,0,0,6,4,2,0,2,0,1,1,0,0,0,0
511319302004061,"Block 4061, Block Group 4, Census Tract 9302, Northampton County, Virginia",0,0,0,0,0,0,0,0,0,0,0,0,0,0,0,0,0,0,0,0,0
511319302004064,"Block 4064, Block Group 4, Census Tract 9302, Northampton County, Virginia",0,0,0,0,0,0,0,0,0,0,0,0,0,0,0,0,0,0,0,0,0
511319302004067,"Block 4067, Block Group 4, Census Tract 9302, Northampton County, Virginia",0,0,0,0,0,0,0,0,0,0,0,1,1,0,0,0,0,0,0,0,0
511319302004071,"Block 4071, Block Group 4, Census Tract 9302, Northampton County, Virginia",20,0,0,19,0,0,0,0,1,11,9,8,2,5,1,1,3,0,0,0,0
511319302004074,"Block 4074, Block Group 4, Census Tract 9302, Northampton County, Virginia",22,4,4,14,0,0,0,0,0,18,4,17,13,3,0,2,1,0,0,0,0
511319302004077,"Block 4077, Block Group 4, Census Tract 9302, Northampton County, Virginia",16,2,12,2,0,0,0,0,0,14,2,8,4,8,1,4,3,7,0,0,7
511319303021076,"Block 1076, Block Group 1, Census Tract 9303.02, Northampton County, Virginia",0,0,0,0,0,0,0,0,0,0,0,0,0,0,0,0,0,0,0,0,0
511319303021079,"Block 1079, Block Group 1, Census Tract 9303.02, Northampton County, Virginia",37,1,30,6,0,0,0,0,0,26,11,22,22,11,3,4,4,2,0,1,1
511319303021083,"Block 1083, Block Group 1, Census Tract 9303.02, Northampton County, Virginia",21,0,9,5,0,1,0,0,6,17,4,5,2,16,3,8,5,0,0,0,0
511319303021086,"Block 1086, Block Group 1, Census Tract 9303.02, Northampton County, Virginia",0,0,0,0,0,0,0,0,0,0,0,0,0,0,0,0,0,0,0,0,0
511319303021089,"Block 1089, Block Group 1, Census Tract 9303.02, Northampton County, Virginia",27,1,21,3,0,0,1,0,1,23,4,10,10,20,2,11,7,1,0,1,0
511319303021093,"Block 1093, Block Group 1, Census Tract 9303.02, Northampton County, Virginia",0,0,0,0,0,0,0,0,0,0,0,0,0,0,0,0,0,0,0,0,0
511319303021096,"Block 1096, Block Group 1, Census Tract 9303.02, Northampton County, Virginia",29,0,18,11,0,0,0,0,0,25,4,12,12,10,1,4,5,1,0,1,0
511319303021100,"Block 1100, Block Group 1, Census Tract 9303.02, Northampton County, Virginia",0,0,0,0,0,0,0,0,0,0,0,0,0,0,0,0,0,0,0,0,0
511319303021103,"Block 1103, Block Group 1, Census Tract 9303.02, Northampton County, Virginia",57,0,36,21,0,0,0,0,0,45,12,29,14,22,5,10,7,2,0,0,2
511319303021106,"Block 1106, Block Group 1, Census Tract 9303.02, Northampton County, Virginia",0,0,0,0,0,0,0,0,0,0,0,0,0,0,0,0,0,0,0,0,0
511319301004042,"Block 4042, Block Group 4, Census Tract 9301, Northampton County, Virginia",0,0,0,0,0,0,0,0,0,0,0,0,0,0,0,0,0,0,0,0,0
511319301004046,"Block 4046, Block Group 4, Census Tract 9301, Northampton County, Virginia",0,0,0,0,0,0,0,0,0,0,0,0,0,0,0,0,0,0,0,0,0
511319301004049,"Block 4049, Block Group 4, Census Tract 9301, Northampton County, Virginia",0,0,0,0,0,0,0,0,0,0,0,0,0,0,0,0,0,0,0,0,0
511319301004052,"Block 4052, Block Group 4, Census Tract 9301, Northampton County, Virginia",0,0,0,0,0,0,0,0,0,0,0,0,0,0,0,0,0,0,0,0,0
511319301004056,"Block 4056, Block Group 4, Census Tract 9301, Northampton County, Virginia",23,0,19,0,0,0,0,0,4,19,4,11,10,12,5,5,2,0,0,0,0
511319301004059,"Block 4059, Block Group 4, Census Tract 9301, Northampton County, Virginia",37,5,32,0,0,0,0,0,0,31,6,29,29,14,1,5,8,3,0,2,1
511319301004062,"Block 4062, Block Group 4, Census Tract 9301, Northampton County, Virginia",0,0,0,0,0,0,0,0,0,0,0,0,0,0,0,0,0,0,0,0,0
511319301004066,"Block 4066, Block Group 4, Census Tract 9301, Northampton County, Virginia",15,7,8,0,0,0,0,0,0,12,3,7,2,7,2,2,3,0,0,0,0
511319301004069,"Block 4069, Block Group 4, Census Tract 9301, Northampton County, Virginia",0,0,0,0,0,0,0,0,0,0,0,0,0,0,0,0,0,0,0,0,0
511319301004072,"Block 4072, Block Group 4, Census Tract 9301, Northampton County, Virginia",28,3,12,13,0,0,0,0,0,22,6,9,9,15,3,4,8,1,0,1,0
511319301004076,"Block 4076, Block Group 4, Census Tract 9301, Northampton County, Virginia",11,2,8,1,0,0,0,0,0,8,3,8,8,9,2,5,2,51,18,22,11
511319301004092,"Block 4092, Block Group 4, Census Tract 9301, Northampton County, Virginia",57,3,25,29,0,0,0,0,0,43,14,27,27,23,3,12,8,2,0,2,0
511319301004095,"Block 4095, Block Group 4, Census Tract 9301, Northampton County, Virginia",0,0,0,0,0,0,0,0,0,0,0,0,0,0,0,0,0,0,0,0,0
511319301004099,"Block 4099, Block Group 4, Census Tract 9301, Northampton County, Virginia",0,0,0,0,0,0,0,0,0,0,0,0,0,0,0,0,0,0,0,0,0
511319301004102,"Block 4102, Block Group 4, Census Tract 9301, Northampton County, Virginia",0,0,0,0,0,0,0,0,0,0,0,0,0,0,0,0,0,0,0,0,0
511319301004105,"Block 4105, Block Group 4, Census Tract 9301, Northampton County, Virginia",0,0,0,0,0,0,0,0,0,0,0,0,0,0,0,0,0,0,0,0,0
511319301004109,"Block 4109, Block Group 4, Census Tract 9301, Northampton County, Virginia",0,0,0,0,0,0,0,0,0,0,0,0,0,0,0,0,0,0,0,0,0
511319301004112,"Block 4112, Block Group 4, Census Tract 9301, Northampton County, Virginia",0,0,0,0,0,0,0,0,0,0,0,0,0,0,0,0,0,0,0,0,0
511319301004115,"Block 4115, Block Group 4, Census Tract 9301, Northampton County, Virginia",0,0,0,0,0,0,0,0,0,0,0,0,0,0,0,0,0,0,0,0,0
511319301004119,"Block 4119, Block Group 4, Census Tract 9301, Northampton County, Virginia",0,0,0,0,0,0,0,0,0,0,0,0,0,0,0,0,0,0,0,0,0
511319301004122,"Block 4122, Block Group 4, Census Tract 9301, Northampton County, Virginia",0,0,0,0,0,0,0,0,0,0,0,0,0,0,0,0,0,0,0,0,0
511319301004125,"Block 4125, Block Group 4, Census Tract 9301, Northampton County, Virginia",0,0,0,0,0,0,0,0,0,0,0,0,0,0,0,0,0,0,0,0,0
511319302001006,"Block 1006, Block Group 1, Census Tract 9302, Northampton County, Virginia",0,0,0,0,0,0,0,0,0,0,0,0,0,0,0,0,0,0,0,0,0
511319302004079,"Block 4079, Block Group 4, Census Tract 9302, Northampton County, Virginia",43,0,20,23,0,0,0,0,0,42,1,29,29,11,4,1,6,19,7,10,2
511319302004083,"Block 4083, Block Group 4, Census Tract 9302, Northampton County, Virginia",15,0,8,5,0,2,0,0,0,11,4,3,3,4,0,3,1,7,0,5,2
511319302004086,"Block 4086, Block Group 4, Census Tract 9302, Northampton County, Virginia",0,0,0,0,0,0,0,0,0,0,0,0,0,0,0,0,0,0,0,0,0
511319302004089,"Block 4089, Block Group 4, Census Tract 9302, Northampton County, Virginia",0,0,0,0,0,0,0,0,0,0,0,0,0,0,0,0,0,0,0,0,0
511319302004093,"Block 4093, Block Group 4, Census Tract 9302, Northampton County, Virginia",25,1,16,8,0,0,0,0,0,21,4,16,15,6,1,2,3,0,0,0,0
511319302004096,"Block 4096, Block Group 4, Census Tract 9302, Northampton County, Virginia",3,0,1,0,0,0,0,0,2,1,2,1,0,0,0,0,0,0,0,0,0
511319303011007,"Block 1007, Block Group 1, Census Tract 9303.01, Northampton County, Virginia",6,2,0,1,0,0,0,0,3,2,4,1,1,3,0,1,2,0,0,0,0
511319303011011,"Block 1011, Block Group 1, Census Tract 9303.01, Northampton County, Virginia",0,0,0,0,0,0,0,0,0,0,0,0,0,0,0,0,0,0,0,0,0
511319303011014,"Block 1014, Block Group 1, Census Tract 9303.01, Northampton County, Virginia",0,0,0,0,0,0,0,0,0,0,0,0,0,0,0,0,0,0,0,0,0
511319303011017,"Block 1017, Block Group 1, Census Tract 9303.01, Northampton County, Virginia",0,0,0,0,0,0,0,0,0,0,0,0,0,0,0,0,0,0,0,0,0
511319303011021,"Block 1021, Block Group 1, Census Tract 9303.01, Northampton County, Virginia",0,0,0,0,0,0,0,0,0,0,0,0,0,0,0,0,0,0,0,0,0
511319303011024,"Block 1024, Block Group 1, Census Tract 9303.01, Northampton County, Virginia",0,0,0,0,0,0,0,0,0,0,0,0,0,0,0,0,0,0,0,0,0
511319303011028,"Block 1028, Block Group 1, Census Tract 9303.01, Northampton County, Virginia",22,1,20,0,0,0,0,0,1,15,7,4,3,6,1,2,3,1,0,1,0
511319303011031,"Block 1031, Block Group 1, Census Tract 9303.01, Northampton County, Virginia",15,1,13,0,0,0,0,0,1,9,6,6,6,3,0,2,1,0,0,0,0
511319303011034,"Block 1034, Block Group 1, Census Tract 9303.01, Northampton County, Virginia",0,0,0,0,0,0,0,0,0,0,0,0,0,0,0,0,0,0,0,0,0
511319303011038,"Block 1038, Block Group 1, Census Tract 9303.01, Northampton County, Virginia",0,0,0,0,0,0,0,0,0,0,0,0,0,0,0,0,0,0,0,0,0
511319303011055,"Block 1055, Block Group 1, Census Tract 9303.01, Northampton County, Virginia",36,1,28,7,0,0,0,0,0,29,7,19,19,8,3,4,1,0,0,0,0
511319303011059,"Block 1059, Block Group 1, Census Tract 9303.01, Northampton County, Virginia",24,0,24,0,0,0,0,0,0,22,2,17,17,11,2,2,7,0,0,0,0
511319303011062,"Block 1062, Block Group 1, Census Tract 9303.01, Northampton County, Virginia",2,1,0,1,0,0,0,0,0,2,0,1,1,1,0,0,1,2,1,1,0
511319303011066,"Block 1066, Block Group 1, Census Tract 9303.01, Northampton County, Virginia",0,0,0,0,0,0,0,0,0,0,0,0,0,0,0,0,0,0,0,0,0
511319303012000,"Block 2000, Block Group 2, Census Tract 9303.01, Northampton County, Virginia",0,0,0,0,0,0,0,0,0,0,0,0,0,0,0,0,0,0,0,0,0
511319303012003,"Block 2003, Block Group 2, Census Tract 9303.01, Northampton County, Virginia",139,1,54,82,0,0,0,0,2,83,56,91,50,75,19,25,31,83,17,42,24
511319303012007,"Block 2007, Block Group 2, Census Tract 9303.01, Northampton County, Virginia",4,0,4,0,0,0,0,0,0,4,0,3,3,2,1,1,0,0,0,0,0
511319303022001,"Block 2001, Block Group 2, Census Tract 9303.02, Northampton County, Virginia",0,0,0,0,0,0,0,0,0,0,0,0,0,0,0,0,0,0,0,0,0
511319303022018,"Block 2018, Block Group 2, Census Tract 9303.02, Northampton County, Virginia",29,4,22,2,0,0,0,0,1,28,1,24,24,9,1,2,6,0,0,0,0
511319303022021,"Block 2021, Block Group 2, Census Tract 9303.02, Northampton County, Virginia",14,3,0,10,0,0,0,0,1,14,0,16,13,8,1,3,4,7,0,5,2
511319303022025,"Block 2025, Block Group 2, Census Tract 9303.02, Northampton County, Virginia",0,0,0,0,0,0,0,0,0,0,0,0,0,0,0,0,0,0,0,0,0
511319303022028,"Block 2028, Block Group 2, Census Tract 9303.02, Northampton County, Virginia",0,0,0,0,0,0,0,0,0,0,0,0,0,0,0,0,0,0,0,0,0
511319303022031,"Block 2031, Block Group 2, Census Tract 9303.02, Northampton County, Virginia",0,0,0,0,0,0,0,0,0,0,0,0,0,0,0,0,0,0,0,0,0
511319303022035,"Block 2035, Block Group 2, Census Tract 9303.02, Northampton County, Virginia",16,6,10,0,0,0,0,0,0,14,2,7,6,18,2,8,8,0,0,0,0
511319303022038,"Block 2038, Block Group 2, Census Tract 9303.02, Northampton County, Virginia",33,0,30,2,0,0,0,0,1,25,8,21,21,12,3,4,5,0,0,0,0
511319303022042,"Block 2042, Block Group 2, Census Tract 9303.02, Northampton County, Virginia",0,0,0,0,0,0,0,0,0,0,0,0,0,0,0,0,0,0,0,0,0
511319303022045,"Block 2045, Block Group 2, Census Tract 9303.02, Northampton County, Virginia",9,4,5,0,0,0,0,0,0,5,4,5,2,4,0,2,2,0,0,0,0
511319303022048,"Block 2048, Block Group 2, Census Tract 9303.02, Northampton County, Virginia",18,0,4,12,0,0,0,0,2,16,2,12,7,9,3,4,2,0,0,0,0
511319303022067,"Block 2067, Block Group 2, Census Tract 9303.02, Northampton County, Virginia",12,0,12,0,0,0,0,0,0,12,0,2,2,4,2,0,2,0,0,0,0
511319303022070,"Block 2070, Block Group 2, Census Tract 9303.02, Northampton County, Virginia",7,0,7,0,0,0,0,0,0,6,1,1,1,6,2,1,3,0,0,0,0
511319303022074,"Block 2074, Block Group 2, Census Tract 9303.02, Northampton County, Virginia",0,0,0,0,0,0,0,0,0,0,0,0,0,0,0,0,0,145,4,41,100
511319303022077,"Block 2077, Block Group 2, Census Tract 9303.02, Northampton County, Virginia",0,0,0,0,0,0,0,0,0,0,0,0,0,0,0,0,0,0,0,0,0
511319303022080,"Block 2080, Block Group 2, Census Tract 9303.02, Northampton County, Virginia",0,0,0,0,0,0,0,0,0,0,0,0,0,0,0,0,0,0,0,0,0
511319303022084,"Block 2084, Block Group 2, Census Tract 9303.02, Northampton County, Virginia",0,0,0,0,0,0,0,0,0,0,0,0,0,0,0,0,0,0,0,0,0
511319303022087,"Block 2087, Block Group 2, Census Tract 9303.02, Northampton County, Virginia",0,0,0,0,0,0,0,0,0,0,0,0,0,0,0,0,0,0,0,0,0
511319303022091,"Block 2091, Block Group 2, Census Tract 9303.02, Northampton County, Virginia",0,0,0,0,0,0,0,0,0,0,0,0,0,0,0,0,0,0,0,0,0
511319303022094,"Block 2094, Block Group 2, Census Tract 9303.02, Northampton County, Virginia",0,0,0,0,0,0,0,0,0,0,0,0,0,0,0,0,0,0,0,0,0
511319303022097,"Block 2097, Block Group 2, Census Tract 9303.02, Northampton County, Virginia",0,0,0,0,0,0,0,0,0,0,0,0,0,0,0,0,0,0,0,0,0
511319301001001,"Block 1001, Block Group 1, Census Tract 9301, Northampton County, Virginia",0,0,0,0,0,0,0,0,0,0,0,0,0,0,0,0,0,0,0,0,0
511319301001004,"Block 1004, Block Group 1, Census Tract 9301, Northampton County, Virginia",0,0,0,0,0,0,0,0,0,0,0,0,0,0,0,0,0,0,0,0,0
511319301001008,"Block 1008, Block Group 1, Census Tract 9301, Northampton County, Virginia",65,17,32,10,0,0,0,0,6,55,10,13,0,16,3,7,6,35,1,16,18
511319301001011,"Block 1011, Block Group 1, Census Tract 9301, Northampton County, Virginia",0,0,0,0,0,0,0,0,0,0,0,0,0,0,0,0,0,0,0,0,0
511319301001014,"Block 1014, Block Group 1, Census Tract 9301, Northampton County, Virginia",0,0,0,0,0,0,0,0,0,0,0,0,0,0,0,0,0,0,0,0,0
511319301001018,"Block 1018, Block Group 1, Census Tract 9301, Northampton County, Virginia",0,0,0,0,0,0,0,0,0,0,0,0,0,0,0,0,0,0,0,0,0
511319301001021,"Block 1021, Block Group 1, Census Tract 9301, Northampton County, Virginia",0,0,0,0,0,0,0,0,0,0,0,0,0,0,0,0,0,0,0,0,0
511319301001024,"Block 1024, Block Group 1, Census Tract 9301, Northampton County, Virginia",37,5,27,0,0,0,0,0,5,29,8,19,8,11,1,7,3,0,0,0,0
511319301001028,"Block 1028, Block Group 1, Census Tract 9301, Northampton County, Virginia",81,0,81,0,0,0,0,0,0,81,0,127,43,24,6,8,10,5,2,1,2
511319301001031,"Block 1031, Block Group 1, Census Tract 9301, Northampton County, Virginia",8,0,3,0,0,0,0,0,5,5,3,4,0,1,0,1,0,0,0,0,0
511319301001034,"Block 1034, Block Group 1, Census Tract 9301, Northampton County, Virginia",8,0,8,0,0,0,0,0,0,7,1,11,9,2,1,1,0,0,0,0,0
511319301002016,"Block 2016, Block Group 2, Census Tract 9301, Northampton County, Virginia",52,5,46,1,0,0,0,0,0,43,9,33,25,18,5,5,8,3,0,0,3
511319301002020,"Block 2020, Block Group 2, Census Tract 9301, Northampton County, Virginia",108,2,0,99,0,0,0,0,7,89,19,71,71,40,10,18,12,4,1,3,0
511319301002023,"Block 2023, Block Group 2, Census Tract 9301, Northampton County, Virginia",16,0,4,11,0,1,0,0,0,12,4,6,4,8,3,1,4,0,0,0,0
511319301002026,"Block 2026, Block Group 2, Census Tract 9301, Northampton County, Virginia",97,22,20,55,0,0,0,0,0,74,23,31,14,45,12,15,18,2,0,2,0
511319301002030,"Block 2030, Block Group 2, Census Tract 9301, Northampton County, Virginia",16,0,16,0,0,0,0,0,0,16,0,8,8,13,3,1,9,0,0,0,0
511319301002033,"Block 2033, Block Group 2, Census Tract 9301, Northampton County, Virginia",15,1,8,5,1,0,0,0,0,10,5,10,10,10,2,5,3,0,0,0,0
511319301002036,"Block 2036, Block Group 2, Census Tract 9301, Northampton County, Virginia",14,10,3,0,0,0,0,0,1,8,6,13,7,6,0,5,1,8,4,4,0
511319302001022,"Block 1022, Block Group 1, Census Tract 9302, Northampton County, Virginia",13,1,12,0,0,0,0,0,0,12,1,9,9,6,1,3,2,0,0,0,0
511319302001025,"Block 1025, Block Group 1, Census Tract 9302, Northampton County, Virginia",0,0,0,0,0,0,0,0,0,0,0,0,0,0,0,0,0,0,0,0,0
511319302001029,"Block 1029, Block Group 1, Census Tract 9302, Northampton County, Virginia",24,4,9,10,1,0,0,0,0,18,6,16,15,7,0,4,3,0,0,0,0
511319302001032,"Block 1032, Block Group 1, Census Tract 9302, Northampton County, Virginia",28,8,14,4,0,0,0,0,2,23,5,14,7,6,2,3,1,0,0,0,0
511319302001035,"Block 1035, Block Group 1, Census Tract 9302, Northampton County, Virginia",15,3,11,0,0,1,0,0,0,14,1,3,0,7,1,3,3,0,0,0,0
511319302001039,"Block 1039, Block Group 1, Census Tract 9302, Northampton County, Virginia",0,0,0,0,0,0,0,0,0,0,0,0,0,0,0,0,0,0,0,0,0
511319302002002,"Block 2002, Block Group 2, Census Tract 9302, Northampton County, Virginia",4,0,1,0,0,0,0,3,0,0,4,2,2,1,1,0,0,0,0,0,0
511319302002005,"Block 2005, Block Group 2, Census Tract 9302, Northampton County, Virginia",45,2,6,37,0,0,0,0,0,29,16,30,28,19,2,10,7,2,0,1,1
511319302002009,"Block 2009, Block Group 2, Census Tract 9302, Northampton County, Virginia",25,0,18,6,0,0,0,0,1,24,1,14,14,9,0,2,7,1,1,0,0
511319302002012,"Block 2012, Block Group 2, Census Tract 9302, Northampton County, Virginia",56,2,46,4,3,0,0,0,1,49,7,25,24,28,4,6,18,4,2,1,1
511319303012012,"Block 2012, Block Group 2, Census Tract 9303.01, Northampton County, Virginia",4,1,3,0,0,0,0,0,0,4,0,6,0,6,2,2,2,0,0,0,0
511319303012015,"Block 2015, Block Group 2, Census Tract 9303.01, Northampton County, Virginia",13,0,6,1,0,1,0,0,5,8,5,7,2,6,1,2,3,9,0,7,2
511319303022109,"Block 2109, Block Group 2, Census Tract 9303.02, Northampton County, Virginia",0,0,0,0,0,0,0,0,0,0,0,0,0,0,0,0,0,0,0,0,0
511319303022112,"Block 2112, Block Group 2, Census Tract 9303.02, Northampton County, Virginia",0,0,0,0,0,0,0,0,0,0,0,0,0,0,0,0,0,0,0,0,0
511319303022116,"Block 2116, Block Group 2, Census Tract 9303.02, Northampton County, Virginia",0,0,0,0,0,0,0,0,0,0,0,0,0,0,0,0,0,0,0,0,0
511319303022119,"Block 2119, Block Group 2, Census Tract 9303.02, Northampton County, Virginia",0,0,0,0,0,0,0,0,0,0,0,0,0,0,0,0,0,0,0,0,0
511319303022122,"Block 2122, Block Group 2, Census Tract 9303.02, Northampton County, Virginia",0,0,0,0,0,0,0,0,0,0,0,0,0,0,0,0,0,0,0,0,0
511319901000017,"Block 0017, Block Group 0, Census Tract 9901, Northampton County, Virginia",0,0,0,0,0,0,0,0,0,0,0,0,0,0,0,0,0,0,0,0,0
511319901000020,"Block 0020, Block Group 0, Census Tract 9901, Northampton County, Virginia",0,0,0,0,0,0,0,0,0,0,0,0,0,0,0,0,0,0,0,0,0
511319901000024,"Block 0024, Block Group 0, Census Tract 9901, Northampton County, Virginia",0,0,0,0,0,0,0,0,0,0,0,0,0,0,0,0,0,0,0,0,0
511319901000027,"Block 0027, Block Group 0, Census Tract 9901, Northampton County, Virginia",0,0,0,0,0,0,0,0,0,0,0,0,0,0,0,0,0,0,0,0,0
511319302002015,"Block 2015, Block Group 2, Census Tract 9302, Northampton County, Virginia",12,4,3,2,0,2,0,0,1,5,7,2,2,12,2,4,6,0,0,0,0
511319302002032,"Block 2032, Block Group 2, Census Tract 9302, Northampton County, Virginia",15,1,9,5,0,0,0,0,0,7,8,5,5,6,1,4,1,3,3,0,0
511319302002035,"Block 2035, Block Group 2, Census Tract 9302, Northampton County, Virginia",43,0,6,33,0,0,0,0,4,39,4,23,23,18,3,8,7,0,0,0,0
511319302002039,"Block 2039, Block Group 2, Census Tract 9302, Northampton County, Virginia",28,6,3,19,0,0,0,0,0,25,3,13,5,5,2,1,2,0,0,0,0
511319302003000,"Block 3000, Block Group 3, Census Tract 9302, Northampton County, Virginia",124,32,16,73,0,0,0,0,3,66,58,46,46,49,8,19,22,29,3,7,19
511319302003003,"Block 3003, Block Group 3, Census Tract 9302, Northampton County, Virginia",6,0,6,0,0,0,0,0,0,4,2,1,0,1,0,0,1,0,0,0,0
511319302003007,"Block 3007, Block Group 3, Census Tract 9302, Northampton County, Virginia",0,0,0,0,0,0,0,0,0,0,0,0,0,0,0,0,0,0,0,0,0
511319302003010,"Block 3010, Block Group 3, Census Tract 9302, Northampton County, Virginia",86,7,25,49,1,0,0,2,2,80,6,14,11,23,4,14,5,30,6,5,19
511319302003013,"Block 3013, Block Group 3, Census Tract 9302, Northampton County, Virginia",0,0,0,0,0,0,0,0,0,0,0,0,0,0,0,0,0,0,0,0,0
511319302003017,"Block 3017, Block Group 3, Census Tract 9302, Northampton County, Virginia",0,0,0,0,0,0,0,0,0,0,0,0,0,0,0,0,0,0,0,0,0
511319302003020,"Block 3020, Block Group 3, Census Tract 9302, Northampton County, Virginia",23,0,22,0,0,0,0,0,1,19,4,25,8,4,0,2,2,0,0,0,0
511319302003023,"Block 3023, Block Group 3, Census Tract 9302, Northampton County, Virginia",0,0,0,0,0,0,0,0,0,0,0,0,0,0,0,0,0,0,0,0,0
511319303012031,"Block 2031, Block Group 2, Census Tract 9303.01, Northampton County, Virginia",16,0,16,0,0,0,0,0,0,16,0,14,8,4,1,1,2,2,0,1,1
511319303012034,"Block 2034, Block Group 2, Census Tract 9303.01, Northampton County, Virginia",9,3,5,0,0,0,0,0,1,7,2,10,6,3,0,1,2,0,0,0,0
511319303012038,"Block 2038, Block Group 2, Census Tract 9303.01, Northampton County, Virginia",5,0,4,1,0,0,0,0,0,5,0,15,0,1,0,1,0,0,0,0,0
511319303012041,"Block 2041, Block Group 2, Census Tract 9303.01, Northampton County, Virginia",26,6,19,1,0,0,0,0,0,24,2,18,17,11,2,7,2,0,0,0,0
511319303012044,"Block 2044, Block Group 2, Census Tract 9303.01, Northampton County, Virginia",2,0,2,0,0,0,0,0,0,1,1,13,1,3,1,0,2,0,0,0,0
511319303012048,"Block 2048, Block Group 2, Census Tract 9303.01, Northampton County, Virginia",21,0,16,5,0,0,0,0,0,16,5,15,4,11,1,4,6,0,0,0,0
511319303012051,"Block 2051, Block Group 2, Census Tract 9303.01, Northampton County, Virginia",21,0,20,0,0,1,0,0,0,18,3,16,14,10,1,4,5,0,0,0,0
511319303012056,"Block 2056, Block Group 2, Census Tract 9303.01, Northampton County, Virginia",3,0,3,0,0,0,0,0,0,3,0,10,5,0,0,0,0,1,1,0,0
511319303012059,"Block 2059, Block Group 2, Census Tract 9303.01, Northampton County, Virginia",2,0,2,0,0,0,0,0,0,2,0,5,5,0,0,0,0,0,0,0,0
511319303013000,"Block 3000, Block Group 3, Census Tract 9303.01, Northampton County, Virginia",86,2,78,1,0,0,2,0,3,79,7,52,42,33,1,16,16,8,0,2,6
511319303013020,"Block 3020, Block Group 3, Census Tract 9303.01, Northampton County, Virginia",23,0,21,0,0,1,0,0,1,22,1,8,8,9,4,1,4,6,0,0,6
511319303013023,"Block 3023, Block Group 3, Census Tract 9303.01, Northampton County, Virginia",0,0,0,0,0,0,0,0,0,0,0,0,0,0,0,0,0,0,0,0,0
511319303013027,"Block 3027, Block Group 3, Census Tract 9303.01, Northampton County, Virginia",0,0,0,0,0,0,0,0,0,0,0,0,0,0,0,0,0,0,0,0,0
511319303013030,"Block 3030, Block Group 3, Census Tract 9303.01, Northampton County, Virginia",0,0,0,0,0,0,0,0,0,0,0,0,0,0,0,0,0,0,0,0,0
511319303013033,"Block 3033, Block Group 3, Census Tract 9303.01, Northampton County, Virginia",2,0,1,0,0,0,0,0,1,2,0,1,0,0,0,0,0,0,0,0,0
511319303013037,"Block 3037, Block Group 3, Census Tract 9303.01, Northampton County, Virginia",0,0,0,0,0,0,0,0,0,0,0,0,0,0,0,0,0,0,0,0,0
511319303013040,"Block 3040, Block Group 3, Census Tract 9303.01, Northampton County, Virginia",17,0,16,0,0,0,0,0,1,16,1,11,11,7,1,2,4,5,0,3,2
511319303013044,"Block 3044, Block Group 3, Census Tract 9303.01, Northampton County, Virginia",1,0,0,0,0,0,0,0,1,0,1,6,3,0,0,0,0,0,0,0,0
511319303021001,"Block 1001, Block Group 1, Census Tract 9303.02, Northampton County, Virginia",0,0,0,0,0,0,0,0,0,0,0,0,0,0,0,0,0,0,0,0,0
511319303021004,"Block 1004, Block Group 1, Census Tract 9303.02, Northampton County, Virginia",0,0,0,0,0,0,0,0,0,0,0,0,0,0,0,0,0,0,0,0,0
510010905002069,"Block 2069, Block Group 2, Census Tract 905, Accomack County, Virginia",5,0,2,1,0,0,0,0,2,2,3,1,1,3,0,2,1,45,27,11,7
510010905003030,"Block 3030, Block Group 3, Census Tract 905, Accomack County, Virginia",2,0,2,0,0,0,0,0,0,1,1,1,1,1,0,0,1,0,0,0,0
510010905003069,"Block 3069, Block Group 3, Census Tract 905, Accomack County, Virginia",4,1,0,1,0,0,0,0,2,1,3,2,2,0,0,0,0,34,4,2,28
510010906002028,"Block 2028, Block Group 2, Census Tract 906, Accomack County, Virginia",8,0,8,0,0,0,0,0,0,2,6,2,2,4,1,2,1,0,0,0,0
510010906002079,"Block 2079, Block Group 2, Census Tract 906, Accomack County, Virginia",0,0,0,0,0,0,0,0,0,0,0,0,0,0,0,0,0,0,0,0,0
510010906004040,"Block 4040, Block Group 4, Census Tract 906, Accomack County, Virginia",0,0,0,0,0,0,0,0,0,0,0,0,0,0,0,0,0,0,0,0,0
510010907001036,"Block 1036, Block Group 1, Census Tract 907, Accomack County, Virginia",8,0,2,0,0,5,0,0,1,8,0,4,2,2,1,1,0,0,0,0,0
510010907002004,"Block 2004, Block Group 2, Census Tract 907, Accomack County, Virginia",14,0,6,7,0,0,0,0,1,4,10,8,8,6,0,3,3,133,18,51,64
510010907003039,"Block 3039, Block Group 3, Census Tract 907, Accomack County, Virginia",11,4,6,1,0,0,0,0,0,9,2,7,7,5,1,1,3,0,0,0,0
510010907005005,"Block 5005, Block Group 5, Census Tract 907, Accomack County, Virginia",43,0,42,1,0,0,0,0,0,43,0,57,40,21,5,6,10,1,0,0,1
510010907005059,"Block 5059, Block Group 5, Census Tract 907, Accomack County, Virginia",20,2,12,0,0,0,0,2,4,12,8,5,5,7,1,4,2,0,0,0,0
510010908001025,"Block 1025, Block Group 1, Census Tract 908, Accomack County, Virginia",34,1,24,8,0,0,0,0,1,19,15,18,18,13,4,4,5,0,0,0,0
510010908001076,"Block 1076, Block Group 1, Census Tract 908, Accomack County, Virginia",12,0,11,0,0,1,0,0,0,12,0,16,16,9,2,4,3,0,0,0,0
510010908002081,"Block 2081, Block Group 2, Census Tract 908, Accomack County, Virginia",16,4,7,4,0,0,0,1,0,14,2,7,7,6,1,2,3,0,0,0,0
510010908002132,"Block 2132, Block Group 2, Census Tract 908, Accomack County, Virginia",0,0,0,0,0,0,0,0,0,0,0,0,0,0,0,0,0,0,0,0,0
510010908003020,"Block 3020, Block Group 3, Census Tract 908, Accomack County, Virginia",0,0,0,0,0,0,0,0,0,0,0,0,0,0,0,0,0,5,0,2,3
510019801001007,"Block 1007, Block Group 1, Census Tract 9801, Accomack County, Virginia",0,0,0,0,0,0,0,0,0,0,0,0,0,0,0,0,0,0,0,0,0
510019801001054,"Block 1054, Block Group 1, Census Tract 9801, Accomack County, Virginia",0,0,0,0,0,0,0,0,0,0,0,0,0,0,0,0,0,0,0,0,0
510019802001041,"Block 1041, Block Group 1, Census Tract 9802, Accomack County, Virginia",0,0,0,0,0,0,0,0,0,0,0,0,0,2,0,1,1,0,0,0,0
510019901000016,"Block 0016, Block Group 0, Census Tract 9901, Accomack County, Virginia",0,0,0,0,0,0,0,0,0,0,0,0,0,0,0,0,0,0,0,0,0
510010903002003,"Block 2003, Block Group 2, Census Tract 903, Accomack County, Virginia",3,3,0,0,0,0,0,0,0,3,0,1,1,3,1,2,0,0,0,0,0
510010903002033,"Block 2033, Block Group 2, Census Tract 903, Accomack County, Virginia",7,3,3,0,1,0,0,0,0,4,3,1,1,4,2,0,2,0,0,0,0
510010903003044,"Block 3044, Block Group 3, Census Tract 903, Accomack County, Virginia",42,5,9,24,0,0,0,0,4,33,9,25,16,22,6,9,7,1,0,1,0
510010904022018,"Block 2018, Block Group 2, Census Tract 904.02, Accomack County, Virginia",0,0,0,0,0,0,0,0,0,0,0,0,0,0,0,0,0,0,0,0,0
510010904022071,"Block 2071, Block Group 2, Census Tract 904.02, Accomack County, Virginia",37,4,22,10,0,0,0,0,1,32,5,21,21,11,1,5,5,0,0,0,0
510010905001044,"Block 1044, Block Group 1, Census Tract 905, Accomack County, Virginia",5,4,1,0,0,0,0,0,0,2,3,5,5,0,0,0,0,0,0,0,0
511319302004073,"Block 4073, Block Group 4, Census Tract 9302, Northampton County, Virginia",11,0,0,10,0,0,0,0,1,10,1,2,2,2,0,2,0,0,0,0,0
511319303011004,"Block 1004, Block Group 1, Census Tract 9303.01, Northampton County, Virginia",19,2,1,15,0,0,0,1,0,17,2,5,4,11,1,4,6,0,0,0,0
511319303012020,"Block 2020, Block Group 2, Census Tract 9303.01, Northampton County, Virginia",14,1,13,0,0,0,0,0,0,13,1,16,5,8,2,4,2,0,0,0,0
511319303013008,"Block 3008, Block Group 3, Census Tract 9303.01, Northampton County, Virginia",0,0,0,0,0,0,0,0,0,0,0,0,0,0,0,0,0,0,0,0,0
511319303021016,"Block 1016, Block Group 1, Census Tract 9303.02, Northampton County, Virginia",0,0,0,0,0,0,0,0,0,0,0,0,0,0,0,0,0,0,0,0,0
511319303021065,"Block 1065, Block Group 1, Census Tract 9303.02, Northampton County, Virginia",0,0,0,0,0,0,0,0,0,0,0,0,0,0,0,0,0,0,0,0,0
511319303022007,"Block 2007, Block Group 2, Census Tract 9303.02, Northampton County, Virginia",0,0,0,0,0,0,0,0,0,0,0,0,0,0,0,0,0,0,0,0,0
511319303022056,"Block 2056, Block Group 2, Census Tract 9303.02, Northampton County, Virginia",25,0,22,3,0,0,0,0,0,11,14,6,6,8,2,1,5,0,0,0,0
510010901022023,"Block 2023, Block Group 2, Census Tract 901.02, Accomack County, Virginia",0,0,0,0,0,0,0,0,0,0,0,0,0,0,0,0,0,0,0,0,0
510010901022026,"Block 2026, Block Group 2, Census Tract 901.02, Accomack County, Virginia",14,0,10,0,0,0,0,0,4,14,0,17,0,7,2,2,3,0,0,0,0
510010901022029,"Block 2029, Block Group 2, Census Tract 901.02, Accomack County, Virginia",9,1,7,0,0,0,0,0,1,7,2,14,0,5,0,1,4,0,0,0,0
510010901022033,"Block 2033, Block Group 2, Census Tract 901.02, Accomack County, Virginia",12,1,8,0,0,0,0,0,3,10,2,19,0,5,1,1,3,0,0,0,0
510010901022038,"Block 2038, Block Group 2, Census Tract 901.02, Accomack County, Virginia",2,0,2,0,0,0,0,0,0,0,2,2,2,0,0,0,0,0,0,0,0
510010901022042,"Block 2042, Block Group 2, Census Tract 901.02, Accomack County, Virginia",1,0,0,0,0,0,0,0,1,0,1,62,0,1,0,1,0,0,0,0,0
510010901022045,"Block 2045, Block Group 2, Census Tract 901.02, Accomack County, Virginia",0,0,0,0,0,0,0,0,0,0,0,0,0,0,0,0,0,0,0,0,0
510010901022048,"Block 2048, Block Group 2, Census Tract 901.02, Accomack County, Virginia",82,0,80,0,0,0,0,0,2,62,20,138,47,34,5,14,15,5,0,4,1
510010902011010,"Block 1010, Block Group 1, Census Tract 902.01, Accomack County, Virginia",16,0,4,9,0,0,0,0,3,8,8,10,10,1,1,0,0,0,0,0,0
510010902011013,"Block 1013, Block Group 1, Census Tract 902.01, Accomack County, Virginia",0,0,0,0,0,0,0,0,0,0,0,0,0,0,0,0,0,0,0,0,0
510010902011016,"Block 1016, Block Group 1, Census Tract 902.01, Accomack County, Virginia",29,0,20,7,0,0,0,0,2,24,5,10,2,9,2,2,5,0,0,0,0
510010902011020,"Block 1020, Block Group 1, Census Tract 902.01, Accomack County, Virginia",45,0,21,23,1,0,0,0,0,33,12,22,22,22,6,6,10,5,1,3,1
510010902011023,"Block 1023, Block Group 1, Census Tract 902.01, Accomack County, Virginia",0,0,0,0,0,0,0,0,0,0,0,0,0,0,0,0,0,0,0,0,0
510010902011026,"Block 1026, Block Group 1, Census Tract 902.01, Accomack County, Virginia",0,0,0,0,0,0,0,0,0,0,0,0,0,0,0,0,0,0,0,0,0
510010902011030,"Block 1030, Block Group 1, Census Tract 902.01, Accomack County, Virginia",0,0,0,0,0,0,0,0,0,0,0,0,0,0,0,0,0,0,0,0,0
510010902011033,"Block 1033, Block Group 1, Census Tract 902.01, Accomack County, Virginia",71,0,6,65,0,0,0,0,0,57,14,36,24,29,6,14,9,1,0,1,0
510010902011036,"Block 1036, Block Group 1, Census Tract 902.01, Accomack County, Virginia",4,0,1,3,0,0,0,0,0,4,0,3,3,1,0,1,0,0,0,0,0
510010902011040,"Block 1040, Block Group 1, Census Tract 902.01, Accomack County, Virginia",19,2,12,3,0,1,0,0,1,16,3,8,4,9,1,5,3,0,0,0,0
510010902011043,"Block 1043, Block Group 1, Census Tract 902.01, Accomack County, Virginia",34,1,24,7,0,0,0,0,2,28,6,18,11,14,1,7,6,0,0,0,0
510010902011060,"Block 1060, Block Group 1, Census Tract 902.01, Accomack County, Virginia",23,0,18,5,0,0,0,0,0,22,1,9,9,3,0,0,3,0,0,0,0
510010902011063,"Block 1063, Block Group 1, Census Tract 902.01, Accomack County, Virginia",9,0,9,0,0,0,0,0,0,9,0,3,3,6,1,0,5,5,0,3,2
510010902012002,"Block 2002, Block Group 2, Census Tract 902.01, Accomack County, Virginia",39,6,28,3,1,0,0,0,1,30,9,28,2,15,2,7,6,5,1,2,2
510010902012006,"Block 2006, Block Group 2, Census Tract 902.01, Accomack County, Virginia",0,0,0,0,0,0,0,0,0,0,0,0,0,0,0,0,0,0,0,0,0
510010902012009,"Block 2009, Block Group 2, Census Tract 902.01, Accomack County, Virginia",6,1,4,0,0,0,0,0,1,5,1,8,8,2,0,1,1,0,0,0,0
510010902012012,"Block 2012, Block Group 2, Census Tract 902.01, Accomack County, Virginia",17,5,11,0,0,1,0,0,0,12,5,14,14,9,2,3,4,0,0,0,0
510010902012016,"Block 2016, Block Group 2, Census Tract 902.01, Accomack County, Virginia",25,0,20,0,0,0,0,0,5,23,2,38,9,5,2,0,3,0,0,0,0
510010902012019,"Block 2019, Block Group 2, Census Tract 902.01, Accomack County, Virginia",13,2,7,4,0,0,0,0,0,13,0,48,11,5,0,3,2,0,0,0,0
510010902012022,"Block 2022, Block Group 2, Census Tract 902.01, Accomack County, Virginia",9,0,7,0,0,0,0,0,2,7,2,3,3,1,1,0,0,0,0,0,0
510010902012026,"Block 2026, Block Group 2, Census Tract 902.01, Accomack County, Virginia",0,0,0,0,0,0,0,0,0,0,0,0,0,0,0,0,0,0,0,0,0
510010902012029,"Block 2029, Block Group 2, Census Tract 902.01, Accomack County, Virginia",10,0,10,0,0,0,0,0,0,9,1,35,3,5,1,2,2,0,0,0,0
510010902012045,"Block 2045, Block Group 2, Census Tract 902.01, Accomack County, Virginia",0,0,0,0,0,0,0,0,0,0,0,0,0,0,0,0,0,0,0,0,0
510010902012049,"Block 2049, Block Group 2, Census Tract 902.01, Accomack County, Virginia",0,0,0,0,0,0,0,0,0,0,0,0,0,0,0,0,0,0,0,0,0
510010902012052,"Block 2052, Block Group 2, Census Tract 902.01, Accomack County, Virginia",19,0,15,2,0,0,0,0,2,15,4,9,9,3,0,2,1,0,0,0,0
510010907005049,"Block 5049, Block Group 5, Census Tract 907, Accomack County, Virginia",0,0,0,0,0,0,0,0,0,0,0,0,0,0,0,0,0,0,0,0,0
510010907005052,"Block 5052, Block Group 5, Census Tract 907, Accomack County, Virginia",213,11,25,176,0,0,0,0,1,164,49,101,75,83,9,36,38,3,0,2,1
510010907005055,"Block 5055, Block Group 5, Census Tract 907, Accomack County, Virginia",146,1,136,5,0,0,0,4,0,132,14,88,62,59,12,17,30,18,6,10,2
510010908003031,"Block 3031, Block Group 3, Census Tract 908, Accomack County, Virginia",76,5,36,34,0,0,0,0,1,59,17,34,26,29,6,11,12,2,1,1,0
510010908003035,"Block 3035, Block Group 3, Census Tract 908, Accomack County, Virginia",37,0,30,6,0,0,0,0,1,30,7,16,13,12,2,3,7,0,0,0,0
510010902012055,"Block 2055, Block Group 2, Census Tract 902.01, Accomack County, Virginia",52,0,46,3,0,0,0,0,3,48,4,41,26,7,1,1,5,0,0,0,0
510010903003008,"Block 3008, Block Group 3, Census Tract 903, Accomack County, Virginia",0,0,0,0,0,0,0,0,0,0,0,0,0,0,0,0,0,0,0,0,0
510010903003011,"Block 3011, Block Group 3, Census Tract 903, Accomack County, Virginia",0,0,0,0,0,0,0,0,0,0,0,0,0,0,0,0,0,0,0,0,0
510010903003014,"Block 3014, Block Group 3, Census Tract 903, Accomack County, Virginia",0,0,0,0,0,0,0,0,0,0,0,0,0,0,0,0,0,0,0,0,0
510010906003039,"Block 3039, Block Group 3, Census Tract 906, Accomack County, Virginia",29,0,26,3,0,0,0,0,0,23,6,25,24,12,2,4,6,0,0,0,0
510010906003042,"Block 3042, Block Group 3, Census Tract 906, Accomack County, Virginia",0,0,0,0,0,0,0,0,0,0,0,5,3,0,0,0,0,0,0,0,0
510010907005058,"Block 5058, Block Group 5, Census Tract 907, Accomack County, Virginia",0,0,0,0,0,0,0,0,0,0,0,0,0,0,0,0,0,0,0,0,0
510010907005062,"Block 5062, Block Group 5, Census Tract 907, Accomack County, Virginia",12,10,1,0,0,0,0,0,1,12,0,1,1,7,2,2,3,0,0,0,0
510010907005065,"Block 5065, Block Group 5, Census Tract 907, Accomack County, Virginia",0,0,0,0,0,0,0,0,0,0,0,0,0,0,0,0,0,0,0,0,0
510010907005068,"Block 5068, Block Group 5, Census Tract 907, Accomack County, Virginia",0,0,0,0,0,0,0,0,0,0,0,0,0,0,0,0,0,0,0,0,0
510010907005071,"Block 5071, Block Group 5, Census Tract 907, Accomack County, Virginia",17,0,7,5,1,0,0,4,0,17,0,16,16,2,0,1,1,0,0,0,0
510010907005075,"Block 5075, Block Group 5, Census Tract 907, Accomack County, Virginia",2,2,0,0,0,0,0,0,0,2,0,4,3,1,0,1,0,0,0,0,0
510010908001011,"Block 1011, Block Group 1, Census Tract 908, Accomack County, Virginia",2,0,0,2,0,0,0,0,0,2,0,1,1,0,0,0,0,0,0,0,0
510010908001014,"Block 1014, Block Group 1, Census Tract 908, Accomack County, Virginia",12,0,3,9,0,0,0,0,0,12,0,8,0,9,3,4,2,0,0,0,0
510010908001017,"Block 1017, Block Group 1, Census Tract 908, Accomack County, Virginia",12,0,12,0,0,0,0,0,0,12,0,12,1,3,0,1,2,0,0,0,0
510010908001021,"Block 1021, Block Group 1, Census Tract 908, Accomack County, Virginia",8,0,7,0,0,0,0,1,0,6,2,9,9,7,1,4,2,0,0,0,0
510010908001024,"Block 1024, Block Group 1, Census Tract 908, Accomack County, Virginia",0,0,0,0,0,0,0,0,0,0,0,0,0,0,0,0,0,0,0,0,0
510010908001027,"Block 1027, Block Group 1, Census Tract 908, Accomack County, Virginia",10,2,6,0,0,0,0,0,2,10,0,2,0,6,2,3,1,0,0,0,0
510010908001031,"Block 1031, Block Group 1, Census Tract 908, Accomack County, Virginia",0,0,0,0,0,0,0,0,0,0,0,0,0,0,0,0,0,0,0,0,0
510010908001034,"Block 1034, Block Group 1, Census Tract 908, Accomack County, Virginia",0,0,0,0,0,0,0,0,0,0,0,0,0,0,0,0,0,0,0,0,0
510010908001037,"Block 1037, Block Group 1, Census Tract 908, Accomack County, Virginia",0,0,0,0,0,0,0,0,0,0,0,0,0,0,0,0,0,0,0,0,0
510010908001040,"Block 1040, Block Group 1, Census Tract 908, Accomack County, Virginia",0,0,0,0,0,0,0,0,0,0,0,0,0,0,0,0,0,0,0,0,0
510010908001044,"Block 1044, Block Group 1, Census Tract 908, Accomack County, Virginia",0,0,0,0,0,0,0,0,0,0,0,0,0,0,0,0,0,0,0,0,0
510010908001062,"Block 1062, Block Group 1, Census Tract 908, Accomack County, Virginia",11,0,0,10,0,0,0,0,1,10,1,5,5,4,2,2,0,0,0,0,0
510010908001065,"Block 1065, Block Group 1, Census Tract 908, Accomack County, Virginia",25,0,24,1,0,0,0,0,0,21,4,27,12,7,0,2,5,0,0,0,0
510010908001068,"Block 1068, Block Group 1, Census Tract 908, Accomack County, Virginia",9,0,9,0,0,0,0,0,0,9,0,6,3,2,0,0,2,1,0,1,0
510010908001072,"Block 1072, Block Group 1, Census Tract 908, Accomack County, Virginia",10,0,10,0,0,0,0,0,0,8,2,11,9,1,0,1,0,0,0,0,0
510010908001075,"Block 1075, Block Group 1, Census Tract 908, Accomack County, Virginia",14,0,14,0,0,0,0,0,0,10,4,12,0,4,0,4,0,1,1,0,0
510010908001078,"Block 1078, Block Group 1, Census Tract 908, Accomack County, Virginia",4,0,4,0,0,0,0,0,0,4,0,3,0,2,0,1,1,48,17,25,6
510010908001082,"Block 1082, Block Group 1, Census Tract 908, Accomack County, Virginia",12,0,4,8,0,0,0,0,0,12,0,10,10,5,1,4,0,0,0,0,0
510010908001085,"Block 1085, Block Group 1, Census Tract 908, Accomack County, Virginia",10,4,4,1,0,0,0,0,1,6,4,6,6,2,0,2,0,0,0,0,0
510010908002000,"Block 2000, Block Group 2, Census Tract 908, Accomack County, Virginia",0,0,0,0,0,0,0,0,0,0,0,0,0,0,0,0,0,0,0,0,0
510010908002003,"Block 2003, Block Group 2, Census Tract 908, Accomack County, Virginia",0,0,0,0,0,0,0,0,0,0,0,0,0,0,0,0,0,0,0,0,0
510010908002007,"Block 2007, Block Group 2, Census Tract 908, Accomack County, Virginia",0,0,0,0,0,0,0,0,0,0,0,0,0,0,0,0,0,0,0,0,0
510010908002023,"Block 2023, Block Group 2, Census Tract 908, Accomack County, Virginia",0,0,0,0,0,0,0,0,0,0,0,0,0,0,0,0,0,0,0,0,0
510010908002026,"Block 2026, Block Group 2, Census Tract 908, Accomack County, Virginia",0,0,0,0,0,0,0,0,0,0,0,0,0,0,0,0,0,0,0,0,0
510010908002030,"Block 2030, Block Group 2, Census Tract 908, Accomack County, Virginia",0,0,0,0,0,0,0,0,0,0,0,0,0,0,0,0,0,0,0,0,0
510010908003039,"Block 3039, Block Group 3, Census Tract 908, Accomack County, Virginia",37,0,0,34,0,0,0,2,1,31,6,15,15,7,0,6,1,0,0,0,0
510010908003038,"Block 3038, Block Group 3, Census Tract 908, Accomack County, Virginia",0,0,0,0,0,0,0,0,0,0,0,0,0,0,0,0,0,0,0,0,0
510010903003029,"Block 3029, Block Group 3, Census Tract 903, Accomack County, Virginia",0,0,0,0,0,0,0,0,0,0,0,0,0,0,0,0,0,0,0,0,0
510010903003032,"Block 3032, Block Group 3, Census Tract 903, Accomack County, Virginia",0,0,0,0,0,0,0,0,0,0,0,0,0,0,0,0,0,0,0,0,0
510010903003036,"Block 3036, Block Group 3, Census Tract 903, Accomack County, Virginia",0,0,0,0,0,0,0,0,0,0,0,0,0,0,0,0,0,0,0,0,0
510010903003039,"Block 3039, Block Group 3, Census Tract 903, Accomack County, Virginia",10,3,7,0,0,0,0,0,0,7,3,7,7,7,2,2,3,1,0,1,0
510010903003042,"Block 3042, Block Group 3, Census Tract 903, Accomack County, Virginia",2,1,0,0,0,0,0,0,1,0,2,3,3,1,0,1,0,0,0,0,0
510010903003045,"Block 3045, Block Group 3, Census Tract 903, Accomack County, Virginia",19,1,14,4,0,0,0,0,0,16,3,7,7,6,1,3,2,0,0,0,0
510010903003049,"Block 3049, Block Group 3, Census Tract 903, Accomack County, Virginia",0,0,0,0,0,0,0,0,0,0,0,0,0,0,0,0,0,0,0,0,0
510010903003052,"Block 3052, Block Group 3, Census Tract 903, Accomack County, Virginia",27,1,19,3,0,0,0,0,4,22,5,18,0,11,2,5,4,0,0,0,0
510010903003055,"Block 3055, Block Group 3, Census Tract 903, Accomack County, Virginia",9,1,7,0,0,0,0,0,1,8,1,2,2,5,4,0,1,0,0,0,0
510010903003058,"Block 3058, Block Group 3, Census Tract 903, Accomack County, Virginia",20,3,17,0,0,0,0,0,0,10,10,5,5,8,1,3,4,0,0,0,0
510010903003062,"Block 3062, Block Group 3, Census Tract 903, Accomack County, Virginia",3,1,1,1,0,0,0,0,0,3,0,1,0,3,0,1,2,0,0,0,0
510010903003078,"Block 3078, Block Group 3, Census Tract 903, Accomack County, Virginia",22,3,19,0,0,0,0,0,0,17,5,8,8,7,2,2,3,0,0,0,0
510010904011002,"Block 1002, Block Group 1, Census Tract 904.01, Accomack County, Virginia",0,0,0,0,0,0,0,0,0,0,0,0,0,0,0,0,0,0,0,0,0
510010904011006,"Block 1006, Block Group 1, Census Tract 904.01, Accomack County, Virginia",6,4,2,0,0,0,0,0,0,3,3,3,1,3,0,2,1,0,0,0,0
510010904011009,"Block 1009, Block Group 1, Census Tract 904.01, Accomack County, Virginia",8,0,6,1,0,0,0,0,1,8,0,6,3,2,2,0,0,0,0,0,0
510010904011012,"Block 1012, Block Group 1, Census Tract 904.01, Accomack County, Virginia",0,0,0,0,0,0,0,0,0,0,0,0,0,0,0,0,0,0,0,0,0
510010904011016,"Block 1016, Block Group 1, Census Tract 904.01, Accomack County, Virginia",0,0,0,0,0,0,0,0,0,0,0,0,0,0,0,0,0,0,0,0,0
510010904011019,"Block 1019, Block Group 1, Census Tract 904.01, Accomack County, Virginia",0,0,0,0,0,0,0,0,0,0,0,0,0,0,0,0,0,0,0,0,0
510010904011022,"Block 1022, Block Group 1, Census Tract 904.01, Accomack County, Virginia",0,0,0,0,0,0,0,0,0,0,0,0,0,0,0,0,0,0,0,0,0
510010904011026,"Block 1026, Block Group 1, Census Tract 904.01, Accomack County, Virginia",15,2,12,1,0,0,0,0,0,6,9,6,5,7,1,2,4,0,0,0,0
510010904011029,"Block 1029, Block Group 1, Census Tract 904.01, Accomack County, Virginia",195,126,4,62,0,0,0,0,3,124,71,71,68,63,11,18,34,14,5,8,1
510010904011032,"Block 1032, Block Group 1, Census Tract 904.01, Accomack County, Virginia",0,0,0,0,0,0,0,0,0,0,0,0,0,0,0,0,0,0,0,0,0
510010904011035,"Block 1035, Block Group 1, Census Tract 904.01, Accomack County, Virginia",92,35,19,37,0,0,0,0,1,72,20,42,31,25,5,7,13,3,1,2,0
510010904012004,"Block 2004, Block Group 2, Census Tract 904.01, Accomack County, Virginia",0,0,0,0,0,0,0,0,0,0,0,0,0,0,0,0,0,0,0,0,0
510010904012007,"Block 2007, Block Group 2, Census Tract 904.01, Accomack County, Virginia",54,8,19,26,0,0,0,0,1,48,6,21,21,16,2,6,8,1,0,1,0
510010904012010,"Block 2010, Block Group 2, Census Tract 904.01, Accomack County, Virginia",52,1,50,0,0,0,0,0,1,46,6,20,20,39,4,13,22,2,1,1,0
510010904012014,"Block 2014, Block Group 2, Census Tract 904.01, Accomack County, Virginia",2,0,0,0,0,2,0,0,0,2,0,3,0,6,1,0,5,0,0,0,0
510010904012017,"Block 2017, Block Group 2, Census Tract 904.01, Accomack County, Virginia",17,6,4,7,0,0,0,0,0,13,4,6,6,3,1,1,1,1,1,0,0
510010904012020,"Block 2020, Block Group 2, Census Tract 904.01, Accomack County, Virginia",7,4,2,1,0,0,0,0,0,1,6,2,0,2,1,1,0,0,0,0,0
510010904012023,"Block 2023, Block Group 2, Census Tract 904.01, Accomack County, Virginia",0,0,0,0,0,0,0,0,0,0,0,0,0,0,0,0,0,0,0,0,0
510010906004004,"Block 4004, Block Group 4, Census Tract 906, Accomack County, Virginia",14,0,0,12,0,0,0,0,2,7,7,9,9,5,1,2,2,0,0,0,0
510010906004008,"Block 4008, Block Group 4, Census Tract 906, Accomack County, Virginia",10,0,10,0,0,0,0,0,0,7,3,4,0,3,1,1,1,0,0,0,0
510010906004026,"Block 4026, Block Group 4, Census Tract 906, Accomack County, Virginia",30,0,27,2,0,0,0,0,1,29,1,28,16,10,2,3,5,1,1,0,0
510010906004029,"Block 4029, Block Group 4, Census Tract 906, Accomack County, Virginia",0,0,0,0,0,0,0,0,0,0,0,0,0,0,0,0,0,0,0,0,0
510010906004032,"Block 4032, Block Group 4, Census Tract 906, Accomack County, Virginia",50,0,43,7,0,0,0,0,0,45,5,36,25,20,4,8,8,7,0,5,2
510010906004036,"Block 4036, Block Group 4, Census Tract 906, Accomack County, Virginia",0,0,0,0,0,0,0,0,0,0,0,0,0,0,0,0,0,0,0,0,0
510010906004039,"Block 4039, Block Group 4, Census Tract 906, Accomack County, Virginia",37,0,31,0,0,0,0,0,6,31,6,21,21,7,0,4,3,0,0,0,0
510010906004042,"Block 4042, Block Group 4, Census Tract 906, Accomack County, Virginia",37,0,36,1,0,0,0,0,0,36,1,20,13,14,2,7,5,3,0,2,1
510010906004046,"Block 4046, Block Group 4, Census Tract 906, Accomack County, Virginia",0,0,0,0,0,0,0,0,0,0,0,0,0,0,0,0,0,0,0,0,0
510010906004049,"Block 4049, Block Group 4, Census Tract 906, Accomack County, Virginia",25,2,0,23,0,0,0,0,0,23,2,15,15,12,1,8,3,0,0,0,0
510019801001006,"Block 1006, Block Group 1, Census Tract 9801, Accomack County, Virginia",0,0,0,0,0,0,0,0,0,0,0,0,0,0,0,0,0,0,0,0,0
510019801001010,"Block 1010, Block Group 1, Census Tract 9801, Accomack County, Virginia",0,0,0,0,0,0,0,0,0,0,0,0,0,0,0,0,0,0,0,0,0
510019801001013,"Block 1013, Block Group 1, Census Tract 9801, Accomack County, Virginia",0,0,0,0,0,0,0,0,0,0,0,0,0,0,0,0,0,0,0,0,0
510019801001016,"Block 1016, Block Group 1, Census Tract 9801, Accomack County, Virginia",0,0,0,0,0,0,0,0,0,0,0,0,0,0,0,0,0,0,0,0,0
510019801001019,"Block 1019, Block Group 1, Census Tract 9801, Accomack County, Virginia",0,0,0,0,0,0,0,0,0,0,0,0,0,0,0,0,0,0,0,0,0
510019801001023,"Block 1023, Block Group 1, Census Tract 9801, Accomack County, Virginia",0,0,0,0,0,0,0,0,0,0,0,0,0,0,0,0,0,0,0,0,0
510019801001026,"Block 1026, Block Group 1, Census Tract 9801, Accomack County, Virginia",1,0,0,0,0,0,0,0,1,1,0,1,1,217,40,79,98,0,0,0,0
510019801001029,"Block 1029, Block Group 1, Census Tract 9801, Accomack County, Virginia",0,0,0,0,0,0,0,0,0,0,0,0,0,0,0,0,0,0,0,0,0
510019801001032,"Block 1032, Block Group 1, Census Tract 9801, Accomack County, Virginia",0,0,0,0,0,0,0,0,0,0,0,0,0,0,0,0,0,0,0,0,0
510019801001036,"Block 1036, Block Group 1, Census Tract 9801, Accomack County, Virginia",0,0,0,0,0,0,0,0,0,0,0,0,0,0,0,0,0,0,0,0,0
510019801001039,"Block 1039, Block Group 1, Census Tract 9801, Accomack County, Virginia",0,0,0,0,0,0,0,0,0,0,0,0,0,0,0,0,0,0,0,0,0
510019801001057,"Block 1057, Block Group 1, Census Tract 9801, Accomack County, Virginia",0,0,0,0,0,0,0,0,0,0,0,0,0,0,0,0,0,0,0,0,0
510019801001060,"Block 1060, Block Group 1, Census Tract 9801, Accomack County, Virginia",0,0,0,0,0,0,0,0,0,0,0,0,0,0,0,0,0,0,0,0,0
510019802001000,"Block 1000, Block Group 1, Census Tract 9802, Accomack County, Virginia",0,0,0,0,0,0,0,0,0,0,0,0,0,0,0,0,0,0,0,0,0
510019802001003,"Block 1003, Block Group 1, Census Tract 9802, Accomack County, Virginia",0,0,0,0,0,0,0,0,0,0,0,0,0,3,0,1,2,0,0,0,0
510019802001006,"Block 1006, Block Group 1, Census Tract 9802, Accomack County, Virginia",0,0,0,0,0,0,0,0,0,0,0,0,0,0,0,0,0,0,0,0,0
510019802001009,"Block 1009, Block Group 1, Census Tract 9802, Accomack County, Virginia",0,0,0,0,0,0,0,0,0,0,0,0,0,0,0,0,0,0,0,0,0
510019802001013,"Block 1013, Block Group 1, Census Tract 9802, Accomack County, Virginia",0,0,0,0,0,0,0,0,0,0,0,0,0,3,1,0,2,0,0,0,0
510019802001016,"Block 1016, Block Group 1, Census Tract 9802, Accomack County, Virginia",0,0,0,0,0,0,0,0,0,0,0,0,0,2,0,0,2,0,0,0,0
510019802001019,"Block 1019, Block Group 1, Census Tract 9802, Accomack County, Virginia",0,0,0,0,0,0,0,0,0,0,0,0,0,5,2,0,3,0,0,0,0
510019802001023,"Block 1023, Block Group 1, Census Tract 9802, Accomack County, Virginia",0,0,0,0,0,0,0,0,0,0,0,0,0,6,0,2,4,0,0,0,0
510019802001026,"Block 1026, Block Group 1, Census Tract 9802, Accomack County, Virginia",0,0,0,0,0,0,0,0,0,0,0,0,0,5,0,1,4,0,0,0,0
510019802001044,"Block 1044, Block Group 1, Census Tract 9802, Accomack County, Virginia",0,0,0,0,0,0,0,0,0,0,0,0,0,0,0,0,0,0,0,0,0
510019802001047,"Block 1047, Block Group 1, Census Tract 9802, Accomack County, Virginia",0,0,0,0,0,0,0,0,0,0,0,0,0,0,0,0,0,0,0,0,0
510019802001051,"Block 1051, Block Group 1, Census Tract 9802, Accomack County, Virginia",0,0,0,0,0,0,0,0,0,0,0,0,0,7,3,0,4,0,0,0,0
510019802001054,"Block 1054, Block Group 1, Census Tract 9802, Accomack County, Virginia",0,0,0,0,0,0,0,0,0,0,0,0,0,5,2,1,2,0,0,0,0
510019802001057,"Block 1057, Block Group 1, Census Tract 9802, Accomack County, Virginia",0,0,0,0,0,0,0,0,0,0,0,0,0,5,1,0,4,0,0,0,0
510019802001060,"Block 1060, Block Group 1, Census Tract 9802, Accomack County, Virginia",0,0,0,0,0,0,0,0,0,0,0,0,0,0,0,0,0,0,0,0,0
510019802001064,"Block 1064, Block Group 1, Census Tract 9802, Accomack County, Virginia",0,0,0,0,0,0,0,0,0,0,0,0,0,0,0,0,0,0,0,0,0
510010906004052,"Block 4052, Block Group 4, Census Tract 906, Accomack County, Virginia",15,1,12,0,0,0,0,0,2,9,6,3,3,5,0,1,4,0,0,0,0
510010907001000,"Block 1000, Block Group 1, Census Tract 907, Accomack County, Virginia",0,0,0,0,0,0,0,0,0,0,0,0,0,0,0,0,0,0,0,0,0
510010907001004,"Block 1004, Block Group 1, Census Tract 907, Accomack County, Virginia",10,1,1,5,0,0,0,0,3,10,0,5,5,2,0,1,1,2,0,0,2
510010907001022,"Block 1022, Block Group 1, Census Tract 907, Accomack County, Virginia",0,0,0,0,0,0,0,0,0,0,0,0,0,0,0,0,0,4,3,1,0
510010907001025,"Block 1025, Block Group 1, Census Tract 907, Accomack County, Virginia",12,4,3,4,0,0,0,0,1,7,5,5,5,7,3,2,2,85,28,40,17
510010907001028,"Block 1028, Block Group 1, Census Tract 907, Accomack County, Virginia",32,2,27,0,0,2,0,0,1,23,9,14,14,14,3,4,7,0,0,0,0
510010907001032,"Block 1032, Block Group 1, Census Tract 907, Accomack County, Virginia",18,3,15,0,0,0,0,0,0,16,2,8,0,6,0,2,4,0,0,0,0
510010907001035,"Block 1035, Block Group 1, Census Tract 907, Accomack County, Virginia",6,0,4,0,0,1,0,0,1,5,1,2,2,4,0,3,1,0,0,0,0
510010907001038,"Block 1038, Block Group 1, Census Tract 907, Accomack County, Virginia",0,0,0,0,0,0,0,0,0,0,0,0,0,0,0,0,0,0,0,0,0
510010907001042,"Block 1042, Block Group 1, Census Tract 907, Accomack County, Virginia",0,0,0,0,0,0,0,0,0,0,0,0,0,0,0,0,0,3,0,3,0
510010907001045,"Block 1045, Block Group 1, Census Tract 907, Accomack County, Virginia",68,1,6,59,0,1,0,0,1,65,3,35,30,25,4,14,7,0,0,0,0
510010907001048,"Block 1048, Block Group 1, Census Tract 907, Accomack County, Virginia",0,0,0,0,0,0,0,0,0,0,0,0,0,0,0,0,0,5,0,0,5
510010907001051,"Block 1051, Block Group 1, Census Tract 907, Accomack County, Virginia",7,6,0,0,0,1,0,0,0,4,3,1,1,2,0,1,1,0,0,0,0
510010907001055,"Block 1055, Block Group 1, Census Tract 907, Accomack County, Virginia",18,0,7,10,0,0,0,0,1,14,4,10,3,6,3,2,1,1,0,1,0
510010907002010,"Block 2010, Block Group 2, Census Tract 907, Accomack County, Virginia",9,0,8,1,0,0,0,0,0,8,1,5,5,4,0,1,3,1,0,0,1
510010907002013,"Block 2013, Block Group 2, Census Tract 907, Accomack County, Virginia",0,0,0,0,0,0,0,0,0,0,0,0,0,0,0,0,0,0,0,0,0
510010907002016,"Block 2016, Block Group 2, Census Tract 907, Accomack County, Virginia",22,2,2,15,0,0,0,0,3,19,3,21,21,4,2,1,1,0,0,0,0
510010907002020,"Block 2020, Block Group 2, Census Tract 907, Accomack County, Virginia",2,0,2,0,0,0,0,0,0,0,2,1,1,1,0,1,0,0,0,0,0
510010907002023,"Block 2023, Block Group 2, Census Tract 907, Accomack County, Virginia",0,0,0,0,0,0,0,0,0,0,0,0,0,0,0,0,0,0,0,0,0
510010907002026,"Block 2026, Block Group 2, Census Tract 907, Accomack County, Virginia",7,1,0,4,0,0,0,0,2,3,4,2,2,3,0,1,2,0,0,0,0
510010907002029,"Block 2029, Block Group 2, Census Tract 907, Accomack County, Virginia",14,0,9,5,0,0,0,0,0,7,7,3,1,5,3,1,1,0,0,0,0
510010902012082,"Block 2082, Block Group 2, Census Tract 902.01, Accomack County, Virginia",3,0,0,0,0,0,0,0,3,3,0,7,0,1,0,0,1,6,1,1,4
510010902012085,"Block 2085, Block Group 2, Census Tract 902.01, Accomack County, Virginia",12,0,8,0,0,2,0,0,2,10,2,5,3,2,0,1,1,0,0,0,0
510010902012088,"Block 2088, Block Group 2, Census Tract 902.01, Accomack County, Virginia",6,2,1,3,0,0,0,0,0,4,2,1,1,1,0,0,1,0,0,0,0
510010902012092,"Block 2092, Block Group 2, Census Tract 902.01, Accomack County, Virginia",35,1,34,0,0,0,0,0,0,31,4,55,25,7,1,3,3,0,0,0,0
510010902012095,"Block 2095, Block Group 2, Census Tract 902.01, Accomack County, Virginia",9,0,9,0,0,0,0,0,0,9,0,10,1,3,1,1,1,0,0,0,0
510010902021000,"Block 1000, Block Group 1, Census Tract 902.02, Accomack County, Virginia",7,0,4,3,0,0,0,0,0,3,4,1,0,2,0,2,0,0,0,0,0
510010902021004,"Block 1004, Block Group 1, Census Tract 902.02, Accomack County, Virginia",0,0,0,0,0,0,0,0,0,0,0,0,0,0,0,0,0,0,0,0,0
510010902021007,"Block 1007, Block Group 1, Census Tract 902.02, Accomack County, Virginia",6,0,5,1,0,0,0,0,0,2,4,5,5,2,1,0,1,0,0,0,0
510010902021010,"Block 1010, Block Group 1, Census Tract 902.02, Accomack County, Virginia",27,0,10,17,0,0,0,0,0,25,2,16,15,11,1,5,5,0,0,0,0
510010905002023,"Block 2023, Block Group 2, Census Tract 905, Accomack County, Virginia",2,0,2,0,0,0,0,0,0,0,2,6,6,2,0,0,2,2,0,2,0
510010905002026,"Block 2026, Block Group 2, Census Tract 905, Accomack County, Virginia",0,0,0,0,0,0,0,0,0,0,0,0,0,0,0,0,0,0,0,0,0
510010905002029,"Block 2029, Block Group 2, Census Tract 905, Accomack County, Virginia",5,0,4,0,0,0,0,0,1,5,0,3,3,1,1,0,0,0,0,0,0
510010905002032,"Block 2032, Block Group 2, Census Tract 905, Accomack County, Virginia",22,1,17,3,0,0,0,0,1,17,5,5,5,12,1,4,7,0,0,0,0
510010905002036,"Block 2036, Block Group 2, Census Tract 905, Accomack County, Virginia",0,0,0,0,0,0,0,0,0,0,0,0,0,0,0,0,0,0,0,0,0
510010905002055,"Block 2055, Block Group 2, Census Tract 905, Accomack County, Virginia",6,0,5,0,0,0,0,0,1,5,1,4,4,1,0,1,0,0,0,0,0
510010905002058,"Block 2058, Block Group 2, Census Tract 905, Accomack County, Virginia",10,1,8,0,0,0,0,0,1,8,2,4,0,4,0,3,1,0,0,0,0
510010905002061,"Block 2061, Block Group 2, Census Tract 905, Accomack County, Virginia",11,4,3,4,0,0,0,0,0,5,6,5,5,1,1,0,0,0,0,0,0
510010902021014,"Block 1014, Block Group 1, Census Tract 902.02, Accomack County, Virginia",0,0,0,0,0,0,0,0,0,0,0,0,0,0,0,0,0,0,0,0,0
510010902021017,"Block 1017, Block Group 1, Census Tract 902.02, Accomack County, Virginia",0,0,0,0,0,0,0,0,0,0,0,0,0,0,0,0,0,0,0,0,0
510010902021034,"Block 1034, Block Group 1, Census Tract 902.02, Accomack County, Virginia",0,0,0,0,0,0,0,0,0,0,0,0,0,0,0,0,0,0,0,0,0
510010902021037,"Block 1037, Block Group 1, Census Tract 902.02, Accomack County, Virginia",0,0,0,0,0,0,0,0,0,0,0,0,0,0,0,0,0,0,0,0,0
510010902021040,"Block 1040, Block Group 1, Census Tract 902.02, Accomack County, Virginia",17,0,13,4,0,0,0,0,0,14,3,7,7,7,1,4,2,0,0,0,0
510010902021044,"Block 1044, Block Group 1, Census Tract 902.02, Accomack County, Virginia",6,0,3,3,0,0,0,0,0,3,3,2,2,3,0,2,1,0,0,0,0
510010902021047,"Block 1047, Block Group 1, Census Tract 902.02, Accomack County, Virginia",6,0,0,6,0,0,0,0,0,4,2,5,0,1,0,1,0,3,1,0,2
510010902021050,"Block 1050, Block Group 1, Census Tract 902.02, Accomack County, Virginia",5,0,1,1,0,1,0,0,2,3,2,2,0,4,1,2,1,0,0,0,0
510010902021054,"Block 1054, Block Group 1, Census Tract 902.02, Accomack County, Virginia",8,0,7,1,0,0,0,0,0,7,1,4,4,4,1,2,1,1,0,1,0
510010902021057,"Block 1057, Block Group 1, Census Tract 902.02, Accomack County, Virginia",10,2,3,3,0,0,0,0,2,8,2,3,3,3,1,1,1,0,0,0,0
510010902021060,"Block 1060, Block Group 1, Census Tract 902.02, Accomack County, Virginia",7,0,5,0,0,0,0,0,2,0,7,1,1,4,0,0,4,0,0,0,0
510010902021064,"Block 1064, Block Group 1, Census Tract 902.02, Accomack County, Virginia",12,0,12,0,0,0,0,0,0,9,3,2,0,2,0,0,2,0,0,0,0
510010902021067,"Block 1067, Block Group 1, Census Tract 902.02, Accomack County, Virginia",5,0,2,3,0,0,0,0,0,4,1,2,2,1,0,0,1,0,0,0,0
510010902022015,"Block 2015, Block Group 2, Census Tract 902.02, Accomack County, Virginia",39,9,18,12,0,0,0,0,0,25,14,16,16,9,3,2,4,0,0,0,0
510010902022018,"Block 2018, Block Group 2, Census Tract 902.02, Accomack County, Virginia",144,4,93,44,0,0,0,0,3,118,26,79,59,66,14,22,30,6,1,4,1
510010902022021,"Block 2021, Block Group 2, Census Tract 902.02, Accomack County, Virginia",76,1,57,15,0,0,0,0,3,65,11,47,47,33,3,8,22,7,0,2,5
510010902022025,"Block 2025, Block Group 2, Census Tract 902.02, Accomack County, Virginia",0,0,0,0,0,0,0,0,0,0,0,0,0,0,0,0,0,0,0,0,0
510010902022028,"Block 2028, Block Group 2, Census Tract 902.02, Accomack County, Virginia",19,0,14,0,0,0,0,0,5,14,5,4,4,3,1,2,0,0,0,0,0
510010902022031,"Block 2031, Block Group 2, Census Tract 902.02, Accomack County, Virginia",0,0,0,0,0,0,0,0,0,0,0,0,0,0,0,0,0,0,0,0,0
510010902022035,"Block 2035, Block Group 2, Census Tract 902.02, Accomack County, Virginia",31,0,3,27,1,0,0,0,0,26,5,18,9,16,4,4,8,0,0,0,0
510010902022038,"Block 2038, Block Group 2, Census Tract 902.02, Accomack County, Virginia",0,0,0,0,0,0,0,0,0,0,0,0,0,0,0,0,0,0,0,0,0
510010902022041,"Block 2041, Block Group 2, Census Tract 902.02, Accomack County, Virginia",0,0,0,0,0,0,0,0,0,0,0,0,0,0,0,0,0,0,0,0,0
510010904012028,"Block 2028, Block Group 2, Census Tract 904.01, Accomack County, Virginia",47,10,3,34,0,0,0,0,0,37,10,31,24,21,1,11,9,6,3,3,0
510010904012031,"Block 2031, Block Group 2, Census Tract 904.01, Accomack County, Virginia",14,0,14,0,0,0,0,0,0,14,0,11,7,3,1,2,0,0,0,0,0
510010904012035,"Block 2035, Block Group 2, Census Tract 904.01, Accomack County, Virginia",3,0,2,0,0,0,0,0,1,2,1,2,2,1,0,0,1,0,0,0,0
510010904012038,"Block 2038, Block Group 2, Census Tract 904.01, Accomack County, Virginia",0,0,0,0,0,0,0,0,0,0,0,0,0,0,0,0,0,0,0,0,0
510010904012041,"Block 2041, Block Group 2, Census Tract 904.01, Accomack County, Virginia",24,4,15,3,0,0,0,0,2,18,6,5,5,10,4,1,5,0,0,0,0
510010905002065,"Block 2065, Block Group 2, Census Tract 905, Accomack County, Virginia",9,0,8,0,0,0,0,0,1,8,1,9,9,3,0,2,1,0,0,0,0
510010905002068,"Block 2068, Block Group 2, Census Tract 905, Accomack County, Virginia",0,0,0,0,0,0,0,0,0,0,0,0,0,0,0,0,0,2,0,2,0
510010905002071,"Block 2071, Block Group 2, Census Tract 905, Accomack County, Virginia",20,0,9,11,0,0,0,0,0,9,11,9,8,7,2,2,3,0,0,0,0
510010905002075,"Block 2075, Block Group 2, Census Tract 905, Accomack County, Virginia",7,2,0,5,0,0,0,0,0,6,1,11,11,2,0,2,0,2,0,1,1
510010905002078,"Block 2078, Block Group 2, Census Tract 905, Accomack County, Virginia",8,4,1,2,0,0,0,1,0,7,1,3,0,5,0,2,3,0,0,0,0
510010905002081,"Block 2081, Block Group 2, Census Tract 905, Accomack County, Virginia",11,3,8,0,0,0,0,0,0,8,3,8,8,3,0,2,1,37,5,21,11
510010905002084,"Block 2084, Block Group 2, Census Tract 905, Accomack County, Virginia",71,14,28,29,0,0,0,0,0,65,6,36,36,35,5,16,14,2,1,1,0
510010905002088,"Block 2088, Block Group 2, Census Tract 905, Accomack County, Virginia",9,1,7,1,0,0,0,0,0,8,1,5,5,5,2,0,3,0,0,0,0
510010905003016,"Block 3016, Block Group 3, Census Tract 905, Accomack County, Virginia",0,0,0,0,0,0,0,0,0,0,0,0,0,0,0,0,0,0,0,0,0
510010905003019,"Block 3019, Block Group 3, Census Tract 905, Accomack County, Virginia",5,2,3,0,0,0,0,0,0,4,1,3,3,2,1,0,1,0,0,0,0
510010905003022,"Block 3022, Block Group 3, Census Tract 905, Accomack County, Virginia",8,0,6,2,0,0,0,0,0,6,2,6,6,4,2,1,1,0,0,0,0
510010905003026,"Block 3026, Block Group 3, Census Tract 905, Accomack County, Virginia",7,1,0,5,0,0,0,0,1,6,1,6,0,1,0,1,0,0,0,0,0
510010905003029,"Block 3029, Block Group 3, Census Tract 905, Accomack County, Virginia",24,2,0,22,0,0,0,0,0,22,2,13,2,6,2,3,1,0,0,0,0
510010905003032,"Block 3032, Block Group 3, Census Tract 905, Accomack County, Virginia",14,7,5,0,0,0,0,0,2,11,3,9,9,4,1,2,1,5,2,2,1
510010905003036,"Block 3036, Block Group 3, Census Tract 905, Accomack County, Virginia",25,0,17,7,0,0,0,0,1,19,6,11,11,14,3,7,4,0,0,0,0
510010905003039,"Block 3039, Block Group 3, Census Tract 905, Accomack County, Virginia",0,0,0,0,0,0,0,0,0,0,0,0,0,0,0,0,0,0,0,0,0
510010905003042,"Block 3042, Block Group 3, Census Tract 905, Accomack County, Virginia",56,14,21,19,0,0,0,0,2,41,15,23,23,29,0,14,15,3,2,1,0
510010905003045,"Block 3045, Block Group 3, Census Tract 905, Accomack County, Virginia",24,4,6,14,0,0,0,0,0,14,10,9,9,11,1,3,7,1,0,1,0
510010905003049,"Block 3049, Block Group 3, Census Tract 905, Accomack County, Virginia",0,0,0,0,0,0,0,0,0,0,0,0,0,0,0,0,0,0,0,0,0
510010905003066,"Block 3066, Block Group 3, Census Tract 905, Accomack County, Virginia",0,0,0,0,0,0,0,0,0,0,0,0,0,0,0,0,0,0,0,0,0
510010905003070,"Block 3070, Block Group 3, Census Tract 905, Accomack County, Virginia",38,12,0,26,0,0,0,0,0,31,7,18,13,7,0,3,4,2,0,2,0
510010906001002,"Block 1002, Block Group 1, Census Tract 906, Accomack County, Virginia",0,0,0,0,0,0,0,0,0,0,0,0,0,0,0,0,0,0,0,0,0
510010906001005,"Block 1005, Block Group 1, Census Tract 906, Accomack County, Virginia",0,0,0,0,0,0,0,0,0,0,0,0,0,0,0,0,0,0,0,0,0
510010906001008,"Block 1008, Block Group 1, Census Tract 906, Accomack County, Virginia",0,0,0,0,0,0,0,0,0,0,0,0,0,0,0,0,0,0,0,0,0
510010906001012,"Block 1012, Block Group 1, Census Tract 906, Accomack County, Virginia",2,0,1,0,0,0,0,0,1,2,0,2,0,0,0,0,0,0,0,0,0
510010904012046,"Block 2046, Block Group 2, Census Tract 904.01, Accomack County, Virginia",72,2,58,11,0,1,0,0,0,61,11,29,22,35,6,10,19,1,0,1,0
510010904012049,"Block 2049, Block Group 2, Census Tract 904.01, Accomack County, Virginia",12,0,9,3,0,0,0,0,0,9,3,3,0,9,1,1,7,1,1,0,0
510010904012053,"Block 2053, Block Group 2, Census Tract 904.01, Accomack County, Virginia",14,0,12,1,0,0,0,0,1,14,0,7,7,5,0,2,3,0,0,0,0
510010904012056,"Block 2056, Block Group 2, Census Tract 904.01, Accomack County, Virginia",9,0,9,0,0,0,0,0,0,9,0,4,4,1,0,0,1,0,0,0,0
510010904012059,"Block 2059, Block Group 2, Census Tract 904.01, Accomack County, Virginia",0,0,0,0,0,0,0,0,0,0,0,0,0,0,0,0,0,0,0,0,0
510010904012063,"Block 2063, Block Group 2, Census Tract 904.01, Accomack County, Virginia",72,5,18,49,0,0,0,0,0,53,19,32,32,26,4,11,11,1,0,1,0
510010904012066,"Block 2066, Block Group 2, Census Tract 904.01, Accomack County, Virginia",51,19,7,22,0,0,0,0,3,41,10,28,20,17,2,7,8,7,1,0,6
510010904012069,"Block 2069, Block Group 2, Census Tract 904.01, Accomack County, Virginia",6,3,2,1,0,0,0,0,0,4,2,2,0,3,0,0,3,0,0,0,0
510010904012073,"Block 2073, Block Group 2, Census Tract 904.01, Accomack County, Virginia",0,0,0,0,0,0,0,0,0,0,0,0,0,0,0,0,0,0,0,0,0
510010901011004,"Block 1004, Block Group 1, Census Tract 901.01, Accomack County, Virginia",11,0,7,1,0,1,0,0,2,7,4,9,9,6,2,0,4,0,0,0,0
510010901011007,"Block 1007, Block Group 1, Census Tract 901.01, Accomack County, Virginia",0,0,0,0,0,0,0,0,0,0,0,0,0,0,0,0,0,0,0,0,0
510010901011010,"Block 1010, Block Group 1, Census Tract 901.01, Accomack County, Virginia",0,0,0,0,0,0,0,0,0,0,0,0,0,0,0,0,0,0,0,0,0
510010901011014,"Block 1014, Block Group 1, Census Tract 901.01, Accomack County, Virginia",0,0,0,0,0,0,0,0,0,0,0,0,0,0,0,0,0,0,0,0,0
510010901011017,"Block 1017, Block Group 1, Census Tract 901.01, Accomack County, Virginia",0,0,0,0,0,0,0,0,0,0,0,0,0,0,0,0,0,0,0,0,0
510010901011020,"Block 1020, Block Group 1, Census Tract 901.01, Accomack County, Virginia",18,0,16,0,0,1,0,0,1,18,0,10,2,5,1,2,2,0,0,0,0
510010901011023,"Block 1023, Block Group 1, Census Tract 901.01, Accomack County, Virginia",0,0,0,0,0,0,0,0,0,0,0,0,0,0,0,0,0,0,0,0,0
510010904012076,"Block 2076, Block Group 2, Census Tract 904.01, Accomack County, Virginia",0,0,0,0,0,0,0,0,0,0,0,0,0,0,0,0,0,0,0,0,0
510010904012079,"Block 2079, Block Group 2, Census Tract 904.01, Accomack County, Virginia",9,2,5,1,0,0,0,0,1,7,2,4,4,4,1,0,3,0,0,0,0
510010904021001,"Block 1001, Block Group 1, Census Tract 904.02, Accomack County, Virginia",0,0,0,0,0,0,0,0,0,0,0,0,0,0,0,0,0,0,0,0,0
510010904021004,"Block 1004, Block Group 1, Census Tract 904.02, Accomack County, Virginia",0,0,0,0,0,0,0,0,0,0,0,0,0,0,0,0,0,0,0,0,0
510010904021007,"Block 1007, Block Group 1, Census Tract 904.02, Accomack County, Virginia",60,0,36,24,0,0,0,0,0,45,15,35,27,21,3,9,9,0,0,0,0
510010904021011,"Block 1011, Block Group 1, Census Tract 904.02, Accomack County, Virginia",9,1,0,6,0,0,0,0,2,9,0,3,3,6,1,1,4,0,0,0,0
510010904021014,"Block 1014, Block Group 1, Census Tract 904.02, Accomack County, Virginia",14,7,1,3,0,0,0,0,3,8,6,1,0,3,0,1,2,0,0,0,0
510010904021017,"Block 1017, Block Group 1, Census Tract 904.02, Accomack County, Virginia",0,0,0,0,0,0,0,0,0,0,0,0,0,0,0,0,0,0,0,0,0
510010904021021,"Block 1021, Block Group 1, Census Tract 904.02, Accomack County, Virginia",15,0,13,0,2,0,0,0,0,13,2,17,17,5,0,1,4,4,0,3,1
510010904021024,"Block 1024, Block Group 1, Census Tract 904.02, Accomack County, Virginia",15,5,8,2,0,0,0,0,0,8,7,6,6,5,2,2,1,0,0,0,0
510010904021027,"Block 1027, Block Group 1, Census Tract 904.02, Accomack County, Virginia",424,122,119,173,0,0,0,0,10,299,125,123,101,141,25,54,62,134,26,70,38
510010904021031,"Block 1031, Block Group 1, Census Tract 904.02, Accomack County, Virginia",0,0,0,0,0,0,0,0,0,0,0,0,0,0,0,0,0,0,0,0,0
510010904021034,"Block 1034, Block Group 1, Census Tract 904.02, Accomack County, Virginia",30,3,8,17,0,1,0,0,1,17,13,8,0,12,4,2,6,0,0,0,0
510010904021051,"Block 1051, Block Group 1, Census Tract 904.02, Accomack County, Virginia",22,14,3,2,0,1,0,0,2,12,10,1,1,2,0,0,2,0,0,0,0
510010904021054,"Block 1054, Block Group 1, Census Tract 904.02, Accomack County, Virginia",181,9,31,138,1,0,0,0,2,157,24,119,113,68,14,22,32,2,0,2,0
510010904021057,"Block 1057, Block Group 1, Census Tract 904.02, Accomack County, Virginia",41,17,18,4,0,1,0,0,1,31,10,13,13,12,1,4,7,0,0,0,0
510010904021061,"Block 1061, Block Group 1, Census Tract 904.02, Accomack County, Virginia",110,26,50,32,0,0,0,0,2,81,29,57,50,30,4,12,14,5,0,5,0
510010904021064,"Block 1064, Block Group 1, Census Tract 904.02, Accomack County, Virginia",22,4,15,0,0,0,0,0,3,10,12,7,0,9,1,3,5,0,0,0,0
510010904021067,"Block 1067, Block Group 1, Census Tract 904.02, Accomack County, Virginia",0,0,0,0,0,0,0,0,0,0,0,0,0,0,0,0,0,0,0,0,0
510010904021071,"Block 1071, Block Group 1, Census Tract 904.02, Accomack County, Virginia",0,0,0,0,0,0,0,0,0,0,0,0,0,0,0,0,0,0,0,0,0
510010904021074,"Block 1074, Block Group 1, Census Tract 904.02, Accomack County, Virginia",0,0,0,0,0,0,0,0,0,0,0,0,0,0,0,0,0,0,0,0,0
510010904022001,"Block 2001, Block Group 2, Census Tract 904.02, Accomack County, Virginia",37,0,27,10,0,0,0,0,0,32,5,21,21,15,6,3,6,0,0,0,0
510010907002031,"Block 2031, Block Group 2, Census Tract 907, Accomack County, Virginia",41,3,29,9,0,0,0,0,0,38,3,29,29,18,2,12,4,19,0,15,4
510010907002034,"Block 2034, Block Group 2, Census Tract 907, Accomack County, Virginia",10,0,8,0,2,0,0,0,0,8,2,7,2,2,1,0,1,2,0,0,2
510010907002038,"Block 2038, Block Group 2, Census Tract 907, Accomack County, Virginia",9,0,9,0,0,0,0,0,0,9,0,3,3,4,1,2,1,0,0,0,0
510010908002033,"Block 2033, Block Group 2, Census Tract 908, Accomack County, Virginia",0,0,0,0,0,0,0,0,0,0,0,0,0,0,0,0,0,0,0,0,0
510010908002036,"Block 2036, Block Group 2, Census Tract 908, Accomack County, Virginia",3,1,0,2,0,0,0,0,0,3,0,3,3,1,0,1,0,0,0,0,0
510010908002039,"Block 2039, Block Group 2, Census Tract 908, Accomack County, Virginia",0,0,0,0,0,0,0,0,0,0,0,0,0,0,0,0,0,0,0,0,0
510010901011027,"Block 1027, Block Group 1, Census Tract 901.01, Accomack County, Virginia",32,1,30,0,0,0,0,0,1,26,6,39,11,22,2,9,11,9,4,1,4
510010901011030,"Block 1030, Block Group 1, Census Tract 901.01, Accomack County, Virginia",9,1,8,0,0,0,0,0,0,9,0,6,6,6,0,3,3,0,0,0,0
510010901011033,"Block 1033, Block Group 1, Census Tract 901.01, Accomack County, Virginia",88,0,86,0,0,0,0,0,2,79,9,82,38,37,7,13,17,10,3,4,3
510010901011037,"Block 1037, Block Group 1, Census Tract 901.01, Accomack County, Virginia",20,0,20,0,0,0,0,0,0,15,5,18,18,9,1,3,5,0,0,0,0
510010901011054,"Block 1054, Block Group 1, Census Tract 901.01, Accomack County, Virginia",9,1,8,0,0,0,0,0,0,9,0,7,7,4,0,3,1,18,3,11,4
510010901011057,"Block 1057, Block Group 1, Census Tract 901.01, Accomack County, Virginia",0,0,0,0,0,0,0,0,0,0,0,3,2,0,0,0,0,0,0,0,0
510010901011060,"Block 1060, Block Group 1, Census Tract 901.01, Accomack County, Virginia",15,0,12,0,0,0,0,0,3,12,3,32,13,3,0,1,2,0,0,0,0
510010901011064,"Block 1064, Block Group 1, Census Tract 901.01, Accomack County, Virginia",4,0,0,0,0,0,0,0,4,4,0,12,1,1,0,0,1,0,0,0,0
510010901012002,"Block 2002, Block Group 2, Census Tract 901.01, Accomack County, Virginia",1,0,0,0,0,0,0,0,1,1,0,4,0,0,0,0,0,0,0,0,0
510010901012005,"Block 2005, Block Group 2, Census Tract 901.01, Accomack County, Virginia",9,0,2,0,0,0,0,2,5,9,0,5,0,2,1,1,0,0,0,0,0
510010901012009,"Block 2009, Block Group 2, Census Tract 901.01, Accomack County, Virginia",48,0,45,0,0,2,0,0,1,48,0,115,34,28,7,8,13,0,0,0,0
510010901012012,"Block 2012, Block Group 2, Census Tract 901.01, Accomack County, Virginia",10,0,6,0,0,0,0,0,4,7,3,3,3,3,0,1,2,0,0,0,0
510010901012015,"Block 2015, Block Group 2, Census Tract 901.01, Accomack County, Virginia",22,1,21,0,0,0,0,0,0,18,4,11,11,7,1,3,3,0,0,0,0
510010901012019,"Block 2019, Block Group 2, Census Tract 901.01, Accomack County, Virginia",0,0,0,0,0,0,0,0,0,0,0,0,0,0,0,0,0,0,0,0,0
510010901021002,"Block 1002, Block Group 1, Census Tract 901.02, Accomack County, Virginia",32,2,25,0,0,2,0,0,3,30,2,42,14,17,4,5,8,0,0,0,0
510010901021019,"Block 1019, Block Group 1, Census Tract 901.02, Accomack County, Virginia",1,0,0,1,0,0,0,0,0,1,0,3,2,6,2,3,1,0,0,0,0
510010901021022,"Block 1022, Block Group 1, Census Tract 901.02, Accomack County, Virginia",154,2,147,3,0,2,0,0,0,123,31,132,71,75,14,28,33,5,2,3,0
510010901021025,"Block 1025, Block Group 1, Census Tract 901.02, Accomack County, Virginia",22,1,19,0,2,0,0,0,0,22,0,36,10,11,3,4,4,0,0,0,0
510010901022003,"Block 2003, Block Group 2, Census Tract 901.02, Accomack County, Virginia",20,2,14,0,1,0,0,0,3,17,3,73,0,8,3,3,2,57,5,32,20
510010901022006,"Block 2006, Block Group 2, Census Tract 901.02, Accomack County, Virginia",134,0,129,0,0,0,0,0,5,117,17,140,53,52,16,18,18,0,0,0,0
510010901022009,"Block 2009, Block Group 2, Census Tract 901.02, Accomack County, Virginia",83,2,79,0,0,0,0,0,2,79,4,159,32,36,10,8,18,6,3,3,0
510010901022013,"Block 2013, Block Group 2, Census Tract 901.02, Accomack County, Virginia",25,0,18,0,1,0,0,0,6,20,5,86,18,7,1,3,3,0,0,0,0
510010901022016,"Block 2016, Block Group 2, Census Tract 901.02, Accomack County, Virginia",16,1,13,0,0,0,0,0,2,15,1,9,8,3,1,1,1,4,1,3,0
510010901022019,"Block 2019, Block Group 2, Census Tract 901.02, Accomack County, Virginia",0,0,0,0,0,0,0,0,0,0,0,0,0,0,0,0,0,0,0,0,0
510010907002040,"Block 2040, Block Group 2, Census Tract 907, Accomack County, Virginia",32,3,28,1,0,0,0,0,0,21,11,11,11,11,4,1,6,0,0,0,0
510010907002044,"Block 2044, Block Group 2, Census Tract 907, Accomack County, Virginia",31,1,22,7,1,0,0,0,0,27,4,11,11,14,0,3,11,0,0,0,0
510010907002047,"Block 2047, Block Group 2, Census Tract 907, Accomack County, Virginia",10,0,7,2,0,0,0,0,1,5,5,4,4,2,0,2,0,0,0,0,0
510010907002050,"Block 2050, Block Group 2, Census Tract 907, Accomack County, Virginia",20,5,9,5,0,0,0,0,1,20,0,7,7,8,3,2,3,0,0,0,0
510010907003002,"Block 3002, Block Group 3, Census Tract 907, Accomack County, Virginia",0,0,0,0,0,0,0,0,0,0,0,0,0,0,0,0,0,0,0,0,0
510010907003006,"Block 3006, Block Group 3, Census Tract 907, Accomack County, Virginia",7,1,0,6,0,0,0,0,0,6,1,2,2,2,0,1,1,0,0,0,0
510010907003025,"Block 3025, Block Group 3, Census Tract 907, Accomack County, Virginia",18,0,18,0,0,0,0,0,0,16,2,6,6,8,1,2,5,0,0,0,0
510010907003028,"Block 3028, Block Group 3, Census Tract 907, Accomack County, Virginia",43,0,6,34,0,0,0,0,3,30,13,14,5,17,5,6,6,0,0,0,0
510010907003031,"Block 3031, Block Group 3, Census Tract 907, Accomack County, Virginia",0,0,0,0,0,0,0,0,0,0,0,0,0,0,0,0,0,0,0,0,0
510010907003035,"Block 3035, Block Group 3, Census Tract 907, Accomack County, Virginia",14,0,12,2,0,0,0,0,0,11,3,7,7,5,0,2,3,0,0,0,0
510010907003038,"Block 3038, Block Group 3, Census Tract 907, Accomack County, Virginia",11,0,11,0,0,0,0,0,0,10,1,7,7,7,3,3,1,1,1,0,0
510010907003041,"Block 3041, Block Group 3, Census Tract 907, Accomack County, Virginia",0,0,0,0,0,0,0,0,0,0,0,0,0,0,0,0,0,0,0,0,0
510010907003045,"Block 3045, Block Group 3, Census Tract 907, Accomack County, Virginia",0,0,0,0,0,0,0,0,0,0,0,0,0,0,0,0,0,0,0,0,0
510010908002043,"Block 2043, Block Group 2, Census Tract 908, Accomack County, Virginia",4,1,3,0,0,0,0,0,0,4,0,2,2,0,0,0,0,0,0,0,0
510010908002046,"Block 2046, Block Group 2, Census Tract 908, Accomack County, Virginia",0,0,0,0,0,0,0,0,0,0,0,0,0,0,0,0,0,0,0,0,0
510010908002050,"Block 2050, Block Group 2, Census Tract 908, Accomack County, Virginia",2,2,0,0,0,0,0,0,0,0,2,1,1,0,0,0,0,0,0,0,0
510010908002067,"Block 2067, Block Group 2, Census Tract 908, Accomack County, Virginia",8,4,3,1,0,0,0,0,0,7,1,2,1,2,0,1,1,0,0,0,0
510010908002070,"Block 2070, Block Group 2, Census Tract 908, Accomack County, Virginia",0,0,0,0,0,0,0,0,0,0,0,0,0,0,0,0,0,0,0,0,0
510010908002073,"Block 2073, Block Group 2, Census Tract 908, Accomack County, Virginia",10,0,6,3,0,0,0,0,1,7,3,6,4,3,2,0,1,0,0,0,0
510010908002077,"Block 2077, Block Group 2, Census Tract 908, Accomack County, Virginia",26,1,21,4,0,0,0,0,0,23,3,15,15,13,1,9,3,0,0,0,0
510010908002080,"Block 2080, Block Group 2, Census Tract 908, Accomack County, Virginia",3,0,3,0,0,0,0,0,0,2,1,4,4,2,1,1,0,0,0,0,0
510010908002083,"Block 2083, Block Group 2, Census Tract 908, Accomack County, Virginia",40,12,28,0,0,0,0,0,0,35,5,20,10,13,2,6,5,0,0,0,0
510010908002087,"Block 2087, Block Group 2, Census Tract 908, Accomack County, Virginia",40,0,2,37,0,0,0,1,0,30,10,16,16,13,4,2,7,0,0,0,0
510010908002090,"Block 2090, Block Group 2, Census Tract 908, Accomack County, Virginia",19,1,3,15,0,0,0,0,0,17,2,12,12,10,5,4,1,1,1,0,0
510010908002093,"Block 2093, Block Group 2, Census Tract 908, Accomack County, Virginia",0,0,0,0,0,0,0,0,0,0,0,0,0,0,0,0,0,0,0,0,0
510010908002096,"Block 2096, Block Group 2, Census Tract 908, Accomack County, Virginia",9,4,3,2,0,0,0,0,0,7,2,6,6,6,1,1,4,4,0,3,1
510010908002100,"Block 2100, Block Group 2, Census Tract 908, Accomack County, Virginia",10,0,4,6,0,0,0,0,0,7,3,4,3,0,0,0,0,0,0,0,0
510010908002118,"Block 2118, Block Group 2, Census Tract 908, Accomack County, Virginia",30,3,23,4,0,0,0,0,0,26,4,17,14,11,0,3,8,0,0,0,0
510010908002121,"Block 2121, Block Group 2, Census Tract 908, Accomack County, Virginia",13,0,12,1,0,0,0,0,0,10,3,4,4,4,0,2,2,0,0,0,0
510010902022044,"Block 2044, Block Group 2, Census Tract 902.02, Accomack County, Virginia",40,0,35,4,0,0,0,0,1,37,3,19,19,19,6,6,7,0,0,0,0
510010902022047,"Block 2047, Block Group 2, Census Tract 902.02, Accomack County, Virginia",23,18,2,3,0,0,0,0,0,12,11,21,20,8,1,3,4,9,0,5,4
510010906001017,"Block 1017, Block Group 1, Census Tract 906, Accomack County, Virginia",0,0,0,0,0,0,0,0,0,0,0,0,0,0,0,0,0,0,0,0,0
510010906001020,"Block 1020, Block Group 1, Census Tract 906, Accomack County, Virginia",0,0,0,0,0,0,0,0,0,0,0,0,0,0,0,0,0,0,0,0,0
510010906001023,"Block 1023, Block Group 1, Census Tract 906, Accomack County, Virginia",0,0,0,0,0,0,0,0,0,0,0,0,0,0,0,0,0,0,0,0,0
510010907004001,"Block 4001, Block Group 4, Census Tract 907, Accomack County, Virginia",30,3,4,23,0,0,0,0,0,28,2,24,24,15,2,4,9,0,0,0,0
510010907004004,"Block 4004, Block Group 4, Census Tract 907, Accomack County, Virginia",43,1,8,34,0,0,0,0,0,43,0,25,25,19,4,8,7,0,0,0,0
510010907004007,"Block 4007, Block Group 4, Census Tract 907, Accomack County, Virginia",39,1,27,7,0,3,0,1,0,31,8,12,0,16,4,6,6,28,0,6,22
510010907004011,"Block 4011, Block Group 4, Census Tract 907, Accomack County, Virginia",8,4,3,0,0,0,0,0,1,4,4,4,0,1,1,0,0,0,0,0,0
510010907004029,"Block 4029, Block Group 4, Census Tract 907, Accomack County, Virginia",4,0,4,0,0,0,0,0,0,0,4,5,5,0,0,0,0,0,0,0,0
510010907004032,"Block 4032, Block Group 4, Census Tract 907, Accomack County, Virginia",35,1,12,21,0,0,0,0,1,26,9,13,3,6,1,0,5,3,0,3,0
510010907004035,"Block 4035, Block Group 4, Census Tract 907, Accomack County, Virginia",44,1,37,1,1,0,0,0,4,28,16,24,24,13,2,4,7,0,0,0,0
510010907005001,"Block 5001, Block Group 5, Census Tract 907, Accomack County, Virginia",0,0,0,0,0,0,0,0,0,0,0,0,0,0,0,0,0,0,0,0,0
510010907005004,"Block 5004, Block Group 5, Census Tract 907, Accomack County, Virginia",0,0,0,0,0,0,0,0,0,0,0,0,0,0,0,0,0,0,0,0,0
510010907005007,"Block 5007, Block Group 5, Census Tract 907, Accomack County, Virginia",0,0,0,0,0,0,0,0,0,0,0,0,0,0,0,0,0,0,0,0,0
510010907005011,"Block 5011, Block Group 5, Census Tract 907, Accomack County, Virginia",1,1,0,0,0,0,0,0,0,0,1,2,0,2,2,0,0,0,0,0,0
510010907005014,"Block 5014, Block Group 5, Census Tract 907, Accomack County, Virginia",0,0,0,0,0,0,0,0,0,0,0,0,0,0,0,0,0,0,0,0,0
510010907005017,"Block 5017, Block Group 5, Census Tract 907, Accomack County, Virginia",0,0,0,0,0,0,0,0,0,0,0,0,0,0,0,0,0,0,0,0,0
510010907005020,"Block 5020, Block Group 5, Census Tract 907, Accomack County, Virginia",0,0,0,0,0,0,0,0,0,0,0,0,0,0,0,0,0,0,0,0,0
510010907005024,"Block 5024, Block Group 5, Census Tract 907, Accomack County, Virginia",7,0,7,0,0,0,0,0,0,7,0,5,5,1,0,1,0,0,0,0,0
510010907005040,"Block 5040, Block Group 5, Census Tract 907, Accomack County, Virginia",12,2,8,0,0,2,0,0,0,9,3,5,0,8,1,5,2,0,0,0,0
510010907005043,"Block 5043, Block Group 5, Census Tract 907, Accomack County, Virginia",7,0,7,0,0,0,0,0,0,6,1,13,9,5,0,1,4,0,0,0,0
510010907005046,"Block 5046, Block Group 5, Census Tract 907, Accomack County, Virginia",1,0,0,0,0,0,0,0,1,1,0,1,1,1,0,1,0,0,0,0,0
510010908002124,"Block 2124, Block Group 2, Census Tract 908, Accomack County, Virginia",0,0,0,0,0,0,0,0,0,0,0,0,0,0,0,0,0,0,0,0,0
510010908002128,"Block 2128, Block Group 2, Census Tract 908, Accomack County, Virginia",0,0,0,0,0,0,0,0,0,0,0,0,0,0,0,0,0,0,0,0,0
510010908002131,"Block 2131, Block Group 2, Census Tract 908, Accomack County, Virginia",0,0,0,0,0,0,0,0,0,0,0,0,0,0,0,0,0,0,0,0,0
510010908002134,"Block 2134, Block Group 2, Census Tract 908, Accomack County, Virginia",0,0,0,0,0,0,0,0,0,0,0,0,0,0,0,0,0,0,0,0,0
510010908002138,"Block 2138, Block Group 2, Census Tract 908, Accomack County, Virginia",4,0,2,1,0,0,0,0,1,3,1,3,0,0,0,0,0,0,0,0,0
510010908002141,"Block 2141, Block Group 2, Census Tract 908, Accomack County, Virginia",2,0,1,0,0,0,0,0,1,1,1,1,1,2,0,1,1,0,0,0,0
510010908002144,"Block 2144, Block Group 2, Census Tract 908, Accomack County, Virginia",38,0,38,0,0,0,0,0,0,29,9,24,18,15,2,8,5,0,0,0,0
510010908002147,"Block 2147, Block Group 2, Census Tract 908, Accomack County, Virginia",0,0,0,0,0,0,0,0,0,0,0,0,0,0,0,0,0,0,0,0,0
510010908002151,"Block 2151, Block Group 2, Census Tract 908, Accomack County, Virginia",0,0,0,0,0,0,0,0,0,0,0,0,0,0,0,0,0,0,0,0,0
510010908003012,"Block 3012, Block Group 3, Census Tract 908, Accomack County, Virginia",23,0,1,22,0,0,0,0,0,16,7,12,12,3,1,1,1,0,0,0,0
510010908003015,"Block 3015, Block Group 3, Census Tract 908, Accomack County, Virginia",24,3,0,21,0,0,0,0,0,11,13,8,8,7,1,3,3,1,0,1,0
510010908003018,"Block 3018, Block Group 3, Census Tract 908, Accomack County, Virginia",3,0,0,1,0,0,0,0,2,2,1,3,3,1,0,0,1,0,0,0,0
510010908003021,"Block 3021, Block Group 3, Census Tract 908, Accomack County, Virginia",67,4,9,52,0,0,0,0,2,49,18,31,20,24,6,13,5,217,20,80,117
510010908003025,"Block 3025, Block Group 3, Census Tract 908, Accomack County, Virginia",25,0,3,22,0,0,0,0,0,22,3,12,12,18,6,7,5,0,0,0,0
510010908003028,"Block 3028, Block Group 3, Census Tract 908, Accomack County, Virginia",173,2,54,116,0,0,0,1,0,123,50,85,73,55,2,29,24,0,0,0,0
510019802001068,"Block 1068, Block Group 1, Census Tract 9802, Accomack County, Virginia",0,0,0,0,0,0,0,0,0,0,0,0,0,3,0,1,2,0,0,0,0
510010902023021,"Block 3021, Block Group 3, Census Tract 902.02, Accomack County, Virginia",20,1,11,3,0,5,0,0,0,10,10,6,0,12,2,2,8,0,0,0,0
510010902023025,"Block 3025, Block Group 3, Census Tract 902.02, Accomack County, Virginia",10,1,6,0,1,2,0,0,0,10,0,1,1,6,0,0,6,0,0,0,0
510010902023028,"Block 3028, Block Group 3, Census Tract 902.02, Accomack County, Virginia",22,2,12,8,0,0,0,0,0,19,3,9,7,10,4,4,2,37,11,21,5
510010902023031,"Block 3031, Block Group 3, Census Tract 902.02, Accomack County, Virginia",0,0,0,0,0,0,0,0,0,0,0,0,0,0,0,0,0,0,0,0,0
510010902023035,"Block 3035, Block Group 3, Census Tract 902.02, Accomack County, Virginia",5,1,1,2,0,1,0,0,0,2,3,3,3,5,0,3,2,0,0,0,0
510010902023038,"Block 3038, Block Group 3, Census Tract 902.02, Accomack County, Virginia",0,0,0,0,0,0,0,0,0,0,0,0,0,0,0,0,0,0,0,0,0
510010903001002,"Block 1002, Block Group 1, Census Tract 903, Accomack County, Virginia",0,0,0,0,0,0,0,0,0,0,0,0,0,0,0,0,0,0,0,0,0
510010903001005,"Block 1005, Block Group 1, Census Tract 903, Accomack County, Virginia",11,1,10,0,0,0,0,0,0,10,1,2,2,2,0,1,1,0,0,0,0
510010903001009,"Block 1009, Block Group 1, Census Tract 903, Accomack County, Virginia",0,0,0,0,0,0,0,0,0,0,0,0,0,0,0,0,0,0,0,0,0
510010903001012,"Block 1012, Block Group 1, Census Tract 903, Accomack County, Virginia",0,0,0,0,0,0,0,0,0,0,0,0,0,0,0,0,0,0,0,0,0
510010903001015,"Block 1015, Block Group 1, Census Tract 903, Accomack County, Virginia",0,0,0,0,0,0,0,0,0,0,0,0,0,0,0,0,0,0,0,0,0
510010903001018,"Block 1018, Block Group 1, Census Tract 903, Accomack County, Virginia",0,0,0,0,0,0,0,0,0,0,0,0,0,0,0,0,0,0,0,0,0
510010903001035,"Block 1035, Block Group 1, Census Tract 903, Accomack County, Virginia",30,2,26,1,0,1,0,0,0,20,10,15,15,12,2,4,6,0,0,0,0
510010903001038,"Block 1038, Block Group 1, Census Tract 903, Accomack County, Virginia",24,1,8,13,0,1,0,0,1,23,1,11,11,20,7,4,9,0,0,0,0
510010903001041,"Block 1041, Block Group 1, Census Tract 903, Accomack County, Virginia",3,0,0,0,0,0,0,0,3,0,3,1,1,0,0,0,0,0,0,0,0
510010906001026,"Block 1026, Block Group 1, Census Tract 906, Accomack County, Virginia",0,0,0,0,0,0,0,0,0,0,0,0,0,0,0,0,0,0,0,0,0
510010906001030,"Block 1030, Block Group 1, Census Tract 906, Accomack County, Virginia",0,0,0,0,0,0,0,0,0,0,0,0,0,0,0,0,0,0,0,0,0
510010906001033,"Block 1033, Block Group 1, Census Tract 906, Accomack County, Virginia",0,0,0,0,0,0,0,0,0,0,0,0,0,0,0,0,0,0,0,0,0
510010906001036,"Block 1036, Block Group 1, Census Tract 906, Accomack County, Virginia",0,0,0,0,0,0,0,0,0,0,0,0,0,0,0,0,0,0,0,0,0
510010906001039,"Block 1039, Block Group 1, Census Tract 906, Accomack County, Virginia",0,0,0,0,0,0,0,0,0,0,0,0,0,0,0,0,0,0,0,0,0
510010906001043,"Block 1043, Block Group 1, Census Tract 906, Accomack County, Virginia",28,0,27,0,0,1,0,0,0,25,3,19,9,12,1,4,7,0,0,0,0
510010906001046,"Block 1046, Block Group 1, Census Tract 906, Accomack County, Virginia",44,0,43,0,0,1,0,0,0,33,11,23,19,20,5,4,11,0,0,0,0
510010906002014,"Block 2014, Block Group 2, Census Tract 906, Accomack County, Virginia",0,0,0,0,0,0,0,0,0,0,0,0,0,0,0,0,0,0,0,0,0
510010906002017,"Block 2017, Block Group 2, Census Tract 906, Accomack County, Virginia",0,0,0,0,0,0,0,0,0,0,0,0,0,0,0,0,0,0,0,0,0
510010906002020,"Block 2020, Block Group 2, Census Tract 906, Accomack County, Virginia",0,0,0,0,0,0,0,0,0,0,0,0,0,0,0,0,0,0,0,0,0
510010906002024,"Block 2024, Block Group 2, Census Tract 906, Accomack County, Virginia",18,1,17,0,0,0,0,0,0,17,1,14,14,12,2,5,5,1,0,0,1
510010906002027,"Block 2027, Block Group 2, Census Tract 906, Accomack County, Virginia",5,1,4,0,0,0,0,0,0,5,0,1,1,2,0,0,2,0,0,0,0
510010906002030,"Block 2030, Block Group 2, Census Tract 906, Accomack County, Virginia",23,0,22,0,0,0,0,0,1,23,0,14,14,5,0,1,4,1,0,0,1
510010906002034,"Block 2034, Block Group 2, Census Tract 906, Accomack County, Virginia",8,1,7,0,0,0,0,0,0,7,1,5,5,4,0,3,1,0,0,0,0
510010906002037,"Block 2037, Block Group 2, Census Tract 906, Accomack County, Virginia",10,0,8,2,0,0,0,0,0,9,1,9,9,5,1,0,4,0,0,0,0
510010906002040,"Block 2040, Block Group 2, Census Tract 906, Accomack County, Virginia",6,1,3,0,1,1,0,0,0,5,1,3,3,1,0,0,1,0,0,0,0
510010906002043,"Block 2043, Block Group 2, Census Tract 906, Accomack County, Virginia",0,0,0,0,0,0,0,0,0,0,0,0,0,0,0,0,0,0,0,0,0
510010906002047,"Block 2047, Block Group 2, Census Tract 906, Accomack County, Virginia",0,0,0,0,0,0,0,0,0,0,0,0,0,0,0,0,0,0,0,0,0
510010906002065,"Block 2065, Block Group 2, Census Tract 906, Accomack County, Virginia",50,5,13,27,0,4,0,0,1,45,5,29,20,41,7,15,19,0,0,0,0
510010906002068,"Block 2068, Block Group 2, Census Tract 906, Accomack County, Virginia",54,4,44,6,0,0,0,0,0,49,5,31,28,22,2,7,13,2,0,2,0
510010906002071,"Block 2071, Block Group 2, Census Tract 906, Accomack County, Virginia",43,4,39,0,0,0,0,0,0,29,14,25,16,22,4,5,13,4,0,1,3
510010906002075,"Block 2075, Block Group 2, Census Tract 906, Accomack County, Virginia",6,1,0,5,0,0,0,0,0,5,1,3,0,5,1,2,2,0,0,0,0
510010906002078,"Block 2078, Block Group 2, Census Tract 906, Accomack County, Virginia",17,1,0,13,0,0,0,0,3,15,2,13,13,11,1,6,4,0,0,0,0
510010906002081,"Block 2081, Block Group 2, Census Tract 906, Accomack County, Virginia",0,0,0,0,0,0,0,0,0,0,0,0,0,0,0,0,0,0,0,0,0
510010906003003,"Block 3003, Block Group 3, Census Tract 906, Accomack County, Virginia",54,0,54,0,0,0,0,0,0,52,2,41,34,21,3,7,11,0,0,0,0
510010906003006,"Block 3006, Block Group 3, Census Tract 906, Accomack County, Virginia",0,0,0,0,0,0,0,0,0,0,0,0,0,0,0,0,0,0,0,0,0
510010906003009,"Block 3009, Block Group 3, Census Tract 906, Accomack County, Virginia",12,0,6,5,0,0,0,0,1,12,0,16,8,2,0,1,1,0,0,0,0
510010906003012,"Block 3012, Block Group 3, Census Tract 906, Accomack County, Virginia",35,0,21,6,1,3,0,0,4,28,7,11,5,11,1,3,7,11,4,2,5
510019802001071,"Block 1071, Block Group 1, Census Tract 9802, Accomack County, Virginia",0,0,0,0,0,0,0,0,0,0,0,0,0,6,1,4,1,0,0,0,0
510019802001075,"Block 1075, Block Group 1, Census Tract 9802, Accomack County, Virginia",0,0,0,0,0,0,0,0,0,0,0,0,0,1,0,0,1,0,0,0,0
510019901000001,"Block 0001, Block Group 0, Census Tract 9901, Accomack County, Virginia",0,0,0,0,0,0,0,0,0,0,0,0,0,0,0,0,0,0,0,0,0
510019901000020,"Block 0020, Block Group 0, Census Tract 9901, Accomack County, Virginia",0,0,0,0,0,0,0,0,0,0,0,0,0,0,0,0,0,0,0,0,0
510019901000023,"Block 0023, Block Group 0, Census Tract 9901, Accomack County, Virginia",0,0,0,0,0,0,0,0,0,0,0,0,0,0,0,0,0,0,0,0,0
510019902000002,"Block 0002, Block Group 0, Census Tract 9902, Accomack County, Virginia",0,0,0,0,0,0,0,0,0,0,0,0,0,0,0,0,0,0,0,0,0
510019902000005,"Block 0005, Block Group 0, Census Tract 9902, Accomack County, Virginia",0,0,0,0,0,0,0,0,0,0,0,0,0,0,0,0,0,0,0,0,0
510019902000008,"Block 0008, Block Group 0, Census Tract 9902, Accomack County, Virginia",0,0,0,0,0,0,0,0,0,0,0,0,0,0,0,0,0,0,0,0,0
510019902000012,"Block 0012, Block Group 0, Census Tract 9902, Accomack County, Virginia",0,0,0,0,0,0,0,0,0,0,0,0,0,0,0,0,0,0,0,0,0
510010903001045,"Block 1045, Block Group 1, Census Tract 903, Accomack County, Virginia",9,2,5,1,0,0,0,0,1,8,1,3,0,1,0,0,1,0,0,0,0
510010903002002,"Block 2002, Block Group 2, Census Tract 903, Accomack County, Virginia",32,0,0,32,0,0,0,0,0,30,2,19,19,26,6,17,3,0,0,0,0
510010903002005,"Block 2005, Block Group 2, Census Tract 903, Accomack County, Virginia",0,0,0,0,0,0,0,0,0,0,0,0,0,0,0,0,0,0,0,0,0
510010903002009,"Block 2009, Block Group 2, Census Tract 903, Accomack County, Virginia",75,9,37,24,0,0,0,0,5,62,13,40,31,37,5,16,16,8,0,0,8
510010903002012,"Block 2012, Block Group 2, Census Tract 903, Accomack County, Virginia",0,0,0,0,0,0,0,0,0,0,0,0,0,0,0,0,0,0,0,0,0
510010903002015,"Block 2015, Block Group 2, Census Tract 903, Accomack County, Virginia",28,3,22,2,0,0,0,0,1,25,3,10,10,16,2,6,8,0,0,0,0
510010903002018,"Block 2018, Block Group 2, Census Tract 903, Accomack County, Virginia",7,1,4,0,0,0,0,0,2,7,0,7,7,1,0,1,0,0,0,0,0
510010903002022,"Block 2022, Block Group 2, Census Tract 903, Accomack County, Virginia",7,0,2,2,0,0,0,0,3,4,3,2,2,5,1,4,0,0,0,0,0
510010903002039,"Block 2039, Block Group 2, Census Tract 903, Accomack County, Virginia",0,0,0,0,0,0,0,0,0,0,0,0,0,0,0,0,0,0,0,0,0
510010903002042,"Block 2042, Block Group 2, Census Tract 903, Accomack County, Virginia",0,0,0,0,0,0,0,0,0,0,0,0,0,0,0,0,0,0,0,0,0
510010903002045,"Block 2045, Block Group 2, Census Tract 903, Accomack County, Virginia",6,0,5,1,0,0,0,0,0,4,2,4,4,2,0,1,1,0,0,0,0
510010903002049,"Block 2049, Block Group 2, Census Tract 903, Accomack County, Virginia",5,0,2,3,0,0,0,0,0,5,0,1,1,4,0,3,1,0,0,0,0
510010903002052,"Block 2052, Block Group 2, Census Tract 903, Accomack County, Virginia",0,0,0,0,0,0,0,0,0,0,0,0,0,0,0,0,0,0,0,0,0
510010903002055,"Block 2055, Block Group 2, Census Tract 903, Accomack County, Virginia",20,2,12,5,1,0,0,0,0,12,8,7,7,7,0,3,4,0,0,0,0
510010903002058,"Block 2058, Block Group 2, Census Tract 903, Accomack County, Virginia",0,0,0,0,0,0,0,0,0,0,0,0,0,0,0,0,0,0,0,0,0
510010904022013,"Block 2013, Block Group 2, Census Tract 904.02, Accomack County, Virginia",5,1,0,3,0,0,0,0,1,1,4,9,0,2,0,1,1,0,0,0,0
510010904022016,"Block 2016, Block Group 2, Census Tract 904.02, Accomack County, Virginia",0,0,0,0,0,0,0,0,0,0,0,0,0,0,0,0,0,0,0,0,0
510010904022019,"Block 2019, Block Group 2, Census Tract 904.02, Accomack County, Virginia",18,2,10,6,0,0,0,0,0,13,5,8,6,6,1,3,2,957,130,299,528
510010906003016,"Block 3016, Block Group 3, Census Tract 906, Accomack County, Virginia",23,0,5,13,0,0,0,1,4,21,2,10,0,5,0,2,3,0,0,0,0
510010906003034,"Block 3034, Block Group 3, Census Tract 906, Accomack County, Virginia",8,1,4,2,0,0,0,0,1,7,1,6,3,2,0,1,1,0,0,0,0
510010904022030,"Block 2030, Block Group 2, Census Tract 904.02, Accomack County, Virginia",26,2,20,4,0,0,0,0,0,23,3,13,13,9,0,4,5,0,0,0,0
510010904022033,"Block 2033, Block Group 2, Census Tract 904.02, Accomack County, Virginia",56,0,44,11,0,0,0,0,1,41,15,23,9,17,3,7,7,0,0,0,0
510010904022036,"Block 2036, Block Group 2, Census Tract 904.02, Accomack County, Virginia",0,0,0,0,0,0,0,0,0,0,0,0,0,0,0,0,0,0,0,0,0
510010904022040,"Block 2040, Block Group 2, Census Tract 904.02, Accomack County, Virginia",0,0,0,0,0,0,0,0,0,0,0,0,0,0,0,0,0,30,6,13,11
510010904022043,"Block 2043, Block Group 2, Census Tract 904.02, Accomack County, Virginia",29,1,26,0,0,0,0,0,2,27,2,19,19,8,1,5,2,0,0,0,0
510010904022046,"Block 2046, Block Group 2, Census Tract 904.02, Accomack County, Virginia",0,0,0,0,0,0,0,0,0,0,0,0,0,0,0,0,0,0,0,0,0
510010904022050,"Block 2050, Block Group 2, Census Tract 904.02, Accomack County, Virginia",0,0,0,0,0,0,0,0,0,0,0,0,0,0,0,0,0,0,0,0,0
510010904022053,"Block 2053, Block Group 2, Census Tract 904.02, Accomack County, Virginia",35,6,9,18,0,0,0,0,2,16,19,22,11,9,3,3,3,0,0,0,0
510010904022056,"Block 2056, Block Group 2, Census Tract 904.02, Accomack County, Virginia",51,7,4,40,0,0,0,0,0,40,11,33,24,24,6,13,5,0,0,0,0
510010904022060,"Block 2060, Block Group 2, Census Tract 904.02, Accomack County, Virginia",0,0,0,0,0,0,0,0,0,0,0,0,0,0,0,0,0,0,0,0,0
510010904022063,"Block 2063, Block Group 2, Census Tract 904.02, Accomack County, Virginia",0,0,0,0,0,0,0,0,0,0,0,0,0,0,0,0,0,0,0,0,0
510010904022066,"Block 2066, Block Group 2, Census Tract 904.02, Accomack County, Virginia",0,0,0,0,0,0,0,0,0,0,0,0,0,0,0,0,0,0,0,0,0
510010904022082,"Block 2082, Block Group 2, Census Tract 904.02, Accomack County, Virginia",0,0,0,0,0,0,0,0,0,0,0,0,0,0,0,0,0,0,0,0,0
510010904022085,"Block 2085, Block Group 2, Census Tract 904.02, Accomack County, Virginia",0,0,0,0,0,0,0,0,0,0,0,0,0,0,0,0,0,0,0,0,0
510010904022088,"Block 2088, Block Group 2, Census Tract 904.02, Accomack County, Virginia",0,0,0,0,0,0,0,0,0,0,0,0,0,0,0,0,0,0,0,0,0
510010905001001,"Block 1001, Block Group 1, Census Tract 905, Accomack County, Virginia",0,0,0,0,0,0,0,0,0,0,0,0,0,0,0,0,0,0,0,0,0
510010905001004,"Block 1004, Block Group 1, Census Tract 905, Accomack County, Virginia",0,0,0,0,0,0,0,0,0,0,0,0,0,0,0,0,0,0,0,0,0
510010905001007,"Block 1007, Block Group 1, Census Tract 905, Accomack County, Virginia",0,0,0,0,0,0,0,0,0,0,0,0,0,0,0,0,0,0,0,0,0
510010905001010,"Block 1010, Block Group 1, Census Tract 905, Accomack County, Virginia",0,0,0,0,0,0,0,0,0,0,0,0,0,0,0,0,0,0,0,0,0
510010905001014,"Block 1014, Block Group 1, Census Tract 905, Accomack County, Virginia",7,1,6,0,0,0,0,0,0,5,2,8,6,3,0,1,2,1,0,1,0
510010905001017,"Block 1017, Block Group 1, Census Tract 905, Accomack County, Virginia",0,0,0,0,0,0,0,0,0,0,0,0,0,0,0,0,0,0,0,0,0
510010905001020,"Block 1020, Block Group 1, Census Tract 905, Accomack County, Virginia",22,0,19,3,0,0,0,0,0,18,4,10,10,7,0,0,7,0,0,0,0
510010905001023,"Block 1023, Block Group 1, Census Tract 905, Accomack County, Virginia",0,0,0,0,0,0,0,0,0,0,0,0,0,0,0,0,0,0,0,0,0
510010905001042,"Block 1042, Block Group 1, Census Tract 905, Accomack County, Virginia",0,0,0,0,0,0,0,0,0,0,0,0,0,0,0,0,0,0,0,0,0
510010905002000,"Block 2000, Block Group 2, Census Tract 905, Accomack County, Virginia",12,0,11,1,0,0,0,0,0,6,6,4,0,5,1,2,2,0,0,0,0
510010905002003,"Block 2003, Block Group 2, Census Tract 905, Accomack County, Virginia",25,2,22,0,0,0,0,0,1,21,4,12,6,8,0,5,3,0,0,0,0
510010905002006,"Block 2006, Block Group 2, Census Tract 905, Accomack County, Virginia",16,0,13,1,0,0,0,0,2,7,9,3,0,12,2,5,5,0,0,0,0
510010905002009,"Block 2009, Block Group 2, Census Tract 905, Accomack County, Virginia",0,0,0,0,0,0,0,0,0,0,0,0,0,0,0,0,0,0,0,0,0
510010905002013,"Block 2013, Block Group 2, Census Tract 905, Accomack County, Virginia",16,0,11,3,0,2,0,0,0,14,2,9,0,13,3,3,7,0,0,0,0
510010905002016,"Block 2016, Block Group 2, Census Tract 905, Accomack County, Virginia",0,0,0,0,0,0,0,0,0,0,0,0,0,0,0,0,0,0,0,0,0
510010905002019,"Block 2019, Block Group 2, Census Tract 905, Accomack County, Virginia",0,0,0,0,0,0,0,0,0,0,0,0,0,0,0,0,0,0,0,0,0
